mens,womens,recency,history,zip_code,newbie,channel,visit,conversion,spend
0,1,3,601.1854582811195,Rural,1,Web,0,0,0.0
1,0,1,60.164564837436785,Suburban,0,Web,0,0,0.0
1,0,2,234.9595597711904,Urban,0,Phone,1,1,74.44541658128009
1,0,1,46.120752438982265,Rural,0,Web,0,0,0.0
1,0,1,19.5917132375239,Suburban,0,Multichannel,1,0,0.0
0,0,6,264.7591593969083,Urban,1,Web,0,0,0.0
1,0,1,37.95982815926338,Rural,1,Phone,0,0,0.0
0,0,1,257.57094799592136,Urban,0,Phone,0,0,0.0
0,0,5,700.6191463792118,Urban,1,Web,1,0,0.0
0,1,5,10.0,Suburban,0,Phone,1,0,0.0
0,0,11,174.41390707202777,Suburban,0,Phone,0,0,0.0
0,1,2,131.5507967338095,Suburban,0,Web,0,0,0.0
0,0,5,79.0078092985386,Suburban,0,Web,0,0,0.0
1,0,5,473.9304009978994,Rural,0,Web,0,0,0.0
0,0,7,114.3497909582446,Urban,1,Multichannel,0,0,0.0
1,0,12,446.3734694870074,Suburban,0,Phone,1,0,0.0
0,0,2,697.7202707693873,Suburban,0,Multichannel,0,0,0.0
0,0,1,108.36180299846505,Suburban,0,Web,0,0,0.0
0,0,4,81.92555351161803,Suburban,0,Multichannel,1,0,0.0
0,0,12,122.12829506059056,Rural,1,Multichannel,0,0,0.0
0,0,12,54.72899256496034,Suburban,0,Web,0,0,0.0
1,0,2,65.97631830123257,Urban,0,Web,0,0,0.0
0,1,2,364.8522409196699,Suburban,0,Multichannel,0,0,0.0
1,0,11,442.2870239105603,Urban,1,Web,0,0,0.0
1,0,11,483.9202255094792,Urban,0,Web,0,0,0.0
0,0,9,284.59811705509156,Suburban,0,Web,0,0,0.0
1,0,10,127.3801170468241,Urban,0,Multichannel,0,0,0.0
0,0,3,60.82085929201797,Suburban,0,Web,0,0,0.0
0,1,8,448.18639069477024,Rural,0,Web,0,0,0.0
0,1,2,551.5813882246556,Suburban,0,Web,0,0,0.0
0,0,3,63.374840869570924,Suburban,0,Web,0,0,0.0
0,0,5,626.6990396632295,Suburban,0,Web,1,0,0.0
0,1,1,288.3022599774381,Urban,0,Web,0,0,0.0
1,0,1,107.5241045446729,Urban,0,Phone,1,0,0.0
0,0,6,60.92801117788392,Suburban,1,Web,0,0,0.0
0,1,9,43.9261033184143,Urban,1,Phone,1,0,0.0
0,0,6,313.01857351716995,Suburban,1,Multichannel,0,0,0.0
0,0,11,42.630226670236716,Urban,1,Multichannel,1,0,0.0
0,1,7,121.02791494807066,Rural,0,Web,0,0,0.0
0,1,1,33.18125256232349,Urban,0,Multichannel,1,0,0.0
1,0,8,123.92403062816766,Suburban,0,Web,1,0,0.0
0,0,12,10.823243360101959,Urban,1,Web,1,0,0.0
1,0,1,12.85843910279359,Suburban,1,Web,1,0,0.0
1,0,6,657.524027242972,Suburban,1,Web,0,0,0.0
0,0,6,259.0456850495722,Suburban,0,Phone,0,0,0.0
1,0,10,284.12471936475214,Suburban,0,Multichannel,0,0,0.0
0,1,1,148.2126087557764,Suburban,0,Multichannel,0,0,0.0
1,0,12,802.6815500790855,Rural,1,Web,1,0,0.0
1,0,11,309.66400866428927,Suburban,1,Web,0,0,0.0
0,0,5,17.156524387937168,Urban,0,Phone,0,0,0.0
0,1,5,372.45936723313577,Rural,0,Multichannel,0,0,0.0
0,0,12,119.49732278001942,Rural,0,Web,0,0,0.0
0,0,11,21.87874873832833,Urban,0,Phone,0,0,0.0
1,0,4,356.1510279426109,Rural,0,Web,0,0,0.0
0,1,9,92.77519369942414,Rural,1,Multichannel,0,0,0.0
1,0,11,297.09888601107434,Suburban,0,Phone,0,0,0.0
0,1,4,23.552816546694526,Suburban,1,Phone,0,0,0.0
0,0,1,369.11155382259324,Suburban,0,Web,0,0,0.0
0,1,10,38.207435340028574,Suburban,0,Phone,0,0,0.0
1,0,1,135.55522366479178,Urban,0,Web,1,0,0.0
1,0,11,183.88184665490036,Rural,0,Web,0,0,0.0
1,0,5,298.3280883992605,Urban,0,Web,0,0,0.0
0,1,7,75.13487818715248,Suburban,0,Multichannel,0,0,0.0
1,0,4,170.19463948912235,Suburban,1,Multichannel,0,0,0.0
0,1,8,260.30192102596936,Suburban,0,Web,0,0,0.0
0,0,2,244.48075559480895,Suburban,0,Web,1,0,0.0
1,0,9,112.37290084696706,Rural,0,Multichannel,0,0,0.0
1,0,2,66.59377789952309,Suburban,0,Web,0,0,0.0
1,0,5,224.70653255552543,Rural,1,Web,0,0,0.0
0,1,6,21.681965434266004,Urban,1,Multichannel,0,0,0.0
0,1,2,763.7837503107077,Urban,1,Web,1,0,0.0
0,0,6,129.13656220914314,Rural,0,Web,0,0,0.0
0,0,1,69.03068332759321,Urban,1,Web,1,0,0.0
0,0,11,787.0947367022461,Suburban,0,Web,0,0,0.0
1,0,3,664.6161637245102,Suburban,1,Phone,1,0,0.0
0,1,10,42.29265781255092,Suburban,1,Phone,0,0,0.0
1,0,7,745.309154397917,Rural,0,Phone,0,0,0.0
1,0,3,87.49028455068672,Rural,1,Phone,0,0,0.0
1,0,5,827.6399924758575,Suburban,1,Web,1,0,0.0
0,0,8,212.3172666724445,Urban,0,Multichannel,0,0,0.0
0,1,6,156.54345743041827,Suburban,0,Multichannel,0,0,0.0
0,0,7,52.437861115347516,Urban,0,Web,1,0,0.0
1,0,11,27.70709642104745,Urban,0,Web,0,0,0.0
1,0,6,10.0,Urban,1,Web,0,0,0.0
0,1,1,57.77532309302696,Suburban,0,Web,0,0,0.0
1,0,5,129.4630569885074,Suburban,0,Web,0,0,0.0
0,0,5,245.22571383631814,Suburban,0,Web,1,0,0.0
0,0,1,231.5703551176479,Suburban,0,Multichannel,0,0,0.0
0,1,12,137.71596066558268,Urban,0,Web,0,0,0.0
0,0,11,1451.0339432151159,Suburban,1,Multichannel,0,0,0.0
1,0,11,204.9910817909731,Urban,1,Web,0,0,0.0
1,0,4,94.56561601813189,Suburban,1,Multichannel,0,0,0.0
0,0,12,617.5470324257444,Urban,0,Web,0,0,0.0
0,1,10,89.41845510091512,Suburban,0,Web,0,0,0.0
0,1,11,289.74971007662225,Suburban,1,Phone,0,0,0.0
0,0,8,174.0660760478262,Suburban,1,Multichannel,0,0,0.0
0,1,1,536.4904565707876,Suburban,1,Web,0,0,0.0
0,1,1,1000.7021951669053,Suburban,0,Phone,1,1,32.91072524182301
1,0,7,102.94910239297768,Urban,0,Web,0,0,0.0
0,1,1,15.43710772748468,Suburban,1,Web,0,0,0.0
0,1,12,121.98319197011467,Suburban,0,Phone,0,0,0.0
0,0,1,36.862964143814025,Urban,0,Phone,0,0,0.0
0,0,8,375.77708376271204,Suburban,1,Multichannel,0,0,0.0
0,1,9,53.50585489135929,Suburban,1,Multichannel,0,0,0.0
0,0,5,239.81737680214349,Suburban,0,Web,0,0,0.0
0,1,1,69.55123039928719,Suburban,1,Phone,0,0,0.0
0,0,12,209.11974661555368,Rural,0,Phone,0,0,0.0
1,0,4,297.13517692948665,Rural,0,Web,1,0,0.0
0,0,12,1292.0876990582904,Suburban,1,Phone,1,0,0.0
0,0,4,569.5503406005324,Urban,0,Multichannel,0,0,0.0
0,1,1,160.4543664240756,Suburban,0,Phone,1,0,0.0
0,1,12,52.91076993480791,Urban,0,Phone,0,0,0.0
1,0,1,241.07413064476935,Suburban,1,Web,0,0,0.0
0,1,11,60.30996079899673,Urban,0,Web,0,0,0.0
0,0,3,295.95335425515304,Suburban,0,Multichannel,0,0,0.0
0,1,3,155.0582013671563,Rural,0,Web,0,0,0.0
1,0,2,369.95660025872354,Suburban,1,Web,0,0,0.0
0,1,5,509.35351792620213,Urban,0,Multichannel,0,0,0.0
0,1,2,96.3710854262198,Suburban,0,Multichannel,0,0,0.0
0,1,1,268.8195146130131,Rural,1,Web,0,0,0.0
0,1,4,153.2501381493392,Suburban,0,Web,1,0,0.0
0,0,5,132.91878248988792,Urban,0,Web,0,0,0.0
0,0,12,71.88440204185015,Suburban,0,Multichannel,0,0,0.0
1,0,11,14.72009123021234,Urban,0,Web,0,0,0.0
1,0,5,82.67434336151845,Suburban,0,Web,0,0,0.0
1,0,1,230.22249937780558,Suburban,0,Web,0,0,0.0
0,0,7,110.9034294598186,Suburban,0,Web,0,0,0.0
1,0,4,97.33790914521198,Urban,0,Multichannel,0,0,0.0
0,1,3,118.82073772955934,Suburban,1,Web,1,0,0.0
1,0,11,25.77169226885069,Rural,1,Web,0,0,0.0
1,0,4,105.53521404367876,Urban,0,Web,0,0,0.0
0,1,3,184.91452063144206,Urban,0,Phone,0,0,0.0
0,1,2,296.82318458217134,Urban,0,Multichannel,0,0,0.0
0,0,4,135.6477730856083,Suburban,0,Multichannel,0,0,0.0
0,0,12,147.08977957767758,Suburban,0,Web,1,1,33.217621297823285
1,0,4,49.31631927445736,Suburban,1,Web,0,0,0.0
1,0,11,249.17162131001373,Suburban,0,Web,0,0,0.0
1,0,4,174.3246166170621,Urban,0,Multichannel,1,0,0.0
0,1,5,57.17295608300051,Rural,0,Multichannel,0,0,0.0
0,0,3,101.39668472380367,Suburban,1,Multichannel,0,0,0.0
1,0,12,241.99433900916932,Suburban,0,Multichannel,0,0,0.0
0,0,2,92.5662257969327,Suburban,0,Phone,0,0,0.0
0,0,2,34.36217410829824,Rural,0,Web,0,0,0.0
1,0,12,39.45041649745845,Suburban,1,Web,0,0,0.0
1,0,10,153.77827040177763,Rural,0,Phone,1,0,0.0
0,0,5,215.52964721359746,Suburban,0,Phone,0,0,0.0
1,0,11,187.9699694198716,Urban,0,Web,0,0,0.0
0,1,9,217.88583701788937,Rural,0,Web,0,0,0.0
1,0,12,93.8552560673308,Urban,0,Web,0,0,0.0
1,0,1,10.0,Suburban,1,Multichannel,0,0,0.0
0,0,11,1428.2125226286548,Suburban,0,Phone,0,0,0.0
0,1,11,38.29708669182355,Suburban,1,Web,0,0,0.0
0,0,12,157.67398538333975,Suburban,0,Multichannel,1,0,0.0
0,1,3,171.8112731966761,Urban,0,Multichannel,0,0,0.0
0,1,10,17.40677368673809,Urban,0,Multichannel,0,0,0.0
0,1,11,35.62922738394477,Urban,1,Web,1,0,0.0
1,0,1,27.881371921544016,Rural,0,Phone,0,0,0.0
1,0,9,96.51029933406245,Rural,0,Web,0,0,0.0
1,0,12,312.8206945079689,Suburban,0,Multichannel,0,0,0.0
0,0,7,166.50076090183367,Rural,0,Multichannel,0,0,0.0
0,0,4,826.4920996295199,Urban,0,Multichannel,1,0,0.0
0,1,3,37.239216548806546,Urban,0,Multichannel,0,0,0.0
0,0,11,207.10742384807537,Suburban,0,Multichannel,0,0,0.0
1,0,7,28.381356775830863,Urban,0,Web,0,0,0.0
0,1,10,105.54981638092138,Urban,0,Web,0,0,0.0
1,0,12,183.1287633510358,Suburban,0,Web,0,0,0.0
0,1,12,155.53838837145463,Suburban,1,Multichannel,0,0,0.0
0,0,1,656.4821503823941,Urban,0,Web,0,0,0.0
0,1,12,334.34365061796547,Suburban,0,Multichannel,1,0,0.0
0,1,5,108.43376798991908,Urban,0,Web,1,0,0.0
0,0,12,153.9103253384664,Suburban,1,Multichannel,0,0,0.0
0,1,12,176.3630552274284,Suburban,0,Phone,0,0,0.0
1,0,1,789.4260801277929,Suburban,0,Web,0,0,0.0
0,0,3,70.75212140720498,Rural,0,Phone,1,1,17.3326987627777
0,1,2,695.7782710994619,Rural,0,Multichannel,0,0,0.0
0,0,4,45.92198451582746,Suburban,0,Web,0,0,0.0
1,0,12,919.8647145855618,Suburban,0,Phone,0,0,0.0
0,1,1,49.91598243024053,Suburban,0,Multichannel,0,0,0.0
1,0,8,237.37361851598618,Urban,1,Web,0,0,0.0
0,1,4,135.36892400045525,Suburban,0,Web,0,0,0.0
0,1,4,34.62461415413861,Suburban,1,Web,0,0,0.0
0,0,4,38.84413718792247,Suburban,0,Phone,0,0,0.0
1,0,1,783.5706641042987,Urban,0,Multichannel,0,0,0.0
0,0,2,223.3774401978304,Suburban,1,Phone,0,0,0.0
0,1,5,312.98665163598656,Suburban,0,Phone,0,0,0.0
0,0,6,200.9443240755242,Rural,1,Multichannel,0,0,0.0
1,0,1,897.0885281798786,Suburban,0,Web,0,0,0.0
0,0,1,210.88099889442657,Suburban,1,Multichannel,1,0,0.0
1,0,1,337.8477692026887,Urban,0,Multichannel,1,1,10.0
0,0,4,189.5186915531159,Urban,0,Web,0,0,0.0
0,1,2,146.46966404815038,Suburban,0,Web,1,0,0.0
0,0,6,44.4948431469878,Suburban,0,Web,1,1,10.749204305072587
0,1,9,62.27277141117791,Urban,0,Web,0,0,0.0
0,1,1,114.06097785603515,Suburban,0,Multichannel,0,0,0.0
0,1,5,106.88656043783193,Urban,0,Multichannel,0,0,0.0
1,0,1,10.0,Urban,0,Multichannel,0,0,0.0
0,0,12,142.98419335938257,Rural,0,Phone,1,0,0.0
0,1,11,16.476420316931264,Rural,0,Multichannel,0,0,0.0
0,1,7,179.1355866013762,Urban,0,Web,1,0,0.0
0,0,8,233.67869373066569,Urban,0,Web,0,0,0.0
0,1,7,61.298048826593806,Urban,0,Web,0,0,0.0
0,1,1,136.96471992057815,Urban,0,Phone,1,0,0.0
1,0,11,54.2161589262326,Urban,0,Multichannel,0,0,0.0
0,0,5,165.65237740243595,Suburban,0,Phone,0,0,0.0
1,0,11,45.53762680171708,Suburban,0,Multichannel,1,0,0.0
1,0,11,201.07705157037714,Rural,0,Web,0,0,0.0
0,0,3,22.958207222286497,Suburban,0,Phone,0,0,0.0
0,1,12,255.47453489431587,Suburban,0,Multichannel,0,0,0.0
1,0,2,173.24376549255663,Rural,0,Web,0,0,0.0
1,0,3,322.01640883210456,Urban,0,Multichannel,0,0,0.0
0,0,11,61.44170426386967,Suburban,1,Phone,1,0,0.0
0,1,11,53.13624829886861,Suburban,0,Multichannel,0,0,0.0
1,0,12,937.7539279483997,Suburban,0,Phone,0,0,0.0
1,0,3,87.93829370329195,Suburban,0,Phone,0,0,0.0
1,0,2,185.87773129556615,Rural,1,Web,1,0,0.0
0,0,4,40.31973141081004,Urban,0,Web,0,0,0.0
0,1,2,450.16290597936296,Urban,0,Web,1,0,0.0
0,0,7,31.955744337903017,Urban,1,Web,0,0,0.0
0,0,3,158.43358907842142,Rural,0,Web,1,0,0.0
0,0,12,186.27976182176167,Suburban,0,Multichannel,1,0,0.0
0,1,1,61.17957639030426,Suburban,0,Multichannel,0,0,0.0
0,0,12,1418.4342774893576,Suburban,0,Web,0,0,0.0
0,1,1,11.28773518169116,Urban,1,Web,1,0,0.0
0,1,5,411.41562448052076,Rural,0,Multichannel,0,0,0.0
0,0,3,145.30474375515348,Suburban,0,Multichannel,0,0,0.0
0,1,4,89.88216129964692,Rural,0,Web,0,0,0.0
0,0,3,51.97819817469337,Suburban,1,Multichannel,0,0,0.0
0,1,8,67.9226364368989,Suburban,0,Web,0,0,0.0
0,1,11,654.1188205917928,Rural,0,Multichannel,0,0,0.0
0,1,10,1475.3422560303652,Rural,0,Phone,0,0,0.0
1,0,2,217.3322696114693,Urban,0,Web,1,0,0.0
0,1,2,439.59864329689975,Rural,0,Multichannel,0,0,0.0
0,0,7,190.1405034716772,Suburban,0,Phone,0,0,0.0
0,0,5,105.0417254383617,Suburban,0,Multichannel,0,0,0.0
1,0,3,460.08116184547663,Suburban,0,Web,0,0,0.0
0,1,11,109.90239765471156,Urban,0,Web,0,0,0.0
0,1,2,60.789853672452615,Rural,1,Web,0,0,0.0
0,1,2,1032.4646731377527,Suburban,0,Web,0,0,0.0
0,1,1,54.49411664117049,Suburban,0,Web,0,0,0.0
0,1,4,170.60046967567246,Suburban,0,Web,0,0,0.0
0,1,1,41.404090723150006,Suburban,1,Phone,0,0,0.0
0,1,8,420.87691118576794,Rural,0,Phone,0,0,0.0
1,0,1,61.73464728827437,Suburban,1,Phone,1,0,0.0
0,1,12,94.17537990054008,Urban,0,Multichannel,0,0,0.0
0,1,2,10.0,Suburban,1,Multichannel,0,0,0.0
0,1,2,47.06878057586713,Suburban,0,Multichannel,0,0,0.0
1,0,1,100.95627269252324,Urban,1,Multichannel,0,0,0.0
0,1,12,348.6651675255772,Suburban,0,Web,1,0,0.0
0,0,7,446.1964584433389,Suburban,0,Multichannel,0,0,0.0
1,0,12,257.7472366609845,Suburban,0,Web,0,0,0.0
0,0,9,85.01837554694403,Urban,0,Multichannel,0,0,0.0
0,1,5,483.3451059802822,Urban,0,Web,0,0,0.0
0,1,4,60.73003405297865,Rural,0,Web,1,0,0.0
1,0,12,260.20915118893487,Suburban,0,Multichannel,0,0,0.0
0,1,2,172.454813668454,Suburban,0,Web,1,1,17.64312509814205
0,1,4,102.44454721873021,Suburban,0,Phone,0,0,0.0
0,1,8,81.35518439401102,Suburban,0,Multichannel,1,0,0.0
0,0,9,40.725416615927756,Rural,1,Web,0,0,0.0
0,0,6,648.583544296048,Suburban,0,Phone,0,0,0.0
0,0,12,50.317155707719145,Rural,0,Web,0,0,0.0
1,0,12,65.03601748958178,Suburban,1,Phone,0,0,0.0
0,0,6,131.92012628174,Urban,0,Web,0,0,0.0
0,0,2,79.0346276936972,Suburban,0,Web,0,0,0.0
0,0,6,49.8232259637872,Suburban,0,Web,1,0,0.0
0,1,12,468.48649592859624,Suburban,0,Web,0,0,0.0
0,0,5,36.59532586663129,Suburban,1,Phone,1,0,0.0
0,0,4,361.92155214163853,Rural,0,Phone,0,0,0.0
1,0,11,55.98875993442449,Suburban,1,Multichannel,0,0,0.0
1,0,8,26.479368415658886,Suburban,0,Phone,0,0,0.0
0,0,12,984.0566344695185,Suburban,0,Multichannel,0,0,0.0
0,1,6,89.8715581703998,Rural,1,Web,0,0,0.0
1,0,11,34.998124446807665,Urban,0,Web,0,0,0.0
1,0,6,112.37308360991551,Suburban,0,Web,0,0,0.0
0,0,1,165.95991992231342,Suburban,0,Web,1,0,0.0
1,0,1,77.37600256680173,Urban,0,Multichannel,0,0,0.0
1,0,3,167.37743226823582,Urban,1,Web,0,0,0.0
0,1,2,57.54133150402162,Suburban,0,Web,1,0,0.0
0,1,12,440.6509851124872,Suburban,1,Phone,0,0,0.0
0,1,11,183.34325633891936,Suburban,0,Multichannel,0,0,0.0
0,1,1,314.3982760716251,Rural,1,Web,0,0,0.0
0,0,3,56.34640369271763,Rural,0,Multichannel,0,0,0.0
0,0,3,234.68481813795484,Suburban,0,Web,0,0,0.0
0,0,11,56.53506900536947,Urban,0,Web,0,0,0.0
0,1,5,460.2347533339177,Rural,0,Web,0,0,0.0
0,1,5,17.2222131687043,Urban,0,Web,0,0,0.0
1,0,12,398.17679412941345,Rural,0,Phone,0,0,0.0
1,0,12,310.29255282583307,Suburban,0,Multichannel,0,0,0.0
0,0,1,167.3909737120959,Urban,0,Web,0,0,0.0
0,0,2,36.74651853227264,Rural,0,Multichannel,0,0,0.0
0,0,2,53.06699952474289,Rural,0,Multichannel,1,1,86.3207342928479
0,1,12,260.0519184304467,Rural,0,Phone,0,0,0.0
0,1,9,367.16367639760597,Suburban,0,Web,1,0,0.0
0,1,6,141.4622013670878,Suburban,1,Multichannel,0,0,0.0
0,1,3,71.99048193914585,Urban,0,Phone,0,0,0.0
1,0,2,130.52383882068983,Suburban,0,Phone,0,0,0.0
0,1,1,128.0096872571403,Suburban,0,Phone,0,0,0.0
0,1,2,61.19568469762722,Suburban,0,Web,0,0,0.0
0,1,9,58.80522344214518,Urban,0,Multichannel,0,0,0.0
0,1,2,524.2104666353532,Suburban,0,Multichannel,1,1,71.5003293082746
1,0,5,40.03189912548732,Rural,1,Web,0,0,0.0
0,0,5,293.40651729997586,Urban,0,Phone,0,0,0.0
0,1,11,52.07531321096863,Urban,0,Multichannel,0,0,0.0
0,0,11,31.67508604975794,Rural,1,Phone,0,0,0.0
0,0,1,75.81030742502219,Urban,0,Phone,0,0,0.0
0,1,1,143.44732301573703,Urban,1,Web,0,0,0.0
1,0,5,424.2449508721682,Rural,0,Web,0,0,0.0
1,0,12,197.38434476092235,Urban,0,Multichannel,0,0,0.0
1,0,11,219.39010184899544,Suburban,0,Phone,0,0,0.0
0,0,4,66.7582481229729,Suburban,0,Web,1,0,0.0
1,0,1,58.390444648755256,Rural,0,Multichannel,0,0,0.0
1,0,11,287.0018525365161,Rural,1,Phone,0,0,0.0
0,0,1,228.85328574501565,Suburban,0,Web,1,0,0.0
0,0,3,214.80787101486754,Suburban,0,Web,0,0,0.0
0,1,12,88.40900717300428,Urban,0,Multichannel,0,0,0.0
1,0,2,275.9988204715521,Urban,0,Multichannel,0,0,0.0
0,1,11,174.39208557490178,Suburban,1,Web,1,0,0.0
0,0,2,588.6429766253208,Suburban,0,Phone,1,1,65.32883016824452
1,0,11,213.23650391087344,Urban,0,Phone,0,0,0.0
0,0,3,231.86433926395864,Rural,0,Phone,0,0,0.0
0,0,2,14.990164145960362,Urban,0,Web,0,0,0.0
0,1,3,82.7466310824615,Rural,0,Web,0,0,0.0
0,1,2,127.09821405735079,Suburban,0,Web,0,0,0.0
0,0,12,518.5034974152439,Suburban,0,Web,0,0,0.0
0,1,1,75.37296649992986,Rural,0,Web,0,0,0.0
0,1,7,83.20309080574212,Suburban,1,Web,0,0,0.0
1,0,1,126.94099461546269,Urban,0,Web,0,0,0.0
1,0,4,603.4044874412623,Suburban,0,Multichannel,0,0,0.0
0,1,3,397.35068906671796,Rural,1,Web,0,0,0.0
0,0,7,289.6432306357407,Rural,0,Phone,1,0,0.0
1,0,4,32.06698459882319,Suburban,0,Web,0,0,0.0
0,1,3,100.6277082455662,Suburban,0,Phone,0,0,0.0
1,0,1,494.0849044987977,Suburban,0,Multichannel,0,0,0.0
0,1,9,302.56977423346933,Suburban,0,Web,0,0,0.0
0,1,9,275.7149849402829,Rural,0,Multichannel,1,0,0.0
0,0,5,75.39395942596245,Urban,0,Web,1,1,14.080458059466686
1,0,3,779.5696938355785,Suburban,0,Web,0,0,0.0
1,0,10,554.9098202721963,Suburban,0,Phone,0,0,0.0
0,1,12,210.61861216010038,Urban,0,Multichannel,0,0,0.0
0,1,5,49.726757237504,Urban,0,Web,0,0,0.0
0,0,11,651.5408017040636,Urban,0,Multichannel,0,0,0.0
0,1,7,308.154772834052,Rural,1,Web,0,0,0.0
0,1,6,125.33850458513075,Rural,0,Phone,0,0,0.0
0,0,7,211.2550351575335,Suburban,0,Multichannel,1,0,0.0
0,1,6,90.5456576835815,Suburban,0,Multichannel,1,1,16.430532907290814
0,1,7,204.31926384903736,Suburban,1,Multichannel,0,0,0.0
1,0,12,476.6653208772087,Rural,0,Multichannel,0,0,0.0
0,0,12,124.25498947047565,Urban,0,Multichannel,1,0,0.0
0,1,2,112.07747512004418,Suburban,0,Web,0,0,0.0
1,0,1,23.105414878482343,Urban,0,Web,1,0,0.0
0,1,1,107.09899611022321,Suburban,0,Phone,0,0,0.0
0,1,4,124.05633876813434,Suburban,0,Multichannel,1,0,0.0
1,0,11,85.03146876764313,Urban,0,Web,0,0,0.0
0,0,8,113.0506403305836,Urban,0,Phone,0,0,0.0
0,0,7,338.7373640228999,Rural,0,Web,1,0,0.0
1,0,10,21.494401863532858,Suburban,0,Web,1,0,0.0
0,1,1,19.243964907250785,Urban,0,Multichannel,1,1,10.0
0,1,11,16.042736757182446,Rural,0,Phone,0,0,0.0
0,0,3,1650.835751324748,Urban,1,Multichannel,0,0,0.0
0,1,11,236.84784887188687,Urban,1,Phone,0,0,0.0
0,1,11,195.9030372447594,Suburban,0,Web,1,1,47.26661075323222
0,0,9,135.45311061160592,Suburban,0,Web,0,0,0.0
0,0,2,56.40451252794329,Suburban,1,Web,0,0,0.0
0,1,4,21.65068955268404,Urban,0,Web,0,0,0.0
0,0,1,5000.0,Suburban,0,Multichannel,1,1,42.11125006654148
0,1,5,54.317204011965764,Suburban,0,Web,0,0,0.0
0,1,6,273.0402981589379,Suburban,0,Multichannel,0,0,0.0
0,1,1,67.56933908767127,Suburban,0,Web,0,0,0.0
0,1,6,196.84638460671857,Urban,0,Phone,0,0,0.0
0,1,4,89.04774507755046,Urban,0,Phone,0,0,0.0
0,0,7,85.22967665636786,Urban,1,Web,0,0,0.0
0,0,11,115.90378018818214,Rural,0,Web,0,0,0.0
1,0,3,327.1865933243394,Urban,1,Multichannel,0,0,0.0
0,1,6,840.4427845870268,Urban,0,Multichannel,0,0,0.0
1,0,3,126.53465298968946,Urban,0,Multichannel,1,0,0.0
1,0,11,95.5583008632562,Suburban,1,Web,0,0,0.0
0,1,7,36.26114494991629,Suburban,0,Web,0,0,0.0
0,1,2,165.22267487650734,Suburban,0,Web,0,0,0.0
1,0,12,169.90692726769896,Suburban,0,Phone,1,0,0.0
1,0,3,397.514972930775,Rural,0,Multichannel,0,0,0.0
1,0,4,292.30569656374604,Urban,1,Web,0,0,0.0
0,0,9,3337.914924256406,Urban,0,Phone,0,0,0.0
1,0,12,71.63329329093521,Suburban,0,Web,0,0,0.0
1,0,3,243.63180230818676,Rural,0,Web,0,0,0.0
0,0,3,292.5878864514721,Suburban,0,Web,0,0,0.0
0,0,1,181.0622739795831,Urban,0,Phone,0,0,0.0
1,0,4,301.60629619523365,Urban,0,Phone,1,0,0.0
0,0,8,375.8540906786413,Suburban,1,Multichannel,0,0,0.0
1,0,9,27.998881097022405,Urban,0,Web,1,0,0.0
0,0,2,162.23636154905137,Urban,0,Phone,0,0,0.0
0,1,12,87.60913702479019,Rural,0,Multichannel,0,0,0.0
0,1,1,231.94696468824714,Suburban,1,Phone,0,0,0.0
0,0,5,32.40614657613128,Urban,0,Multichannel,0,0,0.0
1,0,5,22.77521963092569,Urban,0,Phone,0,0,0.0
1,0,4,1018.1600660190115,Rural,0,Web,1,1,28.862889470215027
1,0,6,36.90085119915467,Urban,0,Multichannel,0,0,0.0
0,1,1,172.52390238749774,Suburban,1,Multichannel,1,0,0.0
0,0,2,72.8589452398851,Rural,0,Multichannel,0,0,0.0
1,0,9,232.47219790264288,Urban,0,Web,1,0,0.0
1,0,2,409.7679045675004,Rural,0,Web,1,0,0.0
1,0,4,36.497301932059344,Suburban,0,Web,1,1,95.88951975175958
0,1,9,82.67453683110384,Rural,0,Web,0,0,0.0
0,1,11,179.95575708004503,Suburban,0,Web,0,0,0.0
1,0,6,332.16992088616945,Urban,0,Web,0,0,0.0
0,1,10,139.6117533770533,Suburban,1,Web,1,0,0.0
0,1,1,483.2171683527401,Suburban,0,Web,0,0,0.0
0,1,1,53.31578082381412,Urban,0,Web,0,0,0.0
1,0,2,1056.1148206743107,Urban,0,Web,0,0,0.0
0,1,10,341.74659128180264,Suburban,0,Phone,0,0,0.0
0,0,12,681.1146051138136,Suburban,0,Multichannel,0,0,0.0
0,0,8,601.2692327419813,Suburban,0,Multichannel,0,0,0.0
0,1,1,145.29504460901427,Urban,0,Multichannel,1,0,0.0
0,1,12,598.9485171883081,Urban,0,Web,0,0,0.0
0,0,1,238.72272582011172,Suburban,0,Web,0,0,0.0
0,1,11,761.8766250066401,Suburban,0,Web,0,0,0.0
1,0,2,393.03955031175514,Rural,1,Web,0,0,0.0
0,1,2,832.8676667994799,Suburban,1,Web,0,0,0.0
1,0,7,195.67783466189965,Suburban,0,Multichannel,0,0,0.0
1,0,5,267.1624862830008,Urban,0,Web,1,1,35.69290387711597
0,0,2,10.0,Suburban,1,Multichannel,1,0,0.0
0,0,11,83.06973744920965,Urban,0,Phone,0,0,0.0
1,0,5,108.05063770923654,Suburban,0,Phone,0,0,0.0
1,0,7,339.9609213100075,Suburban,1,Phone,0,0,0.0
0,1,11,379.359145296905,Suburban,1,Multichannel,0,0,0.0
0,0,1,78.96199039310666,Urban,0,Web,1,0,0.0
0,1,8,474.01166523460165,Urban,0,Web,0,0,0.0
1,0,4,132.27765876355656,Urban,1,Web,1,0,0.0
0,0,4,338.8613313909926,Urban,1,Phone,0,0,0.0
0,0,2,32.87764938839165,Suburban,0,Web,0,0,0.0
1,0,5,20.40490498966283,Rural,0,Web,0,0,0.0
0,1,8,112.14227116503478,Urban,0,Web,0,0,0.0
0,1,6,121.04809356949907,Urban,1,Phone,0,0,0.0
0,1,2,148.09625025092177,Urban,0,Multichannel,1,0,0.0
0,1,12,253.89417836153208,Suburban,0,Web,0,0,0.0
0,1,3,658.3373022236,Urban,1,Web,0,0,0.0
1,0,8,37.359626235893764,Urban,0,Web,0,0,0.0
1,0,10,360.7051510118107,Suburban,0,Multichannel,1,0,0.0
0,0,10,17.479388117202422,Urban,0,Multichannel,0,0,0.0
0,0,6,103.30030824460574,Suburban,0,Web,0,0,0.0
0,1,5,58.28037860335297,Suburban,0,Phone,0,0,0.0
0,1,2,308.2032663634678,Suburban,0,Phone,1,1,52.16198225627377
0,1,7,12.106175333332558,Suburban,1,Phone,0,0,0.0
1,0,1,432.30053424937074,Urban,0,Multichannel,1,0,0.0
0,1,6,1155.3914875475086,Rural,0,Phone,0,0,0.0
0,0,11,69.94145615337747,Suburban,0,Web,0,0,0.0
0,1,11,19.754047745135047,Suburban,0,Web,0,0,0.0
1,0,4,212.03083689269525,Urban,0,Multichannel,0,0,0.0
0,1,1,23.09406672906674,Suburban,0,Web,1,0,0.0
0,0,2,705.7582376206205,Rural,1,Multichannel,0,0,0.0
0,1,11,163.68200598818626,Urban,1,Multichannel,0,0,0.0
0,1,1,96.96991529553914,Rural,0,Phone,0,0,0.0
1,0,7,208.54035779562832,Urban,0,Multichannel,1,1,66.91359278462262
0,1,1,30.008999061084953,Suburban,0,Multichannel,0,0,0.0
0,0,3,2294.0305264183608,Suburban,0,Web,0,0,0.0
1,0,12,399.0143174740478,Rural,0,Web,0,0,0.0
0,0,11,809.98236735096,Suburban,0,Web,0,0,0.0
1,0,12,534.5835118066531,Rural,0,Web,0,0,0.0
0,0,5,1789.7833555277584,Rural,1,Phone,0,0,0.0
0,0,4,82.35831295900492,Urban,0,Phone,0,0,0.0
1,0,11,708.4777952495617,Suburban,0,Web,1,0,0.0
0,0,1,59.05186347203572,Suburban,1,Multichannel,0,0,0.0
0,0,3,653.0199376415597,Suburban,0,Multichannel,0,0,0.0
0,1,11,19.861600626810123,Suburban,0,Multichannel,0,0,0.0
1,0,2,30.51267862581918,Suburban,0,Multichannel,0,0,0.0
1,0,12,893.4767802271552,Suburban,0,Phone,1,0,0.0
0,1,10,35.18887694660336,Suburban,0,Multichannel,0,0,0.0
0,0,6,55.81524150181837,Urban,0,Web,0,0,0.0
0,1,1,149.88861485943758,Urban,0,Web,0,0,0.0
0,0,1,112.3217624681149,Suburban,0,Web,0,0,0.0
0,1,8,270.74560718857117,Urban,0,Web,0,0,0.0
1,0,1,87.05466000139225,Urban,0,Web,0,0,0.0
0,0,6,50.45637101796212,Suburban,0,Web,0,0,0.0
0,1,1,285.811200752725,Suburban,0,Web,0,0,0.0
1,0,2,114.27128246527904,Urban,0,Web,0,0,0.0
0,0,7,602.8400056855187,Urban,0,Web,0,0,0.0
0,1,7,176.30925221420472,Rural,0,Phone,0,0,0.0
0,0,1,466.24315229871036,Urban,1,Multichannel,0,0,0.0
0,0,1,69.0817317608387,Suburban,1,Multichannel,0,0,0.0
0,1,1,228.36694266741324,Suburban,0,Web,0,0,0.0
0,1,1,196.41258382830748,Rural,0,Web,0,0,0.0
0,1,2,67.29256438117767,Rural,0,Phone,1,1,17.114757757203606
1,0,3,126.81465308536498,Rural,0,Web,0,0,0.0
0,1,1,195.98585420389435,Suburban,0,Multichannel,0,0,0.0
1,0,3,206.38523014554872,Urban,0,Web,0,0,0.0
0,0,2,174.85595632690595,Urban,0,Phone,0,0,0.0
0,1,2,432.4091572146364,Urban,0,Web,1,0,0.0
0,1,1,1220.8660491228732,Suburban,0,Web,1,0,0.0
0,0,9,155.35351617518157,Suburban,0,Web,0,0,0.0
0,0,5,2198.124155486506,Rural,0,Web,1,0,0.0
0,0,12,19.160767784584877,Suburban,0,Phone,0,0,0.0
0,0,4,39.71602688111462,Suburban,1,Web,1,0,0.0
1,0,3,137.82412753538785,Suburban,0,Web,0,0,0.0
0,1,5,411.8194525706026,Suburban,0,Web,1,0,0.0
1,0,1,571.720384499618,Suburban,0,Web,0,0,0.0
1,0,11,14.681046685697263,Suburban,0,Multichannel,0,0,0.0
0,1,2,89.73322146764413,Suburban,0,Web,0,0,0.0
0,1,5,56.33929120863525,Rural,0,Multichannel,0,0,0.0
1,0,1,32.35741472978105,Rural,0,Web,0,0,0.0
0,1,9,438.01960603138116,Rural,0,Multichannel,0,0,0.0
1,0,8,18.51319218571625,Suburban,0,Web,0,0,0.0
0,1,5,97.46548854801661,Suburban,0,Multichannel,0,0,0.0
0,1,12,265.2145290171574,Urban,0,Multichannel,0,0,0.0
1,0,1,376.09424315015104,Suburban,1,Multichannel,0,0,0.0
0,0,9,811.957989554785,Rural,0,Multichannel,1,0,0.0
0,1,7,109.09146629490776,Suburban,0,Multichannel,0,0,0.0
0,1,6,115.36128951724983,Urban,1,Web,0,0,0.0
0,0,11,75.77891042912168,Urban,0,Phone,1,0,0.0
0,1,11,571.4819362850262,Urban,0,Multichannel,0,0,0.0
0,0,4,361.43457215999183,Suburban,0,Phone,0,0,0.0
0,0,7,105.14641159997005,Suburban,0,Web,0,0,0.0
0,1,5,42.71147143496456,Urban,0,Multichannel,1,0,0.0
0,1,1,10.0,Suburban,0,Phone,1,0,0.0
0,1,1,160.22286082938317,Rural,1,Phone,0,0,0.0
0,0,2,870.4484713206494,Rural,0,Web,0,0,0.0
0,1,1,439.68034259390544,Suburban,0,Multichannel,0,0,0.0
0,1,3,105.12550859209233,Suburban,0,Web,0,0,0.0
0,1,5,153.38969087629079,Urban,0,Multichannel,1,0,0.0
0,1,1,135.37939228349384,Suburban,0,Web,0,0,0.0
0,0,3,94.9030952764217,Rural,0,Multichannel,0,0,0.0
1,0,7,769.4503733603909,Rural,0,Web,0,0,0.0
0,0,4,181.99753892703075,Suburban,0,Web,0,0,0.0
0,0,1,2080.3445231605947,Urban,0,Multichannel,0,0,0.0
0,1,11,104.32359195184468,Rural,0,Multichannel,0,0,0.0
0,1,3,263.8045479363946,Suburban,0,Web,0,0,0.0
1,0,12,230.70356093109277,Suburban,0,Multichannel,0,0,0.0
0,0,2,101.95844623123804,Suburban,0,Web,0,0,0.0
0,0,7,33.9495644129232,Suburban,0,Multichannel,1,0,0.0
1,0,1,45.96654183312418,Suburban,0,Web,0,0,0.0
1,0,11,185.77131226410202,Rural,0,Web,0,0,0.0
0,0,7,64.3206303140224,Suburban,0,Phone,0,0,0.0
0,0,11,109.7659615883843,Suburban,0,Web,1,0,0.0
0,0,5,272.57003717571655,Urban,0,Multichannel,0,0,0.0
1,0,7,145.83156043041788,Suburban,0,Multichannel,0,0,0.0
1,0,9,339.11483380750116,Urban,0,Web,0,0,0.0
0,0,2,227.20266184919896,Suburban,0,Phone,0,0,0.0
0,1,8,113.43426545192713,Rural,0,Multichannel,0,0,0.0
0,1,1,138.34596899675626,Urban,0,Multichannel,0,0,0.0
0,1,1,166.15884476106413,Urban,1,Phone,0,0,0.0
1,0,3,259.9427858096827,Suburban,0,Multichannel,1,0,0.0
1,0,12,320.91835606739437,Suburban,0,Web,0,0,0.0
1,0,4,43.4165777030937,Urban,0,Phone,1,0,0.0
1,0,10,297.49752938081633,Suburban,0,Multichannel,0,0,0.0
0,1,12,338.34601355747094,Suburban,0,Web,0,0,0.0
0,1,11,44.1096756452451,Suburban,0,Web,0,0,0.0
0,0,2,2228.148761405143,Rural,1,Web,0,0,0.0
0,1,3,53.103151429246815,Rural,1,Phone,0,0,0.0
0,0,12,1832.7453922871705,Suburban,0,Web,0,0,0.0
0,0,1,185.95756250462472,Rural,0,Multichannel,0,0,0.0
1,0,11,189.86568984695,Rural,0,Multichannel,0,0,0.0
0,1,2,269.08752933452524,Suburban,0,Web,0,0,0.0
1,0,12,160.45707660385645,Suburban,1,Web,0,0,0.0
0,0,8,409.6268211440483,Suburban,0,Web,0,0,0.0
0,1,3,153.02756851577405,Suburban,0,Web,0,0,0.0
0,0,1,383.30557783088665,Urban,0,Multichannel,0,0,0.0
0,0,1,1050.2631806517181,Suburban,0,Phone,0,0,0.0
0,1,4,127.34265738410123,Suburban,1,Web,0,0,0.0
0,1,2,212.4191019206892,Suburban,0,Web,0,0,0.0
1,0,4,29.649543246537398,Suburban,0,Web,0,0,0.0
1,0,2,54.378417281855334,Urban,0,Multichannel,0,0,0.0
0,1,6,126.63443000329865,Suburban,0,Web,0,0,0.0
1,0,1,605.2943416660094,Urban,0,Web,1,1,39.86192730953056
0,0,11,349.60895390345246,Suburban,0,Web,0,0,0.0
1,0,1,210.408116115766,Urban,0,Web,0,0,0.0
1,0,4,75.30734432288196,Suburban,0,Phone,1,0,0.0
1,0,7,147.20290076546428,Suburban,0,Web,0,0,0.0
0,0,5,103.9672884904494,Suburban,1,Phone,0,0,0.0
0,0,1,117.18857326269097,Urban,0,Phone,0,0,0.0
0,0,7,509.1326135904297,Urban,0,Web,0,0,0.0
0,0,5,90.85545040160217,Urban,0,Web,1,0,0.0
0,1,1,31.58996339742641,Urban,0,Web,0,0,0.0
1,0,3,112.19089770588442,Rural,1,Phone,0,0,0.0
1,0,4,683.2455394879398,Urban,1,Web,0,0,0.0
0,0,8,938.9393769286055,Urban,0,Multichannel,1,0,0.0
0,1,2,20.918738262936337,Rural,0,Multichannel,0,0,0.0
0,0,12,25.671481057884346,Rural,0,Web,0,0,0.0
0,0,1,83.63940324533647,Suburban,0,Phone,0,0,0.0
0,0,10,633.3307775151854,Suburban,1,Web,0,0,0.0
1,0,12,197.8807464468089,Urban,0,Web,0,0,0.0
1,0,11,13.993191508122562,Suburban,0,Multichannel,1,0,0.0
1,0,1,61.39195325828048,Urban,0,Web,0,0,0.0
0,0,3,392.0332909121462,Urban,0,Web,0,0,0.0
0,0,1,152.69174105448963,Suburban,0,Web,0,0,0.0
1,0,12,68.4828579243733,Urban,1,Web,0,0,0.0
1,0,2,147.84074500115594,Rural,0,Multichannel,1,0,0.0
1,0,4,492.7743918632336,Suburban,0,Multichannel,1,0,0.0
0,0,12,1306.6118360810367,Suburban,0,Web,1,0,0.0
0,0,8,105.84340020936754,Urban,0,Multichannel,0,0,0.0
1,0,11,1687.5231797246377,Urban,1,Multichannel,0,0,0.0
0,1,7,287.14403941956704,Urban,0,Phone,0,0,0.0
1,0,4,79.08484055036243,Suburban,1,Web,0,0,0.0
0,1,1,250.96204101072843,Suburban,0,Multichannel,0,0,0.0
0,1,3,83.0984523850734,Rural,0,Web,0,0,0.0
0,0,3,50.095385045407305,Suburban,0,Web,0,0,0.0
1,0,10,85.690579350768,Suburban,0,Multichannel,1,0,0.0
0,0,11,21.88425483343702,Urban,0,Web,0,0,0.0
1,0,9,161.9174430818928,Suburban,0,Web,0,0,0.0
0,0,3,585.138875460808,Urban,0,Web,0,0,0.0
1,0,11,53.660645410922385,Suburban,0,Web,0,0,0.0
0,1,5,210.81086097053955,Suburban,0,Web,0,0,0.0
1,0,1,209.96730785115494,Urban,0,Multichannel,1,0,0.0
0,0,3,284.45111883898346,Suburban,0,Phone,0,0,0.0
1,0,2,641.7398984644002,Suburban,0,Web,0,0,0.0
0,1,4,486.4860817279501,Rural,1,Phone,1,0,0.0
1,0,1,670.1503643137073,Suburban,1,Multichannel,0,0,0.0
1,0,5,118.46899750111194,Suburban,0,Web,1,0,0.0
0,0,5,67.68752172814503,Urban,0,Web,0,0,0.0
1,0,3,309.852245279778,Rural,1,Web,0,0,0.0
0,1,4,11.01367379909599,Suburban,0,Phone,0,0,0.0
0,0,7,783.769899630956,Suburban,0,Multichannel,0,0,0.0
0,0,6,79.501959956506,Suburban,1,Multichannel,0,0,0.0
1,0,1,242.68762399409883,Rural,0,Web,0,0,0.0
0,1,1,67.64412578040007,Suburban,0,Web,1,1,19.70317926576651
0,1,6,197.56610041963154,Urban,0,Web,0,0,0.0
1,0,8,11.866178018962863,Suburban,1,Multichannel,1,0,0.0
1,0,6,27.24623272261876,Suburban,1,Web,0,0,0.0
0,1,12,147.2407058024414,Rural,0,Web,0,0,0.0
1,0,6,280.61105450193287,Rural,0,Multichannel,0,0,0.0
0,1,5,113.47407062122673,Urban,0,Multichannel,0,0,0.0
0,1,11,16.42375784670227,Rural,0,Multichannel,0,0,0.0
0,1,6,268.81508272021995,Suburban,1,Multichannel,0,0,0.0
0,0,8,425.4799331505082,Suburban,0,Web,1,0,0.0
1,0,5,66.58795669330836,Suburban,0,Web,0,0,0.0
0,0,1,123.72246991231232,Rural,0,Web,0,0,0.0
1,0,2,48.24242682185237,Suburban,0,Web,0,0,0.0
1,0,1,274.6379114217086,Urban,0,Web,0,0,0.0
1,0,1,41.776542759954296,Urban,0,Multichannel,0,0,0.0
0,1,1,14.528489497104863,Urban,1,Web,0,0,0.0
0,0,5,259.6882510247849,Suburban,0,Multichannel,0,0,0.0
0,1,11,258.57070614470575,Urban,0,Multichannel,1,0,0.0
0,1,4,326.53143781778306,Suburban,1,Phone,0,0,0.0
0,0,12,2708.876923168095,Suburban,0,Phone,0,0,0.0
0,1,11,208.3849877602982,Rural,0,Web,0,0,0.0
0,0,12,151.37297605403418,Urban,1,Multichannel,1,0,0.0
1,0,11,84.2097359118879,Suburban,1,Web,1,0,0.0
1,0,1,74.39815189476725,Urban,1,Multichannel,1,0,0.0
0,0,6,24.446611218033564,Urban,0,Multichannel,0,0,0.0
0,0,7,648.399791855715,Suburban,0,Multichannel,1,0,0.0
0,0,4,57.0707693615704,Suburban,0,Web,0,0,0.0
1,0,7,121.22532757568362,Urban,0,Web,0,0,0.0
1,0,12,42.112607781932084,Suburban,0,Phone,1,0,0.0
0,0,12,110.60471160198416,Suburban,0,Multichannel,0,0,0.0
1,0,5,322.3901800975741,Suburban,0,Web,1,1,25.492972197177988
0,1,5,58.935862198312414,Urban,1,Phone,0,0,0.0
1,0,11,239.55786759972636,Suburban,0,Phone,0,0,0.0
0,1,2,323.3060547197521,Urban,1,Web,1,0,0.0
0,1,12,397.4759225276351,Suburban,0,Multichannel,0,0,0.0
1,0,11,48.208857692831735,Suburban,0,Web,0,0,0.0
0,0,3,121.46772818761161,Urban,0,Multichannel,0,0,0.0
1,0,5,57.86646754169225,Rural,0,Web,0,0,0.0
1,0,11,529.4944647411123,Suburban,0,Web,0,0,0.0
0,0,8,286.50996455958636,Suburban,0,Phone,0,0,0.0
1,0,5,211.00466111698054,Suburban,0,Phone,0,0,0.0
1,0,2,29.80616316246621,Suburban,0,Multichannel,1,1,20.935800675197203
1,0,2,136.38983535299184,Urban,0,Web,0,0,0.0
0,0,1,45.03419473072251,Urban,0,Multichannel,0,0,0.0
0,0,12,398.2782210772072,Rural,0,Phone,0,0,0.0
0,1,1,289.0610679792369,Urban,0,Web,0,0,0.0
0,0,11,273.5637559181674,Rural,1,Web,1,0,0.0
0,0,6,101.86152620040998,Rural,0,Web,0,0,0.0
0,1,6,168.7861721893085,Rural,0,Phone,0,0,0.0
0,1,12,69.26904424767606,Suburban,0,Web,0,0,0.0
1,0,6,300.6029261929611,Urban,0,Phone,0,0,0.0
1,0,8,84.65014070490544,Suburban,0,Web,0,0,0.0
1,0,12,1519.0909165329342,Suburban,0,Web,0,0,0.0
0,0,1,2829.812340207431,Suburban,1,Multichannel,1,0,0.0
0,0,11,200.63438310525655,Urban,0,Multichannel,1,0,0.0
0,1,2,10.0,Urban,0,Multichannel,1,1,34.54503849434426
0,0,12,19.64852240238766,Urban,1,Multichannel,0,0,0.0
0,1,6,312.3181193398642,Suburban,0,Web,0,0,0.0
0,1,3,86.02647348406025,Urban,1,Multichannel,0,0,0.0
0,0,2,221.89990282747354,Suburban,1,Web,1,1,21.351365475027
0,1,3,80.26711105277296,Suburban,0,Web,0,0,0.0
1,0,11,150.64235801821664,Rural,0,Web,0,0,0.0
0,1,7,109.07232860391598,Suburban,0,Web,0,0,0.0
1,0,2,133.93714450592546,Suburban,0,Phone,1,0,0.0
0,1,4,106.86881452864421,Suburban,0,Phone,1,0,0.0
0,0,5,840.8284322781917,Urban,0,Web,1,0,0.0
0,0,6,325.7353584964232,Suburban,0,Multichannel,0,0,0.0
0,0,7,67.25566722996474,Urban,0,Multichannel,0,0,0.0
1,0,5,157.29250470317277,Rural,0,Phone,0,0,0.0
0,0,12,216.60953790635494,Urban,1,Phone,0,0,0.0
1,0,10,39.626911166712894,Suburban,1,Web,0,0,0.0
0,0,12,167.90965179271862,Suburban,0,Multichannel,0,0,0.0
0,0,1,18.31860648436905,Suburban,0,Web,0,0,0.0
0,1,1,436.54569231127147,Urban,1,Web,0,0,0.0
1,0,8,973.0036399974808,Urban,0,Multichannel,0,0,0.0
1,0,5,38.05633157232001,Suburban,0,Web,0,0,0.0
0,1,2,61.80941240124423,Rural,0,Web,0,0,0.0
1,0,10,57.76683148990093,Suburban,0,Phone,0,0,0.0
1,0,12,413.54886269404017,Urban,1,Web,0,0,0.0
1,0,5,376.10317441015115,Rural,0,Web,0,0,0.0
1,0,1,64.49090091356953,Urban,0,Phone,0,0,0.0
0,0,11,110.56824509111311,Urban,0,Web,1,0,0.0
0,1,2,42.85964798836402,Suburban,0,Phone,0,0,0.0
1,0,4,145.5011636667408,Urban,0,Web,0,0,0.0
0,1,12,129.1826951808244,Suburban,0,Web,0,0,0.0
0,1,4,186.382651307626,Suburban,0,Web,0,0,0.0
1,0,5,214.04243114099248,Rural,0,Multichannel,0,0,0.0
1,0,12,70.39350516225294,Rural,0,Phone,0,0,0.0
0,0,1,54.673963498422914,Suburban,0,Web,0,0,0.0
0,1,6,378.84279745828036,Suburban,0,Phone,0,0,0.0
1,0,2,366.36626419456564,Urban,1,Web,0,0,0.0
1,0,8,156.94781218673504,Suburban,0,Phone,0,0,0.0
0,1,7,988.2942623363591,Urban,0,Web,0,0,0.0
0,1,1,98.90411249968778,Suburban,0,Web,1,0,0.0
0,0,6,127.10426871780705,Rural,0,Web,0,0,0.0
0,0,3,141.54796029991613,Urban,0,Multichannel,0,0,0.0
0,1,2,87.73547013559194,Urban,0,Web,0,0,0.0
0,0,3,395.5541743357325,Suburban,0,Web,1,0,0.0
1,0,4,98.9372442597439,Rural,0,Multichannel,1,0,0.0
0,0,4,71.75966474069757,Suburban,0,Multichannel,0,0,0.0
1,0,3,47.59737316520299,Rural,0,Web,0,0,0.0
0,1,12,117.0226805120403,Suburban,0,Web,0,0,0.0
0,1,2,287.5640331607279,Rural,1,Web,1,1,77.3879908607637
0,1,6,27.247556517470127,Suburban,1,Web,0,0,0.0
1,0,5,41.80713835625971,Suburban,1,Web,0,0,0.0
1,0,5,218.03861279933193,Suburban,0,Phone,0,0,0.0
0,1,2,41.43699336511203,Suburban,0,Multichannel,0,0,0.0
1,0,5,50.57539740046302,Urban,0,Multichannel,0,0,0.0
1,0,5,268.82683803916166,Urban,0,Web,0,0,0.0
0,1,1,37.71531757111815,Urban,1,Phone,1,1,45.629152574241274
1,0,4,1075.8995724184433,Urban,0,Phone,0,0,0.0
0,0,2,55.334289644948214,Urban,1,Web,0,0,0.0
0,0,4,238.68417586889572,Urban,0,Web,0,0,0.0
0,1,12,11.245000195001849,Rural,0,Multichannel,0,0,0.0
0,0,5,38.519728367580825,Suburban,0,Multichannel,0,0,0.0
0,1,2,26.87024435222766,Suburban,0,Web,0,0,0.0
1,0,8,321.7862236590003,Suburban,0,Web,0,0,0.0
1,0,4,345.27464708020966,Suburban,0,Phone,0,0,0.0
0,0,2,30.896621511610498,Urban,0,Web,0,0,0.0
0,1,3,105.68681873977899,Suburban,0,Multichannel,0,0,0.0
0,1,5,255.26891467390433,Rural,0,Web,0,0,0.0
0,1,1,168.97859745724662,Suburban,0,Web,0,0,0.0
0,0,3,102.06281995970653,Urban,0,Web,1,0,0.0
0,0,1,228.8143488411867,Suburban,0,Multichannel,0,0,0.0
0,0,1,79.2598906825211,Suburban,1,Phone,0,0,0.0
1,0,2,671.5292749677457,Suburban,0,Multichannel,0,0,0.0
1,0,6,32.06948899125938,Urban,0,Web,0,0,0.0
0,1,5,17.982585409007022,Urban,0,Web,0,0,0.0
0,1,11,550.6221444033026,Urban,0,Phone,0,0,0.0
0,1,1,126.48210020236114,Suburban,0,Web,0,0,0.0
0,0,12,1356.9253169205272,Suburban,0,Phone,0,0,0.0
1,0,3,77.55750898638175,Urban,1,Multichannel,1,0,0.0
0,0,2,10.0,Suburban,0,Web,0,0,0.0
1,0,9,195.82567951011728,Suburban,0,Multichannel,0,0,0.0
1,0,4,108.74428340381154,Urban,0,Web,0,0,0.0
1,0,1,2574.0376605482857,Suburban,0,Web,1,1,20.104766377016897
0,0,1,2056.9213653628076,Suburban,1,Web,0,0,0.0
1,0,2,632.7309164032669,Rural,0,Web,1,0,0.0
1,0,2,32.95217840487343,Urban,0,Multichannel,1,1,21.27445957168241
1,0,2,129.90346519452632,Urban,0,Web,0,0,0.0
0,1,8,544.0520657868492,Suburban,0,Multichannel,0,0,0.0
1,0,10,65.00356420437564,Suburban,0,Multichannel,0,0,0.0
0,0,3,46.16988403420588,Urban,0,Multichannel,0,0,0.0
1,0,6,411.1057448586246,Rural,0,Web,0,0,0.0
0,1,12,98.06850322141763,Suburban,0,Web,1,0,0.0
0,1,12,78.38811244622892,Suburban,0,Phone,0,0,0.0
1,0,5,1405.0269143303742,Suburban,0,Web,0,0,0.0
1,0,11,494.2407212907446,Suburban,0,Multichannel,0,0,0.0
1,0,3,194.25447172465266,Suburban,0,Phone,0,0,0.0
0,1,5,242.32316142235896,Urban,0,Multichannel,0,0,0.0
0,0,1,230.86218695173753,Suburban,0,Web,0,0,0.0
0,0,12,350.0105539038502,Suburban,0,Web,0,0,0.0
0,0,3,612.7255611072379,Urban,0,Multichannel,1,0,0.0
0,0,1,358.74364720698645,Urban,0,Multichannel,0,0,0.0
1,0,6,228.61544214503814,Urban,0,Multichannel,0,0,0.0
0,1,4,482.8875136086781,Rural,0,Multichannel,0,0,0.0
0,0,7,453.8459410232088,Urban,0,Phone,1,0,0.0
0,1,3,342.4063431203425,Rural,0,Phone,0,0,0.0
0,0,5,425.2027245273803,Suburban,0,Multichannel,0,0,0.0
1,0,11,198.29451554515134,Urban,0,Web,1,0,0.0
1,0,1,53.49789680435126,Urban,0,Multichannel,0,0,0.0
0,0,2,155.78438079487046,Urban,1,Multichannel,0,0,0.0
0,0,2,761.2081904011583,Suburban,0,Multichannel,0,0,0.0
1,0,6,273.91430866076035,Rural,0,Web,1,0,0.0
1,0,2,68.80087386562595,Urban,0,Web,1,0,0.0
0,0,11,130.66764171133102,Suburban,0,Multichannel,0,0,0.0
1,0,2,442.92097488392915,Suburban,0,Web,1,0,0.0
1,0,3,216.1663766962612,Rural,0,Web,0,0,0.0
1,0,3,479.931335336435,Suburban,0,Multichannel,1,1,21.64581600633585
0,0,1,284.01600490897727,Urban,0,Web,0,0,0.0
1,0,11,318.39976052431734,Suburban,0,Web,1,1,34.33746511215096
0,1,2,41.21188506851535,Suburban,0,Phone,0,0,0.0
1,0,7,118.25525859567419,Suburban,1,Multichannel,0,0,0.0
1,0,1,44.9403884224708,Suburban,0,Web,0,0,0.0
1,0,4,172.51610365989708,Suburban,0,Multichannel,0,0,0.0
0,1,3,177.02690352883866,Urban,0,Phone,0,0,0.0
1,0,2,29.617660459224524,Suburban,0,Web,0,0,0.0
0,1,12,96.29139147987038,Urban,0,Web,0,0,0.0
0,0,5,413.62886185916705,Suburban,0,Multichannel,0,0,0.0
0,1,4,188.82722909487038,Rural,0,Web,0,0,0.0
0,0,5,421.10970104891703,Urban,0,Web,0,0,0.0
1,0,2,624.6821009705391,Urban,0,Web,0,0,0.0
0,1,11,181.30338869552435,Suburban,1,Phone,0,0,0.0
0,1,2,1149.7529759011763,Urban,1,Web,0,0,0.0
0,0,12,398.02462076128415,Urban,0,Web,0,0,0.0
1,0,2,95.62915921353513,Urban,0,Web,0,0,0.0
1,0,3,2030.80152448408,Rural,0,Web,0,0,0.0
0,0,1,108.88637390376147,Suburban,0,Web,0,0,0.0
0,0,1,395.13674797213696,Suburban,0,Web,0,0,0.0
0,1,8,362.044210458361,Urban,1,Web,0,0,0.0
1,0,2,62.48148736254638,Urban,0,Phone,0,0,0.0
1,0,9,108.39635685648564,Rural,1,Web,1,0,0.0
0,0,3,27.089303189296565,Suburban,0,Web,0,0,0.0
0,0,2,28.36022036847873,Rural,0,Multichannel,0,0,0.0
0,1,2,147.54164811795383,Urban,0,Phone,1,0,0.0
0,0,6,378.2951018577757,Suburban,0,Web,1,0,0.0
0,1,2,115.53290931348806,Suburban,0,Multichannel,0,0,0.0
1,0,11,94.84202424341251,Suburban,1,Phone,1,0,0.0
0,0,3,246.24736756493033,Suburban,0,Multichannel,0,0,0.0
0,0,4,181.79488618848023,Urban,0,Multichannel,0,0,0.0
0,0,4,142.32775575883187,Rural,0,Web,0,0,0.0
1,0,12,46.72785449204554,Rural,0,Phone,0,0,0.0
0,1,3,101.64460441246938,Suburban,0,Web,1,0,0.0
1,0,5,82.299746883039,Urban,1,Phone,0,0,0.0
0,0,9,213.44384469477382,Suburban,1,Web,0,0,0.0
1,0,8,11.8096601758999,Urban,0,Phone,0,0,0.0
1,0,9,29.570951480113646,Rural,0,Phone,0,0,0.0
1,0,2,169.20358925478635,Urban,0,Web,0,0,0.0
0,1,4,54.3902401713317,Suburban,0,Multichannel,0,0,0.0
0,1,12,144.31092105280626,Suburban,0,Multichannel,0,0,0.0
1,0,5,119.31649898085533,Suburban,0,Phone,0,0,0.0
0,1,4,1116.044618324093,Urban,0,Web,0,0,0.0
1,0,3,99.26461395061767,Suburban,1,Multichannel,0,0,0.0
0,1,7,890.7933563253532,Rural,0,Web,0,0,0.0
1,0,2,95.13472577230837,Suburban,0,Web,0,0,0.0
0,0,2,238.42464040913816,Suburban,1,Multichannel,0,0,0.0
0,0,4,52.727740938333135,Suburban,0,Web,0,0,0.0
1,0,10,47.68213148963772,Suburban,1,Phone,0,0,0.0
1,0,9,59.34975509488777,Suburban,1,Multichannel,0,0,0.0
1,0,7,224.35590507756044,Suburban,1,Phone,1,0,0.0
0,1,4,260.6212007880645,Urban,1,Web,0,0,0.0
1,0,9,95.24351120582232,Urban,1,Web,0,0,0.0
0,1,4,187.5522533168899,Rural,0,Web,0,0,0.0
0,0,5,62.62739371512702,Rural,0,Multichannel,0,0,0.0
0,1,2,32.07090608876231,Rural,0,Phone,1,1,57.01598757754949
0,0,1,104.93063443283894,Suburban,1,Phone,0,0,0.0
0,0,8,26.08843671156126,Suburban,0,Web,0,0,0.0
0,1,7,727.8324151121443,Suburban,1,Phone,1,0,0.0
0,1,11,67.64297185884483,Suburban,0,Web,0,0,0.0
1,0,3,289.2510154394454,Suburban,0,Web,1,0,0.0
1,0,1,202.79110679929386,Rural,0,Web,0,0,0.0
1,0,10,580.7405725588836,Suburban,0,Multichannel,0,0,0.0
0,0,5,42.48974396304393,Urban,1,Web,0,0,0.0
1,0,2,1682.9525051756243,Rural,0,Multichannel,0,0,0.0
0,0,6,10.0,Suburban,0,Web,1,0,0.0
0,1,12,49.61510010614934,Suburban,0,Multichannel,0,0,0.0
1,0,12,43.080138243645955,Suburban,0,Web,0,0,0.0
0,0,11,148.29687653733248,Rural,0,Web,0,0,0.0
0,1,10,156.4646764761539,Suburban,0,Web,0,0,0.0
1,0,4,51.53985481714612,Suburban,1,Web,0,0,0.0
0,0,5,76.41029966613763,Suburban,0,Multichannel,0,0,0.0
1,0,4,434.20849634650267,Suburban,0,Multichannel,1,1,25.792740966968328
0,0,11,505.70683903817167,Urban,0,Multichannel,0,0,0.0
0,0,3,60.4317411038757,Urban,1,Multichannel,0,0,0.0
0,1,2,65.8726876634217,Urban,0,Web,1,0,0.0
0,1,12,130.7944649257839,Suburban,0,Multichannel,0,0,0.0
0,1,3,75.43089099004995,Suburban,0,Web,0,0,0.0
0,0,10,129.38483948917977,Rural,0,Multichannel,0,0,0.0
1,0,11,423.35960500313183,Urban,0,Multichannel,0,0,0.0
0,1,12,1571.1788908290173,Rural,0,Web,0,0,0.0
0,1,2,512.7333035474685,Urban,0,Phone,1,0,0.0
0,1,2,45.89332483739064,Suburban,1,Phone,1,0,0.0
0,0,2,35.45546591070751,Urban,0,Multichannel,0,0,0.0
0,0,5,79.42402701182513,Suburban,0,Multichannel,1,0,0.0
1,0,1,119.03428242544113,Rural,0,Phone,1,0,0.0
1,0,2,45.313522873414605,Urban,0,Web,0,0,0.0
0,1,8,288.0161398576342,Urban,0,Multichannel,0,0,0.0
0,1,9,79.7275036717795,Urban,0,Web,1,0,0.0
1,0,12,68.0813348325164,Urban,0,Multichannel,0,0,0.0
1,0,1,149.09868654043916,Urban,0,Multichannel,0,0,0.0
1,0,1,919.1353295690881,Suburban,0,Web,0,0,0.0
1,0,4,173.69436622895378,Urban,0,Web,0,0,0.0
0,1,12,1174.6076812416736,Suburban,1,Multichannel,0,0,0.0
0,0,9,69.95981816910677,Suburban,0,Multichannel,0,0,0.0
0,1,4,72.9961622221135,Rural,0,Multichannel,0,0,0.0
1,0,2,1363.4970392606933,Urban,0,Phone,0,0,0.0
0,0,1,25.343806510055316,Suburban,0,Web,0,0,0.0
0,1,6,393.35198267142704,Suburban,0,Phone,0,0,0.0
0,1,1,172.27396723968636,Suburban,0,Web,0,0,0.0
1,0,10,178.28591819141144,Suburban,0,Phone,0,0,0.0
0,0,1,408.53589285251627,Urban,0,Web,1,1,10.0
1,0,12,830.7462852120493,Urban,0,Web,0,0,0.0
1,0,4,42.719875330204516,Rural,0,Web,0,0,0.0
1,0,12,63.176431409283936,Suburban,0,Web,0,0,0.0
0,1,4,531.6108809670026,Suburban,0,Web,0,0,0.0
0,1,4,18.704702392859883,Suburban,0,Multichannel,0,0,0.0
1,0,3,982.8230925147319,Rural,1,Web,0,0,0.0
1,0,8,77.52187015389474,Rural,0,Web,0,0,0.0
1,0,1,350.14180661581946,Suburban,1,Multichannel,0,0,0.0
0,0,3,194.6983809138542,Urban,0,Web,1,1,58.81683051719431
0,1,3,167.2893110956635,Urban,0,Web,0,0,0.0
0,0,1,692.0176354333796,Suburban,0,Phone,0,0,0.0
1,0,5,246.42799405319556,Urban,0,Multichannel,1,0,0.0
0,0,7,82.86991427155172,Rural,0,Web,0,0,0.0
1,0,9,1135.8899104888412,Suburban,0,Web,1,0,0.0
0,0,12,224.67205332113897,Suburban,0,Multichannel,0,0,0.0
1,0,2,1446.8813582268058,Suburban,0,Multichannel,1,0,0.0
1,0,3,71.0434008210994,Urban,0,Multichannel,0,0,0.0
0,0,1,205.27053575720538,Suburban,0,Multichannel,1,1,17.681851314717573
0,0,3,98.1608997830209,Urban,0,Web,1,0,0.0
1,0,3,134.85964373776568,Suburban,1,Web,0,0,0.0
0,0,4,165.09921159260858,Urban,0,Multichannel,0,0,0.0
1,0,7,154.19438656985056,Suburban,0,Multichannel,0,0,0.0
0,0,5,17.703226110763033,Urban,0,Web,1,1,32.759715329500025
0,0,4,214.59738471721752,Rural,0,Web,0,0,0.0
0,1,1,1269.827739025241,Rural,0,Multichannel,0,0,0.0
0,1,5,147.3674003727509,Suburban,0,Multichannel,0,0,0.0
1,0,3,560.0605024834198,Suburban,1,Multichannel,0,0,0.0
1,0,3,144.49925667259714,Suburban,0,Web,0,0,0.0
0,0,7,187.88270462119846,Suburban,0,Web,0,0,0.0
0,0,10,61.28511440146101,Suburban,0,Web,0,0,0.0
1,0,9,479.2728773358875,Rural,0,Multichannel,0,0,0.0
1,0,2,177.82282444054638,Suburban,0,Multichannel,0,0,0.0
1,0,3,33.27037047483397,Rural,0,Multichannel,0,0,0.0
1,0,8,54.38611677072428,Urban,0,Phone,1,0,0.0
0,1,8,510.3667783196233,Urban,0,Web,0,0,0.0
0,0,8,177.44732272130273,Rural,0,Web,0,0,0.0
1,0,4,59.185074172471644,Suburban,0,Web,0,0,0.0
0,0,2,77.60014702080336,Urban,1,Multichannel,0,0,0.0
1,0,1,17.510600913705613,Rural,0,Multichannel,0,0,0.0
0,1,2,97.19995372671747,Suburban,0,Phone,0,0,0.0
0,0,10,607.0900235974548,Rural,0,Multichannel,0,0,0.0
0,1,12,394.3069099886711,Suburban,0,Web,1,0,0.0
1,0,7,251.5813593142502,Urban,0,Multichannel,1,0,0.0
0,0,5,69.50080437787418,Urban,0,Web,0,0,0.0
1,0,1,35.2664470912556,Suburban,1,Multichannel,0,0,0.0
1,0,10,387.6089493864507,Urban,0,Web,0,0,0.0
0,1,4,37.96883296970423,Suburban,0,Web,0,0,0.0
0,1,12,229.18535857845174,Rural,0,Phone,0,0,0.0
1,0,11,1602.2213265543974,Suburban,0,Phone,0,0,0.0
1,0,1,194.50321909063464,Suburban,0,Web,0,0,0.0
0,1,3,1119.6361573801562,Rural,0,Web,0,0,0.0
1,0,9,2187.7483994239738,Suburban,0,Web,0,0,0.0
0,0,11,108.29829149539742,Rural,0,Multichannel,0,0,0.0
1,0,7,236.6224973349626,Rural,1,Web,0,0,0.0
1,0,2,433.0363132430401,Suburban,1,Web,0,0,0.0
0,1,11,100.44422209821279,Suburban,0,Web,0,0,0.0
1,0,7,91.01436475725363,Urban,0,Multichannel,1,1,25.83185419258317
0,1,7,62.81709115435264,Urban,0,Web,1,0,0.0
0,0,4,215.85286751382864,Urban,1,Web,0,0,0.0
0,1,11,1069.7667835925915,Suburban,0,Web,0,0,0.0
0,1,7,259.06944631939757,Suburban,0,Web,0,0,0.0
0,0,1,51.80461885432785,Urban,0,Web,0,0,0.0
0,0,1,50.77821440362825,Urban,0,Web,1,0,0.0
1,0,6,11.840070464594518,Rural,0,Multichannel,1,0,0.0
0,1,9,253.2810189543119,Suburban,0,Phone,0,0,0.0
0,1,11,55.6394819453535,Urban,0,Web,0,0,0.0
0,1,9,92.5986355126096,Suburban,0,Multichannel,0,0,0.0
0,0,4,695.3402168487352,Suburban,1,Web,0,0,0.0
1,0,8,93.28686638697609,Rural,0,Web,0,0,0.0
0,1,8,2975.2517769796714,Suburban,0,Multichannel,0,0,0.0
1,0,2,256.5701371062151,Rural,0,Web,0,0,0.0
1,0,3,13.820482931079862,Urban,0,Multichannel,0,0,0.0
0,0,12,461.61851135225663,Suburban,0,Web,0,0,0.0
0,0,11,62.039668562219525,Suburban,0,Web,0,0,0.0
0,0,11,349.57822090647755,Rural,1,Web,0,0,0.0
0,1,8,113.39532163019652,Suburban,0,Web,0,0,0.0
0,1,5,156.65627968264414,Rural,0,Multichannel,0,0,0.0
0,0,3,181.37005451166115,Suburban,0,Multichannel,0,0,0.0
0,1,6,467.5360428353452,Urban,0,Phone,1,1,72.34532222806027
0,0,1,86.53246367363057,Rural,0,Web,0,0,0.0
0,0,1,112.46944120349134,Suburban,0,Web,1,1,22.48750110585815
0,0,6,62.42618986303667,Urban,0,Web,1,1,35.5320617154868
1,0,4,79.25122120433858,Urban,0,Phone,0,0,0.0
1,0,12,203.34266078766484,Rural,0,Multichannel,0,0,0.0
1,0,8,602.9936767965396,Urban,0,Web,0,0,0.0
0,0,11,1160.2423990245081,Urban,0,Multichannel,0,0,0.0
0,1,2,98.92655354065855,Suburban,0,Multichannel,0,0,0.0
0,0,7,106.5774582378991,Urban,0,Web,1,0,0.0
0,1,11,323.5150402584909,Urban,1,Web,0,0,0.0
0,0,6,80.05885312706292,Suburban,0,Web,0,0,0.0
0,0,6,314.7310486456781,Suburban,0,Web,0,0,0.0
1,0,11,716.6305314735501,Urban,0,Web,0,0,0.0
1,0,8,166.4178028078342,Urban,0,Multichannel,0,0,0.0
0,0,10,191.66585437638832,Urban,0,Web,0,0,0.0
0,0,2,89.48057239612385,Urban,0,Phone,0,0,0.0
0,1,1,292.69476468495327,Urban,0,Phone,0,0,0.0
0,0,1,153.70610585041737,Suburban,0,Web,0,0,0.0
0,1,12,232.84861358556793,Urban,0,Web,1,0,0.0
0,1,7,224.6271056686658,Suburban,0,Phone,0,0,0.0
0,1,11,311.352544685192,Suburban,0,Multichannel,0,0,0.0
0,1,1,88.80787552406086,Urban,0,Web,0,0,0.0
1,0,1,44.99864007005045,Suburban,0,Multichannel,0,0,0.0
0,1,10,37.12983819776819,Suburban,1,Multichannel,0,0,0.0
0,0,5,68.62950430803807,Suburban,1,Multichannel,0,0,0.0
0,1,4,254.82288825483914,Suburban,0,Web,0,0,0.0
1,0,5,155.52186251874147,Rural,1,Phone,0,0,0.0
1,0,4,42.630229431370424,Suburban,0,Web,0,0,0.0
1,0,1,154.03045736862722,Urban,0,Web,1,0,0.0
0,1,11,11.065702045403231,Rural,1,Multichannel,0,0,0.0
1,0,10,1148.5021951550452,Suburban,0,Phone,0,0,0.0
1,0,1,99.09620297479562,Rural,0,Web,0,0,0.0
0,1,2,194.33940990085,Suburban,0,Phone,1,0,0.0
0,0,11,148.77251654836712,Urban,0,Multichannel,1,0,0.0
0,1,10,1135.4465882557472,Rural,1,Web,0,0,0.0
1,0,12,559.7794357247691,Rural,0,Multichannel,1,0,0.0
0,0,8,60.865081880388324,Suburban,0,Phone,0,0,0.0
1,0,2,97.56906290318318,Rural,0,Multichannel,0,0,0.0
1,0,5,18.355714370006204,Rural,0,Web,0,0,0.0
0,1,9,616.0217968844212,Suburban,0,Web,0,0,0.0
1,0,10,49.692299901705375,Suburban,1,Multichannel,0,0,0.0
0,0,1,29.532676671694777,Suburban,0,Web,1,0,0.0
0,1,2,187.98012575302326,Suburban,0,Web,0,0,0.0
0,0,1,37.90399604989048,Urban,0,Web,0,0,0.0
0,0,8,58.873889462823826,Urban,0,Web,0,0,0.0
0,0,4,55.32997228151833,Urban,0,Multichannel,0,0,0.0
0,1,12,216.05613329783742,Suburban,1,Multichannel,0,0,0.0
1,0,11,1232.0773741700045,Suburban,0,Web,0,0,0.0
1,0,6,221.16454916777047,Urban,0,Web,0,0,0.0
0,1,3,197.56329850490346,Rural,0,Phone,0,0,0.0
1,0,1,76.58580864076238,Urban,0,Phone,0,0,0.0
0,1,1,165.82366878337683,Suburban,0,Multichannel,0,0,0.0
1,0,1,170.87718853528696,Urban,0,Multichannel,0,0,0.0
1,0,7,379.9725949128172,Suburban,1,Web,0,0,0.0
1,0,4,302.36054490989716,Suburban,0,Multichannel,0,0,0.0
1,0,11,179.64112298958278,Rural,0,Phone,0,0,0.0
1,0,9,91.93906601933938,Suburban,0,Web,0,0,0.0
0,1,3,122.86077921042828,Urban,1,Multichannel,0,0,0.0
0,0,4,352.8852678900438,Rural,0,Multichannel,0,0,0.0
0,0,12,129.41770878018175,Urban,1,Web,1,0,0.0
0,0,2,137.01916672171453,Rural,0,Web,0,0,0.0
0,1,12,330.05173994034794,Urban,1,Phone,1,0,0.0
1,0,4,14.471249295171397,Urban,0,Multichannel,0,0,0.0
0,0,1,336.8549333449117,Urban,0,Web,1,1,35.043377847491286
1,0,6,61.68649619786849,Suburban,0,Multichannel,0,0,0.0
1,0,12,40.38395861250709,Suburban,1,Phone,0,0,0.0
0,0,1,146.02533920009742,Suburban,0,Multichannel,1,0,0.0
0,0,8,14.36993694467867,Suburban,0,Multichannel,0,0,0.0
0,0,1,89.88929875986497,Rural,0,Web,0,0,0.0
0,1,2,508.0119513382198,Urban,0,Phone,1,1,23.25485342182966
0,0,1,33.22336761458055,Rural,0,Multichannel,0,0,0.0
0,0,7,165.05239387989508,Suburban,0,Web,0,0,0.0
1,0,10,63.52301970517591,Suburban,0,Multichannel,0,0,0.0
1,0,3,344.58762277265276,Urban,0,Phone,0,0,0.0
1,0,1,121.51439860887746,Urban,0,Multichannel,1,1,22.40867548447121
1,0,6,38.054431290523794,Urban,1,Web,0,0,0.0
1,0,10,366.08581219679206,Suburban,0,Web,0,0,0.0
0,1,1,432.41073378327894,Suburban,0,Web,0,0,0.0
0,0,11,120.27359262834923,Rural,1,Multichannel,0,0,0.0
0,1,1,1750.9220259979588,Urban,0,Web,0,0,0.0
0,1,12,150.1578528351524,Urban,0,Web,1,0,0.0
0,1,3,41.2437304145406,Urban,0,Web,0,0,0.0
0,1,3,389.0748276404847,Urban,0,Web,1,1,19.608875741275547
1,0,3,318.14374625136134,Urban,1,Web,0,0,0.0
0,1,10,155.61761994938044,Suburban,0,Phone,1,0,0.0
0,1,10,173.41154316721122,Rural,0,Web,0,0,0.0
1,0,11,103.2201911818184,Suburban,0,Web,0,0,0.0
0,1,1,275.43915359478854,Urban,0,Phone,0,0,0.0
0,0,7,64.54074165383324,Rural,0,Multichannel,1,0,0.0
0,0,6,41.30927391670389,Urban,0,Web,0,0,0.0
0,0,11,129.06395030459603,Urban,0,Phone,0,0,0.0
0,0,11,643.8486231674725,Urban,0,Web,1,0,0.0
0,0,5,90.0862675396477,Urban,0,Phone,0,0,0.0
1,0,8,238.0859803024538,Urban,0,Multichannel,0,0,0.0
0,1,1,52.642980430788235,Urban,0,Phone,1,0,0.0
0,0,5,1562.9651182491418,Urban,0,Web,0,0,0.0
1,0,7,67.51632586842733,Suburban,1,Web,0,0,0.0
1,0,8,208.64125995725243,Suburban,0,Web,0,0,0.0
0,1,12,170.20371960186392,Suburban,0,Phone,0,0,0.0
0,0,7,60.80553581995953,Suburban,0,Web,0,0,0.0
0,1,7,206.11245056902393,Urban,0,Web,0,0,0.0
0,0,4,510.1035688526928,Suburban,0,Web,0,0,0.0
0,1,9,484.7804394544178,Suburban,1,Phone,0,0,0.0
1,0,3,36.82443713266602,Suburban,0,Web,1,0,0.0
0,0,10,51.37308037678489,Rural,0,Web,1,0,0.0
0,1,2,516.7262833522358,Rural,1,Web,0,0,0.0
0,1,4,641.0139325431624,Rural,0,Multichannel,1,1,12.022698130295627
1,0,11,24.876901095405312,Suburban,0,Web,0,0,0.0
0,0,4,125.93222881290424,Suburban,0,Web,0,0,0.0
1,0,4,123.52081328957212,Suburban,0,Multichannel,1,0,0.0
1,0,1,29.873287568948427,Urban,1,Multichannel,0,0,0.0
0,0,2,92.06461959018162,Suburban,0,Multichannel,0,0,0.0
0,1,4,135.61597303527583,Urban,1,Phone,0,0,0.0
0,0,9,38.339819070772734,Rural,0,Multichannel,1,0,0.0
1,0,7,10.0,Suburban,0,Multichannel,0,0,0.0
0,1,10,127.38602105681599,Suburban,0,Phone,0,0,0.0
0,1,2,142.49347376761654,Suburban,0,Multichannel,0,0,0.0
0,0,12,233.862179027058,Urban,0,Multichannel,0,0,0.0
1,0,4,244.80179171921546,Urban,0,Multichannel,0,0,0.0
0,1,12,56.041566631246184,Suburban,0,Phone,0,0,0.0
1,0,6,124.60305989057973,Suburban,0,Web,1,1,26.968366588385766
0,1,1,43.69103850227383,Rural,0,Web,1,0,0.0
0,1,3,39.41509271815289,Urban,0,Web,0,0,0.0
0,0,1,64.1638344658646,Urban,0,Web,0,0,0.0
0,0,6,18.83375194645343,Urban,0,Web,0,0,0.0
1,0,12,81.5689099449266,Suburban,0,Web,0,0,0.0
0,0,10,151.0324373855754,Suburban,0,Multichannel,0,0,0.0
1,0,9,100.00833127096487,Rural,0,Multichannel,0,0,0.0
0,1,2,78.13701250903148,Urban,0,Web,1,0,0.0
0,1,1,65.33865099251447,Suburban,0,Multichannel,1,1,66.24780413282875
1,0,12,123.53965634233252,Urban,0,Web,0,0,0.0
0,1,1,502.24831807281004,Suburban,0,Multichannel,0,0,0.0
0,0,2,139.1546411764085,Suburban,0,Multichannel,0,0,0.0
1,0,10,121.24148039362386,Urban,0,Web,1,0,0.0
1,0,5,1171.1569398953109,Rural,0,Web,0,0,0.0
1,0,6,152.22418143529904,Suburban,0,Multichannel,1,1,12.628081281695403
1,0,11,148.7642309103107,Suburban,0,Multichannel,0,0,0.0
0,1,9,671.668186833361,Urban,0,Web,1,0,0.0
1,0,12,119.21942993439087,Suburban,0,Web,0,0,0.0
0,0,1,14.096025355567901,Suburban,0,Multichannel,0,0,0.0
0,0,7,456.19309113088036,Urban,0,Phone,0,0,0.0
1,0,9,68.61749648191235,Rural,0,Web,0,0,0.0
1,0,7,268.04182451763126,Urban,0,Multichannel,0,0,0.0
0,0,1,20.707890246999455,Rural,0,Web,1,0,0.0
0,1,11,233.16178524794222,Rural,0,Web,0,0,0.0
1,0,11,36.80504829280895,Suburban,0,Phone,0,0,0.0
1,0,1,293.63771880503106,Rural,1,Phone,0,0,0.0
0,1,4,332.44845748104296,Suburban,0,Web,1,0,0.0
1,0,6,167.5665541162618,Suburban,0,Web,0,0,0.0
0,1,1,196.47440584052922,Suburban,0,Multichannel,0,0,0.0
0,0,6,395.2414973964129,Suburban,0,Phone,0,0,0.0
0,0,9,82.59068762076632,Rural,0,Phone,0,0,0.0
0,0,6,10.0,Urban,1,Web,0,0,0.0
0,1,3,387.417266073458,Rural,0,Web,0,0,0.0
0,0,3,25.170510807362543,Urban,0,Web,0,0,0.0
0,1,2,241.8343248157844,Rural,0,Multichannel,0,0,0.0
1,0,2,288.0581685304123,Suburban,0,Web,0,0,0.0
1,0,2,23.813646678220863,Suburban,0,Web,0,0,0.0
0,0,10,20.0322924299425,Rural,1,Multichannel,0,0,0.0
0,1,3,178.6073158682872,Suburban,1,Web,0,0,0.0
0,1,6,396.53267627136796,Suburban,1,Web,0,0,0.0
0,1,1,193.17744830828124,Rural,0,Multichannel,0,0,0.0
0,0,1,314.1506413407408,Rural,0,Multichannel,0,0,0.0
1,0,4,108.1102440405688,Urban,0,Web,1,0,0.0
0,0,7,109.51632227080793,Urban,0,Phone,0,0,0.0
1,0,5,329.45471763411683,Suburban,0,Multichannel,0,0,0.0
0,1,1,77.06845420081805,Suburban,0,Web,1,0,0.0
0,0,5,103.74834423426364,Suburban,0,Web,0,0,0.0
1,0,5,162.51763156313314,Urban,0,Multichannel,1,1,36.846828769929786
0,1,3,402.4906595193664,Suburban,0,Multichannel,0,0,0.0
0,1,1,23.70256186408097,Suburban,0,Multichannel,0,0,0.0
0,0,6,128.82157652235082,Suburban,0,Web,0,0,0.0
0,0,2,171.43604655459296,Suburban,0,Phone,0,0,0.0
0,0,2,119.01568805414736,Rural,1,Phone,0,0,0.0
0,0,1,41.0631143266141,Rural,0,Web,1,1,10.0
0,0,10,66.35758509182159,Urban,0,Multichannel,0,0,0.0
0,1,1,94.91164901460668,Suburban,1,Web,0,0,0.0
0,1,5,64.41977175317571,Rural,0,Web,0,0,0.0
1,0,12,1283.021529763301,Rural,0,Phone,0,0,0.0
1,0,3,1090.52504191889,Rural,0,Web,0,0,0.0
1,0,3,103.04844895349727,Urban,0,Web,0,0,0.0
1,0,4,1425.4721632729565,Rural,0,Phone,0,0,0.0
1,0,11,40.738018097296404,Suburban,0,Web,0,0,0.0
0,0,6,37.2028605257729,Suburban,1,Multichannel,0,0,0.0
1,0,12,4777.688206577967,Urban,0,Multichannel,0,0,0.0
0,1,1,66.6324728666175,Suburban,0,Web,0,0,0.0
0,0,9,80.13171072800789,Rural,1,Phone,0,0,0.0
0,0,12,115.08524070461415,Rural,0,Web,1,0,0.0
0,1,2,185.34275985591626,Suburban,0,Web,0,0,0.0
0,1,1,138.95530476702731,Suburban,0,Phone,0,0,0.0
0,0,2,45.12188965727226,Suburban,0,Web,0,0,0.0
0,0,2,101.63290813521957,Urban,0,Multichannel,1,0,0.0
1,0,10,68.13269711418342,Suburban,0,Web,0,0,0.0
0,1,4,151.69373218683677,Rural,0,Web,0,0,0.0
0,1,11,284.32278018062004,Urban,0,Phone,0,0,0.0
0,1,11,77.46702244224663,Suburban,0,Web,0,0,0.0
1,0,1,77.87432226003054,Urban,0,Web,0,0,0.0
0,1,3,297.9317002060035,Suburban,0,Web,0,0,0.0
0,0,5,42.596533446434194,Suburban,0,Multichannel,0,0,0.0
0,1,1,32.62742912548768,Urban,0,Web,0,0,0.0
1,0,2,1643.5990101684388,Suburban,0,Web,0,0,0.0
0,0,2,1572.2276285569392,Urban,0,Phone,0,0,0.0
0,1,12,244.01712365260556,Rural,0,Web,0,0,0.0
0,0,1,105.18412157417704,Suburban,1,Web,0,0,0.0
0,1,11,134.28718909467253,Suburban,0,Multichannel,0,0,0.0
1,0,11,379.6918342869181,Suburban,0,Web,0,0,0.0
0,1,4,40.2101138929819,Suburban,0,Multichannel,0,0,0.0
0,0,1,72.42430664557746,Rural,1,Phone,0,0,0.0
0,1,12,132.1796544899367,Suburban,1,Phone,1,0,0.0
0,1,11,1020.6850355668195,Rural,0,Multichannel,0,0,0.0
1,0,6,98.27746291542843,Suburban,1,Phone,0,0,0.0
0,1,10,239.85053076538085,Rural,0,Phone,0,0,0.0
1,0,1,58.03855839256155,Rural,1,Phone,1,0,0.0
0,0,3,97.37481178844764,Rural,1,Web,0,0,0.0
0,0,11,77.33354971266786,Urban,0,Multichannel,0,0,0.0
0,0,3,73.68641481843984,Urban,1,Phone,0,0,0.0
1,0,6,19.874385062516247,Suburban,1,Web,0,0,0.0
0,1,8,177.01554646007844,Suburban,0,Web,0,0,0.0
1,0,7,71.64180101886268,Suburban,0,Multichannel,0,0,0.0
1,0,11,32.85600152668139,Suburban,0,Web,0,0,0.0
0,0,2,233.53708636800553,Rural,0,Web,0,0,0.0
1,0,3,558.6827961925148,Urban,0,Web,0,0,0.0
0,0,12,89.46004341552728,Suburban,1,Web,0,0,0.0
1,0,7,62.84609248800465,Rural,0,Web,0,0,0.0
1,0,3,44.17288203259839,Suburban,0,Multichannel,0,0,0.0
1,0,6,237.41035942630302,Urban,0,Phone,0,0,0.0
0,1,3,88.72023405579255,Suburban,0,Web,0,0,0.0
0,0,6,211.94702774412482,Urban,0,Web,0,0,0.0
0,0,9,21.113022798341916,Rural,0,Web,0,0,0.0
0,1,1,69.54067684693766,Rural,0,Phone,0,0,0.0
1,0,4,206.45527313679048,Urban,0,Multichannel,0,0,0.0
1,0,1,107.30825145050134,Suburban,0,Web,1,0,0.0
0,1,12,1062.4184485708283,Suburban,0,Web,0,0,0.0
0,1,4,122.64784409858459,Suburban,0,Phone,0,0,0.0
0,0,1,129.52085658012444,Suburban,1,Web,0,0,0.0
0,0,7,273.748237485453,Rural,0,Web,0,0,0.0
0,1,12,153.0735276068695,Suburban,0,Phone,0,0,0.0
1,0,1,138.10403248293426,Urban,0,Phone,0,0,0.0
0,1,4,300.44247370150936,Suburban,1,Multichannel,0,0,0.0
0,0,12,120.89320500616816,Urban,0,Multichannel,1,0,0.0
0,0,4,1704.0426142415286,Suburban,0,Phone,1,0,0.0
0,0,1,258.46107562169755,Suburban,0,Phone,0,0,0.0
0,1,10,119.39891988349825,Suburban,0,Multichannel,0,0,0.0
0,1,4,370.44633545391764,Suburban,0,Multichannel,0,0,0.0
0,1,4,85.8790529675669,Suburban,0,Multichannel,0,0,0.0
1,0,4,1507.0809478522237,Suburban,1,Web,0,0,0.0
0,0,5,38.969749303432394,Suburban,0,Web,0,0,0.0
0,1,7,413.0576609483449,Suburban,0,Multichannel,0,0,0.0
0,0,3,181.71366606459137,Suburban,0,Multichannel,0,0,0.0
0,0,11,395.8472078231666,Rural,0,Phone,0,0,0.0
1,0,5,121.12266616255386,Rural,0,Phone,0,0,0.0
0,1,3,210.3534890884202,Suburban,0,Multichannel,1,1,55.125030497657804
0,0,3,55.94043425112064,Urban,0,Web,0,0,0.0
1,0,12,212.99700076326457,Suburban,1,Phone,0,0,0.0
0,0,12,67.08030820794282,Suburban,0,Web,0,0,0.0
1,0,4,267.89661651641643,Suburban,0,Multichannel,0,0,0.0
0,1,5,13.283784756851865,Urban,0,Multichannel,0,0,0.0
0,0,8,221.08283955725287,Rural,0,Multichannel,0,0,0.0
0,1,1,58.96885731638826,Urban,0,Phone,0,0,0.0
0,1,3,128.49515299505623,Suburban,0,Multichannel,0,0,0.0
1,0,2,506.8907714735555,Rural,0,Phone,1,0,0.0
1,0,1,99.26060705335202,Rural,0,Web,0,0,0.0
1,0,7,18.69062602617533,Suburban,0,Web,0,0,0.0
1,0,7,1061.4886098111385,Suburban,0,Web,0,0,0.0
1,0,9,367.2999913684703,Suburban,0,Web,0,0,0.0
0,0,10,63.8214724843956,Suburban,0,Phone,0,0,0.0
0,0,3,602.0571529386917,Rural,1,Web,0,0,0.0
0,0,2,45.840916650752575,Rural,0,Multichannel,0,0,0.0
1,0,5,113.60210963757079,Suburban,0,Multichannel,1,0,0.0
0,0,7,927.9374940952746,Rural,0,Multichannel,0,0,0.0
1,0,8,573.8526345209448,Suburban,0,Web,0,0,0.0
0,0,10,500.1925023101908,Rural,0,Web,0,0,0.0
0,0,3,163.1775256393234,Suburban,0,Web,0,0,0.0
1,0,4,84.84635411704396,Urban,0,Phone,0,0,0.0
0,1,2,49.65050304158242,Suburban,0,Web,0,0,0.0
0,1,1,698.7311108571844,Rural,1,Phone,1,0,0.0
0,1,8,287.88298766029396,Suburban,0,Multichannel,0,0,0.0
0,1,3,182.8878940865072,Urban,0,Web,0,0,0.0
0,1,5,253.58509844752166,Urban,0,Web,0,0,0.0
1,0,4,114.72784181931765,Suburban,0,Web,0,0,0.0
0,0,3,43.36034139465132,Suburban,0,Web,0,0,0.0
0,0,5,139.25052126853402,Urban,0,Multichannel,0,0,0.0
1,0,4,240.14068548341865,Suburban,0,Phone,0,0,0.0
0,1,11,62.223195774707115,Rural,0,Phone,0,0,0.0
1,0,3,255.23072216297894,Suburban,0,Phone,1,0,0.0
0,1,12,18.405975938259058,Suburban,0,Web,0,0,0.0
0,0,4,90.3867206746899,Suburban,0,Phone,0,0,0.0
0,0,2,81.07681671883762,Urban,1,Phone,0,0,0.0
1,0,3,168.88940704797065,Rural,0,Web,0,0,0.0
0,0,1,165.2153860137147,Rural,1,Web,0,0,0.0
0,0,12,99.77674154927416,Urban,0,Multichannel,0,0,0.0
1,0,4,221.30026054255072,Suburban,0,Phone,1,0,0.0
1,0,5,10.0,Suburban,0,Multichannel,0,0,0.0
0,1,12,122.98184776545364,Suburban,1,Web,0,0,0.0
1,0,2,95.85632463090045,Urban,0,Phone,0,0,0.0
0,0,1,31.90094247841051,Urban,1,Web,1,0,0.0
1,0,8,44.655904968023115,Suburban,0,Multichannel,0,0,0.0
0,0,12,36.48592162846088,Suburban,0,Web,0,0,0.0
1,0,11,202.415795166958,Suburban,0,Multichannel,0,0,0.0
0,1,4,317.50548053632485,Urban,0,Phone,1,0,0.0
1,0,3,96.48360788848167,Urban,0,Multichannel,0,0,0.0
1,0,7,98.68724150091953,Rural,0,Web,0,0,0.0
0,0,1,201.97414419759875,Suburban,1,Web,1,0,0.0
0,0,6,45.29188427606524,Rural,0,Multichannel,0,0,0.0
0,1,6,324.5739124166884,Rural,0,Multichannel,0,0,0.0
0,0,5,312.78660086954704,Urban,1,Web,0,0,0.0
1,0,10,394.21225883942833,Rural,0,Web,1,0,0.0
0,0,5,165.40983489387185,Suburban,0,Multichannel,1,0,0.0
0,1,5,352.90491583701413,Rural,0,Multichannel,0,0,0.0
0,1,12,46.50336684350472,Suburban,0,Multichannel,0,0,0.0
1,0,5,288.3105882529473,Suburban,0,Phone,0,0,0.0
1,0,9,268.26314578145843,Rural,0,Phone,0,0,0.0
0,0,8,795.1043657401351,Suburban,0,Web,0,0,0.0
1,0,9,35.45515012241537,Urban,0,Web,1,0,0.0
0,0,2,120.7638107590621,Suburban,0,Web,0,0,0.0
0,1,1,390.7914937308241,Suburban,0,Phone,0,0,0.0
0,1,12,3086.257469887193,Urban,0,Phone,0,0,0.0
0,1,4,221.53657978215875,Urban,0,Phone,0,0,0.0
1,0,7,413.44327690609884,Suburban,1,Multichannel,0,0,0.0
0,0,4,721.1833564078086,Suburban,0,Web,0,0,0.0
0,0,9,2794.815935108948,Suburban,0,Web,0,0,0.0
0,1,6,31.25194793001818,Suburban,0,Web,0,0,0.0
0,1,1,546.5793571241802,Rural,0,Multichannel,1,1,52.48749152640898
1,0,8,139.8558220565,Rural,0,Web,0,0,0.0
0,1,2,93.92807891136326,Urban,1,Web,0,0,0.0
1,0,7,118.43608590209844,Urban,1,Multichannel,0,0,0.0
0,0,4,49.04414091126685,Suburban,0,Multichannel,0,0,0.0
0,0,1,804.4463507156543,Suburban,1,Multichannel,1,0,0.0
1,0,1,459.2762751231246,Suburban,0,Phone,0,0,0.0
0,1,4,255.11148030852306,Suburban,0,Multichannel,0,0,0.0
0,0,4,55.51088180828666,Urban,0,Multichannel,0,0,0.0
0,1,4,93.69921691169866,Urban,0,Phone,0,0,0.0
0,0,5,495.37971213603385,Suburban,1,Web,0,0,0.0
1,0,4,21.456259008566068,Suburban,0,Phone,0,0,0.0
0,0,2,198.61812564221378,Suburban,1,Multichannel,1,0,0.0
1,0,8,213.24716207386254,Suburban,0,Phone,0,0,0.0
1,0,4,159.22908614546589,Urban,0,Web,1,0,0.0
1,0,5,246.8670827949958,Rural,1,Phone,0,0,0.0
0,0,8,672.4948383362672,Urban,0,Web,1,0,0.0
0,0,7,356.8780664016774,Suburban,0,Multichannel,1,0,0.0
0,0,6,461.2568721074062,Rural,0,Web,0,0,0.0
1,0,5,684.8834018812508,Rural,0,Web,0,0,0.0
1,0,6,637.97349907549,Urban,0,Web,0,0,0.0
1,0,1,205.42980309405144,Suburban,0,Web,0,0,0.0
0,1,8,238.39321529767824,Suburban,0,Web,0,0,0.0
1,0,4,207.21816079577647,Suburban,0,Phone,0,0,0.0
1,0,6,35.21746508046704,Suburban,0,Phone,0,0,0.0
0,1,7,125.57282988287757,Urban,0,Web,0,0,0.0
0,1,10,43.390413542881774,Suburban,1,Multichannel,0,0,0.0
1,0,4,492.0345045576843,Urban,0,Phone,1,1,39.26539946794873
1,0,8,28.90926914586829,Suburban,0,Phone,1,0,0.0
0,0,4,67.74047593993068,Urban,0,Web,0,0,0.0
0,0,4,42.4794457064301,Urban,0,Web,0,0,0.0
0,0,11,186.28677015906808,Suburban,0,Multichannel,0,0,0.0
1,0,4,2209.821559445408,Suburban,0,Web,1,0,0.0
0,1,3,658.6815050304043,Urban,0,Multichannel,0,0,0.0
1,0,12,183.70684224172334,Suburban,0,Phone,1,0,0.0
0,0,7,179.8876196944218,Suburban,0,Phone,0,0,0.0
0,0,2,157.43389125525172,Suburban,0,Multichannel,0,0,0.0
0,1,8,913.3763448595668,Rural,0,Web,1,0,0.0
1,0,11,3615.1600123656094,Rural,0,Multichannel,1,0,0.0
0,1,5,1081.3333974058567,Suburban,0,Web,1,0,0.0
0,1,11,844.897350727537,Rural,0,Web,0,0,0.0
0,0,5,115.99966529048307,Suburban,0,Web,0,0,0.0
1,0,10,161.3096563607504,Urban,0,Phone,1,0,0.0
1,0,1,233.77900115924297,Rural,0,Web,0,0,0.0
1,0,4,202.96912659752383,Rural,0,Multichannel,0,0,0.0
0,1,12,468.98807719856427,Suburban,0,Phone,1,0,0.0
0,0,8,154.52155656578117,Suburban,0,Multichannel,0,0,0.0
0,0,8,231.40359303070792,Suburban,1,Web,0,0,0.0
0,0,9,21.40834572643319,Urban,0,Phone,0,0,0.0
1,0,12,81.81264091930153,Suburban,0,Web,0,0,0.0
0,1,6,78.07041020168786,Urban,1,Web,0,0,0.0
1,0,2,910.881620272761,Urban,1,Web,1,0,0.0
1,0,3,217.8871049346015,Suburban,0,Web,0,0,0.0
0,0,3,432.32321077225214,Urban,0,Multichannel,0,0,0.0
0,1,1,274.7826268276821,Suburban,1,Web,0,0,0.0
1,0,12,52.20744948588642,Rural,0,Web,0,0,0.0
0,0,7,88.7543506558565,Rural,1,Web,0,0,0.0
0,0,1,328.4801147236138,Suburban,0,Phone,1,0,0.0
0,0,1,69.37212542795938,Suburban,1,Web,0,0,0.0
0,1,4,54.84226892305457,Urban,1,Web,1,0,0.0
1,0,12,733.3938655127602,Suburban,0,Phone,0,0,0.0
1,0,3,133.06403930524473,Suburban,0,Web,0,0,0.0
1,0,4,630.3295514376432,Suburban,1,Web,0,0,0.0
0,0,11,92.19292325229495,Suburban,0,Web,0,0,0.0
0,1,1,367.8590573812274,Suburban,1,Phone,0,0,0.0
1,0,11,156.94215280327526,Suburban,0,Web,1,1,62.3799957975666
0,1,1,197.92201197127767,Suburban,1,Web,0,0,0.0
1,0,5,4715.581159725886,Suburban,1,Multichannel,0,0,0.0
0,0,4,81.1106018170344,Urban,0,Phone,0,0,0.0
0,1,2,657.4143801604489,Suburban,0,Web,1,0,0.0
0,1,12,323.518913377954,Urban,1,Web,0,0,0.0
0,0,12,79.97151014645169,Urban,1,Multichannel,0,0,0.0
1,0,1,173.50043241005096,Urban,0,Web,0,0,0.0
0,0,3,185.09260770688527,Suburban,0,Web,0,0,0.0
0,1,1,149.91159576193937,Suburban,0,Multichannel,0,0,0.0
0,0,6,235.61638232317702,Rural,0,Multichannel,0,0,0.0
0,1,2,15.256224343655996,Urban,0,Web,0,0,0.0
0,0,11,94.25430442063629,Rural,1,Multichannel,1,0,0.0
1,0,1,204.58129083407678,Rural,0,Web,0,0,0.0
0,0,5,234.92655490155568,Suburban,1,Web,0,0,0.0
1,0,12,385.317489840567,Suburban,0,Web,1,0,0.0
1,0,1,554.5189313080218,Urban,0,Web,0,0,0.0
0,1,7,54.23517473642556,Rural,0,Web,1,0,0.0
1,0,11,65.6536593469934,Urban,0,Web,0,0,0.0
1,0,7,21.58459687291505,Urban,0,Multichannel,0,0,0.0
1,0,5,94.46411039498382,Urban,1,Multichannel,0,0,0.0
0,1,6,42.26202671172993,Suburban,0,Web,0,0,0.0
1,0,2,39.80008756684012,Suburban,0,Multichannel,0,0,0.0
0,1,6,342.9010259891333,Urban,0,Web,0,0,0.0
0,1,4,241.0957906905337,Rural,0,Multichannel,0,0,0.0
0,0,10,457.9531163025121,Urban,1,Phone,0,0,0.0
0,1,2,381.3268001649327,Rural,0,Multichannel,1,0,0.0
0,1,2,1424.4263388758998,Suburban,0,Web,0,0,0.0
1,0,3,54.17356114429822,Urban,1,Phone,0,0,0.0
0,1,12,10.0,Rural,0,Web,0,0,0.0
0,1,6,67.39716521345332,Suburban,0,Phone,0,0,0.0
0,1,11,144.62261243292355,Urban,0,Web,0,0,0.0
0,1,3,377.44548438336807,Urban,0,Web,0,0,0.0
1,0,1,34.912804789358596,Suburban,0,Web,0,0,0.0
0,1,5,176.13956331258257,Rural,1,Web,1,0,0.0
0,0,4,584.8009566896376,Rural,1,Web,0,0,0.0
1,0,9,79.40020413298167,Rural,0,Web,0,0,0.0
0,1,11,24.36135022136029,Rural,0,Web,0,0,0.0
0,0,1,124.72450033254266,Urban,0,Multichannel,0,0,0.0
1,0,4,10.0,Urban,1,Web,1,0,0.0
0,0,12,375.52703684446743,Rural,0,Phone,0,0,0.0
1,0,6,503.4056238804225,Suburban,1,Web,0,0,0.0
1,0,8,391.1153141945697,Rural,0,Phone,1,0,0.0
1,0,12,1069.4413025202623,Suburban,0,Multichannel,0,0,0.0
0,0,5,415.87832080781885,Urban,0,Multichannel,0,0,0.0
0,1,2,392.4206109329675,Suburban,0,Web,1,0,0.0
1,0,10,116.78214912950209,Rural,0,Phone,0,0,0.0
0,1,8,349.1835312968048,Urban,0,Web,0,0,0.0
0,1,11,41.58205796232106,Urban,0,Phone,1,0,0.0
0,0,4,71.21882241749702,Urban,0,Phone,0,0,0.0
0,0,10,693.1739757723514,Suburban,1,Web,0,0,0.0
0,0,11,199.0497717076158,Suburban,0,Multichannel,0,0,0.0
0,0,8,254.04984459619052,Suburban,0,Phone,0,0,0.0
0,0,3,272.1122003757389,Suburban,0,Multichannel,0,0,0.0
1,0,3,149.22625341152445,Suburban,1,Web,0,0,0.0
0,1,3,190.31310552215837,Rural,1,Web,0,0,0.0
1,0,5,14.672900885497583,Suburban,1,Web,0,0,0.0
1,0,7,183.40962976703693,Urban,0,Web,0,0,0.0
0,1,5,25.97970389158763,Suburban,0,Web,0,0,0.0
1,0,1,908.6105524446248,Urban,0,Web,0,0,0.0
1,0,4,38.190391702971276,Suburban,0,Multichannel,0,0,0.0
1,0,3,755.370576814653,Suburban,0,Web,1,0,0.0
0,1,11,74.0179920193843,Rural,0,Web,0,0,0.0
0,0,3,661.6587617856121,Suburban,0,Multichannel,0,0,0.0
0,0,12,148.01589217203752,Urban,0,Web,0,0,0.0
0,0,3,40.91597947038501,Suburban,1,Multichannel,0,0,0.0
0,1,1,70.16654020718784,Suburban,0,Phone,0,0,0.0
1,0,2,165.50757865350698,Rural,1,Phone,0,0,0.0
0,0,3,162.94378948780607,Suburban,0,Multichannel,0,0,0.0
1,0,4,68.97692542372599,Rural,1,Phone,0,0,0.0
0,0,11,471.1467164890828,Suburban,0,Multichannel,0,0,0.0
1,0,2,199.4179152593552,Suburban,0,Phone,0,0,0.0
0,0,1,25.680257117712472,Urban,0,Multichannel,0,0,0.0
0,0,5,683.3785058955873,Suburban,0,Multichannel,0,0,0.0
0,0,2,27.569115050941736,Suburban,0,Multichannel,0,0,0.0
1,0,12,181.55214092593988,Suburban,0,Phone,0,0,0.0
0,0,10,238.61521285031355,Urban,1,Web,0,0,0.0
0,0,4,50.507213887420036,Urban,0,Phone,0,0,0.0
0,1,4,52.78908205345641,Rural,0,Multichannel,0,0,0.0
1,0,5,120.23906305371787,Rural,0,Multichannel,0,0,0.0
0,0,7,641.945043820505,Suburban,1,Multichannel,0,0,0.0
0,1,4,57.76757226566624,Suburban,0,Multichannel,0,0,0.0
0,0,3,767.6083988514955,Urban,0,Multichannel,0,0,0.0
1,0,1,125.42414751835929,Suburban,1,Web,0,0,0.0
0,0,11,10.0,Urban,0,Web,0,0,0.0
0,0,2,202.15484411962754,Suburban,0,Web,0,0,0.0
1,0,2,190.52878774885627,Urban,0,Web,1,0,0.0
0,0,4,137.72424532685102,Suburban,0,Web,0,0,0.0
0,1,9,108.87742480990141,Suburban,0,Multichannel,1,1,27.80679401966256
1,0,2,171.48253631481307,Suburban,0,Web,1,1,25.27945145896152
1,0,3,24.407100548653727,Suburban,0,Multichannel,1,0,0.0
1,0,2,365.8427479901499,Suburban,0,Web,0,0,0.0
0,1,4,462.02639889019343,Urban,0,Multichannel,0,0,0.0
0,1,3,460.20697687538785,Suburban,0,Web,0,0,0.0
1,0,11,437.7225519921663,Rural,0,Web,0,0,0.0
1,0,10,455.39066005693564,Rural,0,Multichannel,0,0,0.0
1,0,12,597.8889133614703,Suburban,0,Phone,0,0,0.0
0,1,4,37.50088181103755,Urban,0,Web,0,0,0.0
1,0,7,42.56690013747453,Suburban,0,Web,0,0,0.0
1,0,4,79.36618286088971,Urban,1,Multichannel,0,0,0.0
0,0,4,206.77963893206498,Rural,0,Web,0,0,0.0
0,0,6,61.94008977823229,Urban,0,Web,0,0,0.0
0,0,12,394.17027906853485,Urban,0,Web,1,0,0.0
0,1,2,25.139765163469296,Urban,1,Multichannel,0,0,0.0
1,0,1,566.1526067051134,Suburban,0,Phone,0,0,0.0
1,0,2,215.99595373718154,Suburban,0,Web,0,0,0.0
0,0,4,376.61229857227,Suburban,1,Web,0,0,0.0
0,1,11,261.18537092232964,Suburban,0,Multichannel,0,0,0.0
0,0,8,271.75757115357146,Urban,0,Multichannel,0,0,0.0
0,1,1,208.35227922671908,Urban,0,Multichannel,0,0,0.0
0,1,6,52.89385445415862,Urban,0,Web,0,0,0.0
0,0,2,98.34049175425102,Suburban,1,Web,0,0,0.0
1,0,8,290.1381677040895,Suburban,0,Web,0,0,0.0
0,1,5,30.79740157026897,Suburban,0,Web,0,0,0.0
0,1,2,755.8407407452187,Rural,0,Web,0,0,0.0
0,1,10,362.3858470402253,Suburban,0,Web,1,0,0.0
0,1,12,213.6817834770067,Suburban,0,Web,0,0,0.0
1,0,3,917.2876770599041,Rural,0,Web,0,0,0.0
0,1,6,162.99161333119602,Suburban,0,Web,0,0,0.0
1,0,1,286.6903963544623,Rural,1,Multichannel,0,0,0.0
1,0,12,369.55440654609754,Suburban,0,Phone,0,0,0.0
0,1,3,122.08689960218985,Suburban,0,Web,0,0,0.0
0,0,3,107.8613813997836,Suburban,0,Phone,0,0,0.0
0,0,6,219.74179415875318,Urban,0,Multichannel,0,0,0.0
1,0,8,43.29641035904593,Rural,0,Web,0,0,0.0
1,0,5,340.4019595962058,Urban,1,Web,0,0,0.0
0,0,11,82.50916385721382,Suburban,0,Web,1,0,0.0
1,0,11,24.663333082187318,Suburban,0,Multichannel,0,0,0.0
1,0,4,171.43340801951402,Suburban,0,Web,0,0,0.0
0,1,9,228.71991482178598,Rural,0,Web,0,0,0.0
0,1,10,135.07925136208092,Suburban,0,Phone,0,0,0.0
0,0,1,454.89030617367575,Rural,0,Web,0,0,0.0
0,1,7,520.794728728337,Rural,1,Phone,0,0,0.0
0,1,8,24.14059175073175,Urban,0,Multichannel,0,0,0.0
0,0,2,90.26076845947973,Suburban,0,Phone,1,1,82.13357723661161
1,0,7,409.59625401950984,Suburban,0,Web,0,0,0.0
0,0,11,126.34880653169829,Urban,0,Phone,1,1,34.69714053568669
0,1,5,19.056597607928285,Suburban,0,Web,0,0,0.0
0,0,1,218.17080483599332,Suburban,0,Web,0,0,0.0
0,1,6,617.6289953985661,Rural,0,Multichannel,0,0,0.0
0,0,5,76.35414485265495,Suburban,1,Multichannel,0,0,0.0
0,0,11,688.8128173459879,Urban,0,Multichannel,0,0,0.0
0,1,9,245.30338704168656,Urban,1,Multichannel,0,0,0.0
1,0,12,167.34941024448972,Rural,1,Web,0,0,0.0
0,1,1,248.40336645498854,Suburban,0,Web,0,0,0.0
0,1,2,60.516866446136426,Suburban,0,Multichannel,0,0,0.0
0,0,1,565.950124114522,Suburban,0,Multichannel,1,0,0.0
1,0,7,181.98223539618039,Suburban,1,Web,0,0,0.0
0,0,1,61.87326633407467,Suburban,1,Multichannel,0,0,0.0
0,1,4,336.9492625541526,Urban,0,Multichannel,0,0,0.0
1,0,2,324.22235607779237,Suburban,0,Multichannel,0,0,0.0
1,0,6,97.01820284215333,Urban,0,Web,0,0,0.0
0,0,2,398.6975471824076,Urban,0,Multichannel,0,0,0.0
1,0,12,117.0993119900407,Rural,0,Web,0,0,0.0
0,0,1,97.31655095284665,Suburban,0,Multichannel,0,0,0.0
0,1,4,125.14144304303056,Urban,0,Multichannel,0,0,0.0
0,0,12,521.1045403123077,Urban,0,Web,1,0,0.0
1,0,1,324.66919535352775,Suburban,1,Web,0,0,0.0
0,1,4,286.3776310350515,Rural,0,Phone,1,0,0.0
0,1,3,105.99370166493779,Suburban,0,Phone,0,0,0.0
0,1,4,1708.3920907036318,Suburban,0,Phone,0,0,0.0
0,1,12,44.8684824902777,Urban,0,Multichannel,0,0,0.0
0,0,3,32.5442089795317,Suburban,0,Phone,0,0,0.0
0,0,1,374.93324366913123,Urban,0,Web,0,0,0.0
0,0,1,469.1755704551264,Rural,0,Web,0,0,0.0
1,0,5,194.80964901005123,Urban,0,Multichannel,0,0,0.0
0,1,1,95.48323643643056,Suburban,0,Web,0,0,0.0
0,0,1,452.24824380229586,Rural,0,Phone,0,0,0.0
0,1,4,69.34509288978778,Rural,0,Multichannel,0,0,0.0
0,0,3,58.114388450147686,Suburban,0,Multichannel,1,1,33.02407127719447
0,0,1,64.85655801742007,Suburban,0,Web,0,0,0.0
0,0,11,128.7412987626133,Suburban,0,Web,0,0,0.0
1,0,5,213.03511582401873,Urban,0,Phone,0,0,0.0
0,1,3,89.48272562507717,Rural,0,Web,1,0,0.0
0,1,8,380.24558200401935,Suburban,0,Web,0,0,0.0
0,0,2,171.92950476174846,Suburban,1,Web,0,0,0.0
0,0,1,433.2293583372305,Urban,1,Web,0,0,0.0
0,0,4,34.29939333100679,Urban,0,Web,1,0,0.0
0,1,1,127.25513660208982,Urban,0,Web,0,0,0.0
1,0,4,171.44361488950173,Suburban,0,Multichannel,0,0,0.0
1,0,4,14.744051279357594,Suburban,0,Web,0,0,0.0
1,0,1,50.53751222607995,Urban,1,Phone,0,0,0.0
0,0,8,25.12390733767784,Suburban,0,Phone,0,0,0.0
0,1,7,155.9653059007459,Rural,0,Multichannel,0,0,0.0
0,1,7,227.54889604233747,Suburban,0,Web,0,0,0.0
0,0,4,112.0873759739077,Suburban,0,Multichannel,1,0,0.0
0,1,11,16.031997992926183,Suburban,0,Multichannel,1,0,0.0
1,0,8,149.32667298832425,Suburban,0,Web,0,0,0.0
0,0,11,92.9617736596259,Suburban,0,Web,0,0,0.0
0,1,11,103.65042041269437,Suburban,1,Web,0,0,0.0
1,0,6,870.8850049536745,Urban,0,Phone,0,0,0.0
0,1,11,250.8288707878545,Suburban,0,Web,1,0,0.0
1,0,12,157.08374197906974,Rural,0,Phone,0,0,0.0
1,0,1,49.01970108702304,Urban,0,Multichannel,1,1,25.41972200870745
1,0,1,116.8789204895983,Rural,0,Web,0,0,0.0
1,0,1,147.88853993183426,Suburban,0,Multichannel,0,0,0.0
0,0,5,1987.9885534511213,Suburban,0,Phone,0,0,0.0
0,0,2,53.69874839014709,Suburban,0,Phone,0,0,0.0
1,0,6,76.6526061393068,Rural,0,Phone,0,0,0.0
0,1,2,208.5105963539396,Suburban,0,Web,0,0,0.0
1,0,4,97.13485970770284,Rural,0,Web,0,0,0.0
1,0,3,137.85807448564984,Rural,1,Web,0,0,0.0
1,0,1,74.7964041124167,Urban,0,Phone,0,0,0.0
1,0,3,64.94207517283931,Urban,0,Multichannel,0,0,0.0
0,0,10,21.045485355038565,Rural,1,Web,0,0,0.0
0,1,1,96.24362364347738,Urban,0,Web,0,0,0.0
1,0,2,21.726872305663722,Suburban,0,Web,0,0,0.0
0,0,4,446.58760026768584,Suburban,0,Web,0,0,0.0
1,0,1,172.38566875093275,Suburban,0,Multichannel,0,0,0.0
1,0,1,122.66636725721075,Suburban,0,Multichannel,1,0,0.0
0,0,8,160.94364837040155,Suburban,0,Phone,0,0,0.0
0,1,4,309.8322836167713,Suburban,0,Web,0,0,0.0
0,1,1,77.22759519683466,Suburban,1,Web,0,0,0.0
1,0,7,18.798779573974002,Suburban,1,Web,0,0,0.0
1,0,8,1090.0574693095557,Suburban,0,Web,1,0,0.0
0,0,5,66.53911072955238,Urban,0,Web,0,0,0.0
0,0,11,94.05284412131329,Suburban,0,Multichannel,0,0,0.0
0,0,10,433.30566032326465,Rural,0,Web,0,0,0.0
0,1,11,152.04817493662503,Urban,0,Phone,0,0,0.0
1,0,4,670.8074942491393,Suburban,0,Multichannel,0,0,0.0
0,0,12,149.6519631948748,Suburban,0,Multichannel,1,1,50.71107919509461
0,1,10,291.31559119719105,Urban,0,Phone,0,0,0.0
0,1,1,674.06191762044,Urban,0,Multichannel,1,1,19.61202728034939
0,1,8,165.56871241104474,Suburban,1,Web,0,0,0.0
0,0,5,27.622914674767742,Urban,0,Multichannel,0,0,0.0
0,0,11,406.4612775715606,Suburban,0,Phone,0,0,0.0
0,1,7,211.7922866669321,Suburban,0,Multichannel,0,0,0.0
0,0,2,149.62466147661647,Rural,0,Web,0,0,0.0
0,0,4,209.2233802682665,Urban,0,Web,0,0,0.0
1,0,7,85.40449541339532,Suburban,1,Multichannel,0,0,0.0
0,0,3,658.0034133604229,Suburban,0,Phone,0,0,0.0
0,0,4,121.41873389432308,Suburban,0,Web,0,0,0.0
0,1,4,718.9510514543188,Suburban,0,Web,1,0,0.0
0,1,1,274.52113657547756,Urban,0,Multichannel,0,0,0.0
0,0,1,333.23673929108634,Rural,0,Web,0,0,0.0
1,0,2,757.3138028326318,Suburban,0,Phone,1,0,0.0
0,1,6,362.09727501121455,Suburban,0,Phone,0,0,0.0
0,0,12,229.29461941087436,Suburban,1,Multichannel,0,0,0.0
0,0,2,153.39426406024936,Suburban,1,Web,0,0,0.0
0,1,2,281.02057466811004,Urban,0,Multichannel,1,1,23.480360587967425
0,0,3,122.19274770873562,Rural,1,Multichannel,0,0,0.0
1,0,1,219.95980573766357,Suburban,0,Web,0,0,0.0
1,0,3,798.0480207092551,Rural,1,Phone,1,0,0.0
1,0,11,42.08259586451083,Urban,0,Phone,0,0,0.0
0,1,2,114.02523357958158,Suburban,0,Web,0,0,0.0
0,1,12,48.29397507964078,Urban,0,Multichannel,0,0,0.0
0,1,1,175.8263154396766,Rural,0,Phone,0,0,0.0
1,0,11,169.93669549340783,Suburban,0,Web,0,0,0.0
0,0,12,43.66710368834158,Urban,0,Web,0,0,0.0
0,1,4,265.71382954007527,Urban,1,Multichannel,0,0,0.0
0,1,6,208.48124658468467,Rural,0,Web,0,0,0.0
0,0,12,15.050052179329844,Suburban,0,Phone,0,0,0.0
1,0,8,142.8415723158488,Suburban,0,Web,0,0,0.0
1,0,11,153.0753790330588,Suburban,0,Web,0,0,0.0
0,0,2,1222.1511917123144,Rural,1,Web,0,0,0.0
0,1,1,41.80566719049636,Urban,0,Web,0,0,0.0
0,1,8,535.7836382205022,Suburban,0,Web,1,0,0.0
0,1,12,91.07495667150893,Suburban,1,Multichannel,0,0,0.0
0,0,6,217.41021555945727,Suburban,0,Multichannel,0,0,0.0
0,1,4,19.941077727258566,Suburban,0,Web,1,0,0.0
1,0,1,1165.691038717075,Suburban,0,Web,0,0,0.0
1,0,4,223.68309467814797,Suburban,0,Multichannel,0,0,0.0
0,1,11,454.8092011839267,Suburban,1,Web,0,0,0.0
1,0,1,378.20973895121085,Urban,0,Web,0,0,0.0
1,0,1,120.80474082607618,Suburban,0,Multichannel,0,0,0.0
0,0,2,386.2692877790462,Suburban,0,Web,1,0,0.0
0,0,11,275.45523347812866,Suburban,0,Web,0,0,0.0
0,1,1,172.5796731613718,Suburban,0,Web,1,1,12.787257632529355
1,0,1,184.27951156192952,Suburban,0,Phone,1,1,14.363854344343464
0,1,6,274.0015943162232,Urban,0,Multichannel,0,0,0.0
0,1,1,180.92166354310967,Suburban,0,Multichannel,1,1,10.0
1,0,2,980.8212636830193,Rural,0,Phone,0,0,0.0
1,0,2,143.30965661993412,Rural,0,Multichannel,0,0,0.0
0,0,4,111.72607046198166,Urban,1,Phone,0,0,0.0
0,1,1,343.81328265611637,Urban,1,Phone,0,0,0.0
0,0,4,37.06622899204584,Suburban,0,Web,1,0,0.0
0,1,3,547.5683747202679,Suburban,0,Web,0,0,0.0
1,0,7,400.60661435380416,Suburban,0,Web,0,0,0.0
0,0,6,254.9526648154459,Urban,0,Web,0,0,0.0
0,1,2,35.3175322841372,Suburban,0,Web,0,0,0.0
1,0,1,542.1821315469329,Suburban,0,Web,0,0,0.0
1,0,5,342.1330930385836,Suburban,0,Multichannel,0,0,0.0
0,0,3,467.6921019228139,Rural,0,Web,0,0,0.0
0,1,9,541.747490182437,Urban,0,Web,1,0,0.0
1,0,1,149.66812092859078,Urban,0,Phone,0,0,0.0
0,1,1,173.15267044795692,Rural,0,Web,0,0,0.0
1,0,7,86.10553905732696,Urban,1,Web,0,0,0.0
1,0,6,26.275404534775397,Urban,0,Multichannel,0,0,0.0
0,1,9,1027.2286730954866,Suburban,0,Multichannel,1,0,0.0
0,0,3,27.561621702044324,Rural,1,Multichannel,0,0,0.0
0,1,5,96.21444681818181,Urban,0,Phone,0,0,0.0
0,1,2,156.34494729837948,Rural,0,Phone,0,0,0.0
0,1,12,10.0,Urban,0,Web,0,0,0.0
1,0,12,54.500408983983874,Suburban,1,Multichannel,0,0,0.0
0,1,1,97.9175220607165,Urban,0,Web,0,0,0.0
0,1,4,111.43304912233927,Urban,1,Web,0,0,0.0
0,0,5,99.16374476540621,Urban,0,Web,0,0,0.0
0,1,1,141.80615042208294,Urban,0,Phone,0,0,0.0
0,0,3,431.3943336725738,Rural,0,Web,0,0,0.0
0,0,2,444.6826358746295,Urban,1,Web,1,0,0.0
1,0,3,136.9451594467619,Suburban,0,Multichannel,1,1,42.10969798334615
1,0,2,67.49537708346548,Rural,0,Phone,0,0,0.0
1,0,4,637.6538896847873,Suburban,1,Phone,0,0,0.0
0,1,1,294.567383593474,Suburban,1,Multichannel,0,0,0.0
0,1,2,43.81378644661013,Suburban,0,Web,0,0,0.0
1,0,12,173.54791068176422,Urban,1,Web,1,1,23.640469492908206
0,1,2,353.7718522598313,Suburban,0,Phone,0,0,0.0
1,0,4,461.14085447251233,Suburban,1,Web,1,0,0.0
1,0,6,1231.2588157542932,Urban,0,Web,0,0,0.0
0,0,6,433.9994061191783,Suburban,0,Web,0,0,0.0
0,1,4,49.747669425086464,Urban,0,Web,1,1,10.0
0,0,7,161.70119360116257,Rural,0,Phone,0,0,0.0
1,0,7,134.08021953549138,Suburban,0,Phone,0,0,0.0
0,0,6,36.5539861050015,Urban,0,Phone,0,0,0.0
0,0,9,31.248259588077147,Rural,0,Multichannel,0,0,0.0
0,0,2,59.40773823352373,Suburban,1,Multichannel,0,0,0.0
1,0,8,145.55466690794248,Suburban,1,Web,1,0,0.0
1,0,9,46.58918704731413,Suburban,0,Web,0,0,0.0
0,1,3,271.5672279253107,Urban,0,Web,0,0,0.0
0,0,5,19.072946637993024,Urban,0,Multichannel,0,0,0.0
1,0,12,27.30817260461712,Suburban,1,Multichannel,0,0,0.0
1,0,5,25.591682168824818,Urban,0,Web,0,0,0.0
0,1,2,93.29490321811797,Urban,0,Multichannel,0,0,0.0
1,0,2,17.36984230508288,Urban,0,Multichannel,0,0,0.0
0,1,5,29.212936972274974,Urban,0,Multichannel,0,0,0.0
0,1,2,145.8635378977655,Urban,0,Web,0,0,0.0
0,1,12,389.1980088923329,Rural,0,Multichannel,0,0,0.0
0,1,10,119.64178547890265,Suburban,0,Web,0,0,0.0
0,0,6,277.1576059486707,Suburban,0,Web,0,0,0.0
0,1,6,79.2958029297523,Suburban,0,Multichannel,0,0,0.0
1,0,2,202.66017280380748,Suburban,1,Web,0,0,0.0
0,0,4,115.88659307359649,Rural,0,Web,0,0,0.0
0,1,4,67.22328152711343,Rural,1,Multichannel,0,0,0.0
1,0,1,934.7586914994708,Rural,0,Multichannel,1,1,41.133117836361784
0,1,1,70.09630541781458,Urban,0,Web,0,0,0.0
0,0,5,39.00627962163684,Suburban,1,Multichannel,0,0,0.0
1,0,5,300.60191768359806,Urban,0,Multichannel,0,0,0.0
1,0,9,42.2151437693007,Suburban,0,Multichannel,0,0,0.0
0,1,11,177.2086175558153,Rural,0,Web,0,0,0.0
0,0,11,129.92281110955165,Urban,0,Multichannel,0,0,0.0
0,1,2,677.0591737458398,Urban,0,Web,0,0,0.0
0,1,1,222.68507127857842,Suburban,0,Multichannel,0,0,0.0
0,0,2,135.802291052476,Suburban,0,Phone,0,0,0.0
0,1,4,170.07007367152545,Suburban,1,Web,0,0,0.0
0,1,2,282.49752825238767,Suburban,0,Web,0,0,0.0
1,0,7,56.83128634022636,Suburban,0,Multichannel,0,0,0.0
1,0,4,248.52293229854598,Suburban,0,Web,0,0,0.0
0,0,6,258.51141545554964,Urban,0,Phone,0,0,0.0
0,1,1,324.00228233732406,Suburban,1,Web,0,0,0.0
0,0,12,747.2329317089285,Suburban,0,Web,0,0,0.0
0,1,11,276.4695613410832,Suburban,0,Multichannel,1,0,0.0
1,0,10,97.81246793803683,Suburban,1,Multichannel,0,0,0.0
0,0,12,2163.480759218104,Urban,0,Multichannel,0,0,0.0
1,0,1,393.80570757352746,Suburban,0,Web,0,0,0.0
0,0,12,34.02511869717427,Rural,0,Multichannel,1,0,0.0
1,0,2,10.0,Rural,0,Phone,0,0,0.0
0,0,3,125.41614208768902,Urban,1,Web,0,0,0.0
1,0,10,1240.4192297774011,Suburban,0,Phone,0,0,0.0
1,0,2,18.864830374818375,Urban,0,Multichannel,0,0,0.0
0,0,1,126.66159338445306,Suburban,0,Phone,0,0,0.0
0,0,10,1515.0843075327848,Rural,0,Web,0,0,0.0
1,0,4,96.4639779389078,Rural,1,Multichannel,0,0,0.0
1,0,1,165.14949273438216,Urban,0,Web,1,0,0.0
0,0,11,106.44982197270149,Rural,0,Phone,0,0,0.0
1,0,2,580.4937230552824,Urban,0,Multichannel,0,0,0.0
0,0,4,89.08482541536206,Rural,0,Multichannel,0,0,0.0
0,0,5,24.28878315022607,Suburban,0,Multichannel,1,0,0.0
0,1,1,140.82667453469546,Urban,0,Multichannel,0,0,0.0
0,0,2,499.7744783880703,Suburban,0,Web,0,0,0.0
0,1,11,590.1813858753451,Suburban,0,Web,0,0,0.0
1,0,11,257.4718740620488,Suburban,1,Multichannel,0,0,0.0
0,1,11,1120.9420501339428,Rural,0,Phone,0,0,0.0
0,0,12,118.98473798199767,Urban,0,Multichannel,0,0,0.0
1,0,9,913.2305699371025,Suburban,0,Web,1,0,0.0
0,1,8,166.49415556789307,Urban,0,Web,0,0,0.0
0,1,1,35.79517366940199,Suburban,0,Multichannel,0,0,0.0
0,1,10,544.1744974486289,Suburban,0,Web,0,0,0.0
1,0,11,157.7052936104813,Urban,1,Web,0,0,0.0
0,1,2,97.34944211034451,Urban,0,Web,0,0,0.0
1,0,1,122.95449141455558,Urban,0,Phone,0,0,0.0
0,0,3,47.88916355180509,Suburban,0,Web,0,0,0.0
0,1,6,38.49659631381447,Suburban,0,Web,1,0,0.0
1,0,1,62.25802789688974,Rural,0,Web,0,0,0.0
1,0,8,856.9547770882034,Suburban,0,Web,0,0,0.0
1,0,3,77.53734742739044,Suburban,0,Multichannel,0,0,0.0
1,0,7,104.86634311036363,Suburban,0,Multichannel,0,0,0.0
0,1,11,514.8648532203673,Urban,1,Web,0,0,0.0
0,0,5,215.64932583043796,Urban,0,Multichannel,0,0,0.0
0,1,12,186.90779417669765,Urban,0,Multichannel,1,0,0.0
0,0,11,127.50666321932418,Urban,0,Web,0,0,0.0
0,0,10,105.08506782244042,Suburban,0,Multichannel,0,0,0.0
1,0,8,26.52180184653878,Rural,0,Phone,0,0,0.0
1,0,7,284.4939727714369,Suburban,1,Multichannel,0,0,0.0
0,1,5,56.83081560358948,Urban,0,Web,0,0,0.0
0,0,4,1083.9121627087545,Urban,0,Multichannel,1,1,57.35157156598642
0,1,2,109.2517283582186,Urban,0,Phone,0,0,0.0
0,1,2,275.9381764168779,Rural,1,Multichannel,1,0,0.0
1,0,8,147.8828295006313,Suburban,1,Web,0,0,0.0
1,0,12,108.45823600834358,Urban,0,Web,0,0,0.0
0,1,2,584.3405194932554,Rural,1,Phone,0,0,0.0
0,0,5,101.05846690877331,Suburban,0,Web,1,0,0.0
1,0,6,5000.0,Urban,0,Web,1,0,0.0
0,0,6,62.47753185832527,Urban,0,Web,0,0,0.0
0,1,3,209.3529926652697,Suburban,0,Web,0,0,0.0
1,0,6,73.21951581520901,Urban,0,Web,1,0,0.0
0,0,2,51.800083619962095,Rural,1,Web,0,0,0.0
0,0,11,256.75270884618504,Suburban,0,Web,0,0,0.0
0,1,5,25.450489330271846,Suburban,0,Web,0,0,0.0
0,1,6,220.98694236926084,Suburban,0,Web,0,0,0.0
0,0,5,47.936644111135415,Suburban,0,Web,0,0,0.0
0,0,6,29.184070263917132,Suburban,0,Web,0,0,0.0
0,1,3,162.7799870017573,Urban,0,Web,0,0,0.0
1,0,11,35.500032973198,Suburban,1,Web,0,0,0.0
0,0,3,406.4992895533801,Suburban,0,Web,0,0,0.0
1,0,12,234.24869196557455,Rural,0,Web,0,0,0.0
0,0,10,907.1167715288349,Urban,1,Phone,0,0,0.0
0,1,1,877.1269777870026,Suburban,0,Phone,0,0,0.0
0,0,6,390.09888608407107,Suburban,0,Multichannel,0,0,0.0
1,0,1,3082.2473689789376,Urban,0,Multichannel,0,0,0.0
1,0,12,25.947260677353157,Suburban,0,Phone,1,0,0.0
1,0,4,104.56984172612887,Suburban,0,Multichannel,0,0,0.0
1,0,6,150.1100948168215,Suburban,0,Multichannel,0,0,0.0
0,1,12,349.1912036004674,Urban,0,Web,0,0,0.0
0,1,4,112.41165072364656,Rural,0,Web,0,0,0.0
0,0,3,51.0383286946782,Suburban,0,Phone,0,0,0.0
0,0,5,460.78513059414126,Rural,0,Multichannel,0,0,0.0
0,0,12,35.39477043628059,Suburban,0,Web,1,0,0.0
0,1,1,19.57003110685639,Suburban,0,Web,0,0,0.0
0,1,4,117.61742426554001,Suburban,0,Web,0,0,0.0
1,0,2,56.81948232104369,Urban,1,Multichannel,0,0,0.0
0,1,12,513.0172836811322,Rural,0,Multichannel,0,0,0.0
1,0,6,295.6550778206109,Suburban,0,Web,0,0,0.0
0,0,11,111.1721134158595,Urban,0,Web,0,0,0.0
0,0,11,921.0604014256113,Suburban,0,Multichannel,0,0,0.0
0,1,9,2170.8009153146336,Urban,0,Web,0,0,0.0
0,0,12,145.63541154723833,Rural,0,Web,0,0,0.0
0,1,2,15.918501622509577,Suburban,0,Web,0,0,0.0
1,0,3,49.93088001735988,Rural,0,Multichannel,0,0,0.0
0,0,7,157.80077956988615,Suburban,0,Web,0,0,0.0
0,1,2,89.20576067840389,Rural,0,Web,1,1,20.274905399301403
0,1,11,86.6929170752404,Rural,0,Web,0,0,0.0
1,0,5,22.58973383935476,Suburban,0,Web,1,0,0.0
0,0,5,457.17810359391007,Urban,0,Web,0,0,0.0
1,0,4,415.3786631059758,Urban,0,Multichannel,0,0,0.0
1,0,4,15.839921208113802,Urban,0,Phone,0,0,0.0
1,0,4,353.1435851705092,Suburban,0,Multichannel,0,0,0.0
0,0,5,27.492446488130305,Rural,0,Web,0,0,0.0
1,0,2,83.96834603598766,Rural,0,Phone,0,0,0.0
1,0,7,1002.104704219425,Rural,1,Multichannel,0,0,0.0
0,1,9,49.867335153110055,Rural,0,Phone,0,0,0.0
0,1,10,304.2463161707098,Rural,1,Multichannel,0,0,0.0
1,0,4,59.855216168781,Suburban,0,Phone,1,0,0.0
0,0,11,190.3521914710882,Suburban,0,Phone,0,0,0.0
1,0,6,72.59062038125393,Suburban,0,Multichannel,0,0,0.0
0,1,12,146.62174099308706,Rural,0,Multichannel,0,0,0.0
0,1,7,738.5801941342814,Suburban,0,Web,0,0,0.0
1,0,1,425.5385724860038,Suburban,0,Web,0,0,0.0
0,1,12,134.45302232154359,Suburban,0,Web,1,0,0.0
0,1,11,1057.8641561583252,Suburban,0,Multichannel,0,0,0.0
0,0,3,212.2003033612141,Suburban,1,Phone,0,0,0.0
0,1,12,195.76551598417237,Suburban,0,Phone,0,0,0.0
0,0,12,38.3321095116653,Suburban,0,Multichannel,1,0,0.0
0,1,10,37.51322123336467,Suburban,0,Web,0,0,0.0
1,0,9,85.71662932265777,Urban,0,Multichannel,0,0,0.0
0,1,9,72.22412953322845,Suburban,1,Web,0,0,0.0
0,1,1,122.11673245033609,Urban,1,Web,0,0,0.0
0,1,3,664.6409456409436,Urban,1,Web,1,0,0.0
0,1,5,21.207669181444416,Suburban,0,Web,0,0,0.0
0,1,1,86.06764057838244,Rural,1,Web,1,0,0.0
0,0,1,84.69788152853077,Suburban,0,Multichannel,1,0,0.0
1,0,11,80.86462832339903,Rural,0,Web,0,0,0.0
1,0,11,921.3601754404025,Suburban,0,Web,0,0,0.0
0,1,7,50.24336996883922,Rural,0,Web,1,0,0.0
0,1,11,11.192084793414585,Suburban,1,Web,0,0,0.0
1,0,3,127.47592074057343,Suburban,0,Multichannel,0,0,0.0
0,1,6,119.83256994985969,Suburban,0,Phone,0,0,0.0
0,1,11,42.408383939516156,Suburban,0,Phone,0,0,0.0
1,0,10,72.0790439235941,Urban,0,Multichannel,0,0,0.0
0,0,11,181.72273527500283,Urban,0,Web,0,0,0.0
0,0,7,194.4939278825778,Urban,0,Web,0,0,0.0
1,0,8,191.127797453519,Suburban,0,Web,1,0,0.0
0,1,12,235.61122505780244,Suburban,0,Multichannel,0,0,0.0
0,1,3,41.51834677300606,Suburban,0,Web,0,0,0.0
1,0,12,240.2001763315604,Urban,0,Web,0,0,0.0
0,1,8,80.31899135005006,Rural,0,Multichannel,0,0,0.0
0,0,6,390.9150778408659,Suburban,0,Web,0,0,0.0
0,0,1,177.45611471144704,Urban,1,Multichannel,0,0,0.0
0,1,11,88.52662571924978,Urban,1,Web,1,0,0.0
0,0,4,41.96458388544199,Suburban,1,Multichannel,1,0,0.0
0,0,8,48.95732048234246,Suburban,0,Multichannel,0,0,0.0
0,1,1,164.95307081260083,Suburban,0,Web,0,0,0.0
0,0,6,134.4304770887104,Urban,0,Multichannel,0,0,0.0
1,0,4,340.90801969421904,Suburban,1,Web,0,0,0.0
1,0,6,74.84368839898713,Rural,0,Multichannel,0,0,0.0
1,0,2,210.1554982771536,Rural,1,Web,0,0,0.0
0,0,1,88.94995322666362,Suburban,0,Multichannel,0,0,0.0
0,0,11,923.8648715232771,Urban,0,Web,0,0,0.0
0,0,4,138.04148351651006,Suburban,0,Web,0,0,0.0
1,0,11,212.3876208464553,Suburban,0,Multichannel,1,0,0.0
0,0,4,17.82320010512539,Suburban,0,Phone,0,0,0.0
0,0,6,183.23494695633752,Suburban,0,Multichannel,1,0,0.0
0,1,5,417.5342907833824,Urban,0,Phone,1,0,0.0
0,0,9,126.04564217076843,Suburban,0,Web,0,0,0.0
1,0,9,294.6870904015579,Urban,1,Multichannel,0,0,0.0
0,1,11,173.03422615959343,Urban,0,Web,0,0,0.0
1,0,11,10.0,Urban,0,Web,0,0,0.0
1,0,6,119.84888672932819,Suburban,0,Multichannel,1,1,18.423577563566155
1,0,6,784.5730362102431,Urban,0,Multichannel,0,0,0.0
1,0,1,214.11203702844088,Suburban,0,Web,0,0,0.0
0,1,5,29.255436483790522,Urban,1,Web,0,0,0.0
1,0,6,550.6956521926222,Suburban,1,Web,0,0,0.0
0,1,1,114.85262873773944,Suburban,1,Multichannel,0,0,0.0
1,0,5,71.24184451179894,Suburban,0,Multichannel,1,1,77.39400745576816
0,0,7,1995.6752745510362,Suburban,0,Web,0,0,0.0
1,0,1,88.38979839485576,Suburban,0,Multichannel,0,0,0.0
1,0,12,179.1503823226281,Suburban,0,Web,0,0,0.0
1,0,2,156.21681691740446,Suburban,0,Phone,0,0,0.0
1,0,11,624.7159097717418,Urban,0,Web,0,0,0.0
1,0,6,134.3755238586106,Suburban,0,Multichannel,0,0,0.0
0,1,3,352.6882836030627,Suburban,0,Web,0,0,0.0
1,0,8,335.5448321299039,Suburban,1,Web,0,0,0.0
0,0,11,3205.1906830633957,Urban,0,Web,0,0,0.0
1,0,1,1302.9601569096199,Urban,0,Web,1,1,52.05633724422334
1,0,5,54.628417105763276,Urban,0,Multichannel,0,0,0.0
0,0,6,2274.5524525037495,Rural,0,Web,0,0,0.0
1,0,6,309.8676518161182,Urban,1,Web,0,0,0.0
0,1,4,38.452507601505914,Rural,0,Multichannel,0,0,0.0
0,0,1,77.59800268337057,Rural,0,Web,0,0,0.0
0,0,6,603.8325008577164,Urban,0,Phone,0,0,0.0
1,0,11,81.92720913456168,Urban,0,Web,0,0,0.0
0,1,11,102.67104258022593,Urban,0,Phone,0,0,0.0
1,0,2,23.529262790477823,Suburban,0,Multichannel,1,0,0.0
0,1,5,60.02211324347589,Urban,1,Multichannel,0,0,0.0
0,0,4,37.79328625194712,Urban,0,Web,1,1,58.508019178436804
0,1,11,184.0721492272074,Suburban,0,Web,0,0,0.0
1,0,1,161.74646449224144,Urban,0,Web,0,0,0.0
0,1,3,554.382570885471,Rural,0,Multichannel,0,0,0.0
0,1,2,501.703766297587,Rural,0,Multichannel,1,0,0.0
1,0,1,56.009648123148416,Suburban,0,Multichannel,0,0,0.0
0,1,2,1010.4819876666597,Urban,0,Web,0,0,0.0
0,0,12,145.14219244313043,Suburban,0,Web,0,0,0.0
0,0,11,630.8613796911043,Urban,0,Phone,0,0,0.0
0,1,4,305.85038655814634,Urban,0,Web,0,0,0.0
0,1,5,312.7127334891129,Suburban,0,Multichannel,0,0,0.0
1,0,4,240.71416114900632,Urban,0,Web,0,0,0.0
0,0,3,863.8024210926127,Suburban,0,Phone,0,0,0.0
1,0,7,29.917094003274606,Urban,1,Web,0,0,0.0
0,1,7,163.32341023907034,Suburban,1,Phone,0,0,0.0
1,0,1,513.8399344590122,Suburban,0,Phone,0,0,0.0
0,1,5,1013.2804518891493,Urban,0,Phone,1,1,22.672098614056523
1,0,12,126.63925184349668,Rural,1,Web,0,0,0.0
1,0,10,238.73315267918565,Suburban,0,Web,0,0,0.0
0,1,1,70.89440163242097,Rural,1,Multichannel,0,0,0.0
0,1,1,414.88640908565606,Suburban,1,Web,0,0,0.0
0,1,1,165.90955545370542,Urban,0,Multichannel,0,0,0.0
1,0,11,174.58310960402915,Rural,1,Web,0,0,0.0
0,0,12,131.15803235919003,Urban,0,Multichannel,0,0,0.0
0,1,2,131.28205479216314,Suburban,0,Web,0,0,0.0
0,1,6,57.71134328833615,Urban,0,Multichannel,0,0,0.0
0,0,11,187.6124664765419,Suburban,0,Web,0,0,0.0
1,0,12,227.61314643375596,Rural,1,Multichannel,0,0,0.0
1,0,8,499.57239667620564,Suburban,0,Web,0,0,0.0
0,1,4,42.962333703388666,Suburban,0,Multichannel,0,0,0.0
0,0,5,24.711634473971287,Urban,0,Web,0,0,0.0
0,0,3,105.06581126258475,Urban,0,Web,0,0,0.0
1,0,3,1712.6611570803773,Urban,0,Multichannel,1,1,71.91469740476848
0,1,6,87.11219870467465,Urban,0,Web,0,0,0.0
0,1,3,105.4887349491352,Urban,1,Multichannel,0,0,0.0
0,1,1,128.41529832032654,Rural,0,Web,0,0,0.0
1,0,4,27.42232816155545,Suburban,0,Multichannel,0,0,0.0
0,0,12,196.88042798354374,Urban,1,Multichannel,0,0,0.0
1,0,2,149.63086533168308,Rural,0,Web,1,0,0.0
0,1,4,226.1886724605556,Urban,1,Multichannel,0,0,0.0
0,1,12,77.61745246269331,Suburban,0,Multichannel,0,0,0.0
1,0,11,240.71157553605343,Rural,0,Web,1,0,0.0
0,0,1,94.8625082271788,Suburban,0,Web,0,0,0.0
0,0,5,14.698668433549463,Suburban,1,Multichannel,0,0,0.0
0,0,7,53.22885396431759,Suburban,0,Phone,0,0,0.0
0,1,3,338.1792560422156,Rural,0,Web,0,0,0.0
0,0,1,95.97629545388301,Rural,0,Web,1,0,0.0
0,1,6,86.9073078331594,Suburban,1,Multichannel,0,0,0.0
0,1,1,954.2939889748978,Suburban,0,Multichannel,1,1,16.20864987454975
1,0,2,383.802534147149,Urban,0,Multichannel,0,0,0.0
1,0,8,86.33214294746332,Suburban,0,Web,1,0,0.0
1,0,4,186.97721960814158,Suburban,0,Multichannel,0,0,0.0
1,0,1,99.66802217338957,Suburban,0,Multichannel,0,0,0.0
0,0,6,1702.3181564649055,Suburban,0,Phone,1,0,0.0
1,0,11,179.0389833116453,Suburban,0,Multichannel,0,0,0.0
1,0,12,15.203720876468907,Suburban,0,Multichannel,0,0,0.0
0,1,5,209.45309848854308,Suburban,0,Web,0,0,0.0
0,0,2,57.473048981367775,Suburban,0,Phone,0,0,0.0
0,0,6,432.0709652356804,Suburban,0,Phone,0,0,0.0
1,0,12,41.34587858545344,Urban,0,Web,1,0,0.0
0,1,1,103.35990388876165,Suburban,1,Phone,0,0,0.0
0,1,3,84.84532912118095,Urban,1,Phone,0,0,0.0
0,1,2,99.75989745923576,Suburban,1,Web,0,0,0.0
0,0,2,256.56814821381363,Suburban,0,Multichannel,0,0,0.0
0,1,11,404.82191062412585,Suburban,0,Multichannel,0,0,0.0
0,0,6,270.008529701376,Suburban,0,Web,1,0,0.0
1,0,12,228.11965768948482,Suburban,0,Web,0,0,0.0
1,0,2,566.6821089077392,Rural,0,Web,0,0,0.0
0,1,4,744.0429587443543,Urban,1,Multichannel,1,1,59.63440020254138
0,1,11,501.92906105641083,Suburban,0,Multichannel,0,0,0.0
0,0,11,206.61099390701622,Suburban,0,Phone,1,0,0.0
0,0,11,1115.8230563628792,Urban,0,Multichannel,0,0,0.0
1,0,11,64.49640648362026,Rural,0,Multichannel,1,0,0.0
0,1,12,148.8458757824343,Suburban,0,Multichannel,1,0,0.0
0,0,12,570.7772059763065,Suburban,0,Phone,0,0,0.0
0,1,4,112.4682728077492,Urban,0,Web,0,0,0.0
0,1,11,51.949285484280686,Urban,1,Multichannel,0,0,0.0
1,0,2,592.3267462977592,Suburban,1,Web,0,0,0.0
0,1,2,60.66625471939876,Urban,0,Multichannel,0,0,0.0
0,1,5,305.20780808677586,Suburban,0,Phone,0,0,0.0
0,0,4,272.05470114091554,Suburban,0,Phone,0,0,0.0
1,0,1,199.32746560623028,Rural,0,Multichannel,0,0,0.0
0,1,5,212.13123534030746,Urban,0,Phone,0,0,0.0
0,0,1,206.6853371941131,Suburban,1,Web,0,0,0.0
0,0,12,33.82661845505779,Suburban,1,Web,0,0,0.0
0,0,11,236.62547290260918,Rural,1,Multichannel,0,0,0.0
1,0,7,208.17098527438586,Suburban,0,Web,0,0,0.0
0,1,12,1738.6312718200545,Urban,1,Web,0,0,0.0
1,0,2,139.19164778347155,Rural,1,Web,1,0,0.0
0,0,7,243.40238745768076,Urban,0,Phone,0,0,0.0
1,0,11,138.2563205599306,Urban,0,Web,0,0,0.0
1,0,1,187.51164317857038,Suburban,0,Web,1,0,0.0
0,1,3,220.94462273117819,Urban,0,Multichannel,0,0,0.0
0,1,4,424.23475336878107,Suburban,1,Web,0,0,0.0
0,0,2,284.4073426702664,Rural,1,Web,0,0,0.0
0,1,11,115.14197355657815,Suburban,0,Web,1,0,0.0
0,0,11,120.65176702758431,Suburban,0,Phone,1,0,0.0
1,0,1,77.60911290730797,Rural,0,Web,0,0,0.0
0,1,4,129.06956762287484,Suburban,0,Web,1,0,0.0
1,0,10,24.280729974457074,Urban,0,Web,0,0,0.0
0,0,5,76.58019433556068,Suburban,0,Multichannel,0,0,0.0
1,0,7,762.4666922433979,Suburban,1,Multichannel,0,0,0.0
0,0,2,472.0576680980405,Suburban,0,Phone,0,0,0.0
0,1,6,644.6737925350079,Suburban,0,Multichannel,1,0,0.0
0,1,6,48.72866609224983,Urban,0,Web,1,0,0.0
0,1,3,201.9390264901057,Suburban,1,Phone,0,0,0.0
0,0,6,134.43572396911796,Suburban,0,Multichannel,0,0,0.0
0,1,4,521.3368206248205,Urban,1,Multichannel,0,0,0.0
1,0,2,182.49993354280664,Suburban,0,Multichannel,0,0,0.0
0,0,11,110.86837649632186,Rural,0,Web,0,0,0.0
0,1,12,52.77944304258083,Urban,0,Web,1,0,0.0
1,0,4,531.5315343249565,Urban,1,Phone,0,0,0.0
0,1,11,247.00847425866127,Urban,0,Phone,0,0,0.0
0,0,7,282.4900369583212,Rural,0,Web,0,0,0.0
0,0,2,298.49206900595465,Suburban,0,Phone,1,1,39.68603459419349
0,0,7,442.8927997723927,Rural,1,Phone,0,0,0.0
1,0,11,573.8972594165815,Urban,0,Web,0,0,0.0
1,0,1,87.41464974138498,Rural,1,Web,0,0,0.0
0,0,10,55.95347809665636,Suburban,0,Web,0,0,0.0
0,0,12,52.079593949924984,Suburban,0,Web,0,0,0.0
0,1,8,107.63730666381072,Suburban,1,Web,0,0,0.0
0,0,12,280.56484071185497,Urban,0,Phone,1,0,0.0
0,0,4,1334.950303108473,Suburban,0,Multichannel,0,0,0.0
1,0,2,215.5324434831533,Rural,0,Phone,0,0,0.0
0,1,1,868.1629546658324,Rural,0,Web,1,0,0.0
0,0,1,84.2158850977962,Urban,0,Web,0,0,0.0
0,1,5,1002.9763762952173,Suburban,1,Web,0,0,0.0
0,1,6,433.4228195408011,Suburban,1,Web,0,0,0.0
0,0,11,48.84292944486889,Rural,0,Phone,0,0,0.0
1,0,10,377.7184467186818,Suburban,0,Phone,0,0,0.0
0,0,2,622.0523127584149,Suburban,0,Multichannel,1,0,0.0
0,1,1,221.1789077089378,Rural,0,Multichannel,0,0,0.0
0,0,2,258.3818467857222,Urban,0,Phone,0,0,0.0
1,0,12,312.34119624824336,Rural,0,Multichannel,0,0,0.0
0,0,5,84.25772376794532,Urban,0,Web,1,0,0.0
0,1,11,218.75187500799072,Suburban,0,Web,0,0,0.0
0,1,12,23.93049743426634,Suburban,0,Web,0,0,0.0
0,1,2,134.32382199408062,Suburban,1,Web,0,0,0.0
1,0,11,273.02887875600237,Suburban,0,Phone,0,0,0.0
0,0,7,432.15217608382744,Suburban,0,Multichannel,0,0,0.0
1,0,11,20.982847816991647,Urban,0,Web,0,0,0.0
0,0,5,303.1483577107014,Suburban,0,Phone,0,0,0.0
0,0,7,36.94438231577387,Suburban,0,Web,0,0,0.0
0,0,8,273.94845836810384,Rural,0,Multichannel,0,0,0.0
1,0,9,526.9839056268612,Rural,0,Multichannel,1,0,0.0
0,1,8,10.0,Suburban,0,Web,0,0,0.0
0,0,2,134.67498312297323,Suburban,0,Web,1,0,0.0
0,1,5,408.3524244794486,Urban,0,Multichannel,0,0,0.0
0,0,1,179.43600628349802,Urban,0,Phone,0,0,0.0
0,1,7,186.77914710085972,Suburban,0,Web,1,0,0.0
0,0,11,963.7911361386434,Suburban,0,Web,0,0,0.0
1,0,6,292.75005768948057,Suburban,0,Web,0,0,0.0
0,1,8,711.6916931616928,Urban,0,Phone,0,0,0.0
1,0,1,45.101898704210306,Rural,0,Multichannel,0,0,0.0
0,0,1,68.92000292858451,Suburban,0,Web,0,0,0.0
0,0,2,449.3557776182107,Suburban,0,Multichannel,0,0,0.0
0,0,1,110.34439583293793,Suburban,0,Multichannel,0,0,0.0
0,1,2,87.4954404765041,Rural,0,Web,0,0,0.0
0,1,5,272.91401197643836,Urban,0,Multichannel,0,0,0.0
0,1,3,69.40022280920992,Suburban,0,Web,0,0,0.0
1,0,9,308.74333430768144,Rural,1,Multichannel,0,0,0.0
1,0,11,425.66858862850825,Rural,0,Phone,0,0,0.0
1,0,11,44.431139081222845,Rural,0,Phone,0,0,0.0
1,0,5,246.0412458262215,Rural,0,Web,1,0,0.0
1,0,3,157.34266199042824,Urban,0,Web,0,0,0.0
0,1,8,147.54941159546627,Rural,0,Web,1,1,51.66657123049043
0,0,4,221.68980468973265,Urban,0,Phone,0,0,0.0
0,1,3,18.491962780066054,Suburban,0,Multichannel,0,0,0.0
0,1,2,14.688727854772587,Suburban,0,Web,1,0,0.0
0,1,1,507.65109205454684,Urban,0,Multichannel,0,0,0.0
0,1,3,234.62595078041468,Suburban,0,Web,1,0,0.0
1,0,1,52.152304230836506,Suburban,0,Web,0,0,0.0
1,0,3,60.83259396230204,Suburban,0,Phone,1,1,110.48255336529726
0,0,8,62.52610752706834,Suburban,0,Phone,0,0,0.0
0,1,1,41.61019336775119,Rural,0,Phone,0,0,0.0
1,0,1,185.61106091854037,Suburban,1,Multichannel,0,0,0.0
0,1,4,467.86474437610065,Suburban,0,Multichannel,0,0,0.0
1,0,6,303.30038171834735,Urban,0,Phone,0,0,0.0
0,0,4,1373.7981825047177,Rural,0,Multichannel,0,0,0.0
0,1,10,570.2243898195627,Suburban,1,Phone,0,0,0.0
1,0,1,1120.689503792093,Suburban,0,Phone,0,0,0.0
0,1,4,450.8023818305139,Rural,0,Multichannel,0,0,0.0
0,1,7,127.914229797305,Suburban,0,Web,0,0,0.0
1,0,3,60.786528025716564,Urban,1,Multichannel,0,0,0.0
0,0,5,130.21825425141583,Suburban,0,Multichannel,0,0,0.0
0,0,7,73.43914012895914,Rural,0,Web,0,0,0.0
1,0,7,90.54480337692574,Urban,0,Multichannel,1,0,0.0
0,0,12,168.11445157027623,Suburban,0,Phone,1,0,0.0
1,0,11,21.12179545602944,Rural,0,Phone,1,0,0.0
0,1,12,15.834172543627654,Urban,0,Web,0,0,0.0
0,1,10,358.289023299281,Suburban,0,Phone,0,0,0.0
0,0,6,699.6667423844489,Urban,0,Web,0,0,0.0
0,0,4,526.1516927788642,Urban,0,Multichannel,0,0,0.0
0,1,12,114.61378906020096,Urban,0,Web,1,0,0.0
1,0,5,501.9256849840698,Suburban,0,Phone,0,0,0.0
0,1,1,101.42481167101451,Suburban,0,Web,1,0,0.0
0,0,1,46.7583241255999,Suburban,0,Web,0,0,0.0
0,1,10,63.64683602916682,Suburban,0,Web,0,0,0.0
1,0,8,122.01591899803641,Suburban,1,Web,0,0,0.0
1,0,10,204.32921325427503,Suburban,0,Multichannel,0,0,0.0
1,0,7,96.24517538159135,Suburban,0,Web,0,0,0.0
1,0,4,518.6394531035252,Rural,0,Phone,0,0,0.0
1,0,5,174.45719995515918,Suburban,0,Multichannel,0,0,0.0
0,0,3,1192.1254301470258,Rural,0,Multichannel,1,0,0.0
1,0,3,47.54082661586844,Suburban,0,Web,0,0,0.0
0,1,5,455.9918399179781,Suburban,0,Web,0,0,0.0
1,0,12,14.68083862113957,Suburban,0,Phone,0,0,0.0
1,0,2,146.91462014743774,Urban,1,Web,0,0,0.0
0,1,4,150.00676261883135,Suburban,0,Phone,0,0,0.0
0,1,1,225.65455646691345,Urban,0,Web,1,0,0.0
1,0,1,57.44099054721308,Urban,1,Web,0,0,0.0
1,0,4,72.31487421343145,Urban,0,Multichannel,1,1,43.477931844440974
0,0,1,282.33803266704626,Urban,0,Web,0,0,0.0
1,0,12,250.16514820145636,Urban,0,Web,0,0,0.0
0,1,1,256.478424872461,Suburban,0,Phone,0,0,0.0
0,0,12,166.67107910669344,Urban,1,Phone,0,0,0.0
1,0,11,138.4272431031309,Rural,0,Web,0,0,0.0
1,0,9,167.6078775103709,Suburban,0,Web,1,0,0.0
0,0,4,98.94877283333466,Urban,1,Web,0,0,0.0
1,0,9,45.39339842539462,Suburban,1,Multichannel,0,0,0.0
0,0,12,265.51849723129243,Suburban,1,Web,0,0,0.0
0,0,9,11.926802121217099,Suburban,0,Web,0,0,0.0
1,0,4,133.2972716928265,Suburban,1,Phone,1,0,0.0
1,0,5,295.4519257576159,Rural,0,Phone,0,0,0.0
0,1,3,499.52144968627556,Suburban,1,Web,1,0,0.0
0,1,2,48.87568483696757,Suburban,0,Web,0,0,0.0
1,0,10,183.66115357042275,Rural,0,Multichannel,1,1,16.58216106529398
1,0,1,137.6381178895718,Urban,1,Web,1,1,35.28345032646979
0,1,2,10.255296169922605,Urban,0,Multichannel,0,0,0.0
0,0,6,36.81950740687847,Urban,0,Multichannel,0,0,0.0
0,1,4,43.66924323967789,Urban,0,Multichannel,1,0,0.0
1,0,6,49.39162276209888,Urban,0,Phone,0,0,0.0
0,1,6,238.30895581508065,Rural,0,Web,1,1,32.73939726488638
0,1,3,3804.8639094235596,Suburban,1,Phone,1,0,0.0
0,1,9,149.28170142044942,Suburban,0,Multichannel,0,0,0.0
0,1,6,49.91915972864938,Suburban,0,Multichannel,0,0,0.0
1,0,9,39.56277622020971,Suburban,0,Multichannel,0,0,0.0
0,1,9,759.5624794989263,Suburban,0,Multichannel,0,0,0.0
0,1,9,337.01319028136373,Suburban,0,Phone,0,0,0.0
0,0,6,231.96618257137106,Rural,0,Web,0,0,0.0
1,0,3,1202.9232575075278,Urban,1,Multichannel,1,1,25.355869014972086
0,0,6,414.2134731981909,Urban,0,Multichannel,0,0,0.0
1,0,7,15.585715324005323,Rural,0,Web,0,0,0.0
0,1,11,231.19844226133915,Suburban,0,Web,0,0,0.0
0,0,3,261.29796780491597,Rural,0,Multichannel,0,0,0.0
0,1,12,376.24992463907677,Urban,1,Multichannel,0,0,0.0
1,0,2,592.3585832781426,Suburban,0,Multichannel,0,0,0.0
1,0,12,463.0863579301679,Rural,1,Web,1,0,0.0
1,0,3,90.62181169407822,Rural,0,Multichannel,0,0,0.0
0,0,1,911.7206748002264,Urban,0,Multichannel,0,0,0.0
0,0,11,65.1848527649135,Suburban,0,Multichannel,0,0,0.0
0,0,8,56.894570670814424,Urban,1,Web,0,0,0.0
0,1,6,55.82409848374068,Urban,0,Web,0,0,0.0
1,0,10,58.86587961715284,Urban,0,Web,0,0,0.0
0,0,3,77.26660921572042,Urban,0,Web,0,0,0.0
0,1,10,35.929069870163,Suburban,1,Multichannel,0,0,0.0
0,0,5,544.328368715177,Suburban,0,Web,0,0,0.0
0,0,8,360.6128184915921,Suburban,0,Web,0,0,0.0
0,0,7,94.38494864821762,Suburban,0,Phone,0,0,0.0
0,0,8,89.20073587443079,Urban,0,Multichannel,1,0,0.0
0,0,1,356.0391248636475,Urban,0,Multichannel,0,0,0.0
1,0,8,746.3696876172777,Urban,0,Web,0,0,0.0
1,0,1,409.4973585976283,Suburban,1,Phone,0,0,0.0
0,0,1,564.9508925049337,Urban,0,Phone,1,1,12.105889988139593
0,0,3,63.49457056644548,Rural,1,Phone,1,1,21.560573172918133
0,1,2,1447.0097365123167,Urban,1,Multichannel,0,0,0.0
0,1,11,60.74188882510567,Rural,1,Phone,0,0,0.0
1,0,5,277.8850592655951,Suburban,0,Multichannel,0,0,0.0
0,0,1,173.6351569060541,Suburban,0,Web,0,0,0.0
1,0,11,86.72339881242412,Suburban,0,Web,0,0,0.0
0,1,6,156.430503249466,Rural,0,Phone,0,0,0.0
0,1,3,381.08329874474805,Urban,0,Web,0,0,0.0
0,1,3,29.075582267290613,Suburban,1,Web,0,0,0.0
0,1,11,52.5945802559196,Suburban,0,Phone,0,0,0.0
0,1,1,474.042654304183,Urban,0,Web,0,0,0.0
0,0,1,224.14991774956604,Urban,1,Phone,0,0,0.0
0,1,4,750.9593214529266,Rural,0,Multichannel,0,0,0.0
0,0,1,656.1058311326829,Suburban,0,Phone,0,0,0.0
1,0,11,322.9248356979152,Suburban,1,Multichannel,1,0,0.0
0,0,7,192.30931636190212,Suburban,0,Phone,0,0,0.0
0,0,2,257.52209179153414,Suburban,0,Multichannel,0,0,0.0
0,0,2,292.90166149319094,Urban,0,Web,0,0,0.0
0,1,2,350.3970815932313,Urban,0,Web,1,0,0.0
0,1,7,24.339397146681936,Rural,0,Phone,0,0,0.0
0,0,8,32.957444276163,Rural,0,Phone,0,0,0.0
1,0,2,746.3976408141156,Urban,0,Phone,1,1,14.943130217857147
1,0,4,446.35188469964794,Suburban,0,Multichannel,0,0,0.0
1,0,12,32.25254400513279,Suburban,1,Web,0,0,0.0
1,0,1,363.4046641710565,Rural,0,Web,0,0,0.0
0,1,2,67.08473302220939,Urban,0,Multichannel,0,0,0.0
1,0,3,515.4886186255875,Urban,0,Web,0,0,0.0
1,0,1,449.96466793152445,Urban,0,Phone,0,0,0.0
1,0,1,400.3619743449829,Suburban,1,Web,0,0,0.0
0,0,1,5000.0,Suburban,0,Phone,0,0,0.0
1,0,11,163.25363647655317,Suburban,1,Multichannel,0,0,0.0
0,0,2,19.41736859927538,Urban,0,Web,1,0,0.0
1,0,2,147.66056524262103,Suburban,1,Web,0,0,0.0
0,1,2,329.87145557815325,Suburban,0,Web,0,0,0.0
0,1,11,31.058796867856174,Suburban,0,Web,0,0,0.0
0,0,2,980.3824254469973,Rural,0,Phone,0,0,0.0
0,0,1,334.38813826615745,Urban,0,Phone,0,0,0.0
0,0,1,82.19190074648627,Rural,0,Multichannel,0,0,0.0
1,0,2,206.75052150550593,Rural,0,Multichannel,0,0,0.0
1,0,6,208.84683636123748,Rural,0,Web,0,0,0.0
1,0,7,1501.3851160046927,Rural,0,Phone,0,0,0.0
1,0,7,654.5672261769597,Suburban,1,Multichannel,1,0,0.0
0,0,1,1270.096587102951,Suburban,0,Web,0,0,0.0
0,0,1,61.73815663739808,Rural,1,Multichannel,0,0,0.0
0,0,11,458.31470889308395,Suburban,0,Phone,0,0,0.0
0,1,3,146.6145997824636,Rural,0,Web,0,0,0.0
1,0,12,42.61657229311015,Rural,0,Web,0,0,0.0
1,0,3,51.77222119423479,Suburban,0,Web,0,0,0.0
0,0,1,211.02482093062957,Suburban,0,Web,1,0,0.0
0,1,2,174.0593449169173,Suburban,0,Multichannel,0,0,0.0
1,0,1,103.35216996941402,Rural,0,Phone,0,0,0.0
1,0,1,51.81902836388026,Rural,0,Web,0,0,0.0
1,0,6,388.5872271501565,Suburban,0,Multichannel,1,1,37.97120114007325
0,1,2,74.53486212814269,Suburban,1,Multichannel,0,0,0.0
0,1,4,23.01178300713873,Suburban,1,Web,0,0,0.0
0,1,2,281.49535077617736,Suburban,0,Web,1,0,0.0
0,1,6,501.61083883809596,Urban,1,Multichannel,0,0,0.0
0,1,5,35.46165347482126,Suburban,0,Web,1,0,0.0
0,0,9,80.32267914648506,Suburban,0,Web,0,0,0.0
1,0,9,406.3755948281149,Suburban,0,Phone,0,0,0.0
1,0,9,499.563579184999,Urban,1,Web,0,0,0.0
0,1,1,46.03242448291354,Rural,1,Web,0,0,0.0
0,1,12,91.38100266973703,Rural,1,Phone,0,0,0.0
0,0,2,39.67967103743003,Urban,1,Phone,0,0,0.0
0,1,1,125.72115324333731,Urban,0,Multichannel,0,0,0.0
0,0,11,28.108021638816098,Suburban,1,Web,1,0,0.0
0,1,1,380.7035098727112,Urban,0,Phone,0,0,0.0
0,0,12,321.14418702118854,Suburban,0,Web,1,0,0.0
1,0,1,14.737357774012771,Suburban,0,Web,0,0,0.0
1,0,11,206.57842997604783,Urban,0,Multichannel,0,0,0.0
1,0,9,200.96274531857387,Urban,1,Phone,0,0,0.0
0,1,11,45.52009741684165,Suburban,0,Web,0,0,0.0
1,0,4,178.71686201937482,Urban,0,Web,0,0,0.0
0,0,2,492.25624918728,Rural,0,Multichannel,0,0,0.0
0,0,8,73.89661978201,Suburban,0,Multichannel,0,0,0.0
0,1,11,358.76974918800835,Suburban,0,Web,1,0,0.0
0,0,1,75.75993641187407,Suburban,0,Web,1,1,19.88747085465084
0,1,2,113.28130536066264,Suburban,0,Web,0,0,0.0
1,0,6,116.03404286446755,Suburban,0,Web,0,0,0.0
1,0,9,347.90416907412543,Suburban,0,Multichannel,0,0,0.0
0,0,6,1648.7740793673356,Suburban,0,Web,0,0,0.0
0,0,8,78.20749338028989,Urban,0,Multichannel,1,0,0.0
0,1,7,1405.4733913845098,Urban,1,Multichannel,0,0,0.0
1,0,12,243.75745519566993,Suburban,1,Multichannel,0,0,0.0
1,0,11,130.83248247138457,Rural,0,Phone,1,1,30.294835515280518
0,0,2,79.3702547072049,Suburban,0,Multichannel,0,0,0.0
0,1,8,114.34175363373488,Rural,0,Multichannel,0,0,0.0
1,0,12,91.25851426000263,Urban,1,Web,1,0,0.0
0,1,3,210.3602952034804,Suburban,1,Web,0,0,0.0
0,0,3,43.04385709595528,Urban,1,Web,0,0,0.0
0,1,6,14.498254738497003,Rural,0,Multichannel,1,0,0.0
0,0,2,101.92170896205732,Urban,1,Web,0,0,0.0
0,1,1,1311.341810515009,Suburban,0,Phone,1,1,37.86091214186334
0,0,10,79.65114154584455,Urban,0,Web,0,0,0.0
0,0,4,180.84841114439143,Urban,1,Web,0,0,0.0
0,1,1,30.704214317638183,Urban,0,Web,0,0,0.0
0,1,11,169.08885713128552,Urban,0,Web,0,0,0.0
1,0,11,217.91242412022513,Suburban,0,Web,0,0,0.0
0,1,12,122.85042825011148,Rural,0,Multichannel,0,0,0.0
1,0,5,34.6216701837976,Suburban,0,Web,0,0,0.0
0,0,1,37.04892042744795,Suburban,0,Phone,0,0,0.0
1,0,12,46.710541926706746,Urban,1,Multichannel,0,0,0.0
1,0,12,131.26359899079398,Urban,0,Phone,0,0,0.0
1,0,1,123.4747212394256,Suburban,0,Web,0,0,0.0
0,0,11,100.7431032059944,Suburban,0,Web,0,0,0.0
1,0,3,49.01065236272897,Urban,1,Multichannel,1,1,11.2100331990348
1,0,11,89.01757455977865,Rural,0,Web,0,0,0.0
0,0,3,211.8349311566404,Suburban,0,Phone,0,0,0.0
0,0,8,10.0,Urban,0,Web,0,0,0.0
1,0,2,130.97851895708013,Suburban,0,Web,0,0,0.0
1,0,12,803.141109834972,Suburban,1,Phone,1,0,0.0
0,0,12,832.1269082850462,Urban,1,Web,0,0,0.0
0,0,3,82.72682277206277,Suburban,0,Phone,0,0,0.0
0,1,5,329.2493362008722,Suburban,0,Phone,0,0,0.0
0,1,1,35.18212174621282,Urban,0,Web,0,0,0.0
0,1,11,43.95696054672059,Urban,0,Multichannel,1,0,0.0
0,0,1,181.10811877011358,Rural,1,Web,1,0,0.0
0,1,8,199.12021074431937,Urban,0,Multichannel,0,0,0.0
0,0,1,21.14855554961874,Rural,0,Web,0,0,0.0
0,0,2,324.814163882465,Suburban,0,Web,1,0,0.0
0,0,10,67.34971034854213,Suburban,0,Phone,0,0,0.0
0,0,5,91.71918769957463,Suburban,0,Multichannel,0,0,0.0
0,0,5,381.11897250486135,Suburban,0,Web,0,0,0.0
1,0,1,10.0,Urban,0,Multichannel,1,0,0.0
0,1,8,267.57756940261515,Suburban,0,Multichannel,0,0,0.0
1,0,2,65.44322554083557,Suburban,1,Web,0,0,0.0
0,1,3,1325.8248242211523,Suburban,0,Web,0,0,0.0
0,1,12,26.940254948070706,Urban,0,Phone,0,0,0.0
1,0,4,134.28262252870903,Urban,0,Multichannel,0,0,0.0
1,0,11,123.76320638935802,Rural,0,Multichannel,0,0,0.0
1,0,12,4745.317953417857,Suburban,1,Web,0,0,0.0
0,1,9,460.6426865356242,Suburban,0,Multichannel,0,0,0.0
1,0,4,747.5744179218403,Suburban,0,Multichannel,0,0,0.0
0,0,1,18.47690926786198,Urban,0,Web,0,0,0.0
1,0,5,251.09533016204944,Suburban,0,Multichannel,1,0,0.0
0,0,5,121.24627964485188,Suburban,0,Phone,0,0,0.0
1,0,1,786.9914139944441,Suburban,1,Multichannel,0,0,0.0
0,0,5,889.5894502918866,Suburban,0,Web,0,0,0.0
1,0,10,98.23335636671156,Suburban,0,Multichannel,1,1,18.128296631518893
1,0,12,83.2895415490048,Suburban,0,Web,0,0,0.0
1,0,11,195.3710999263296,Suburban,0,Multichannel,0,0,0.0
0,0,7,155.82528736743748,Suburban,0,Phone,0,0,0.0
0,1,11,481.87824982332336,Suburban,1,Phone,0,0,0.0
1,0,2,67.89396646422819,Rural,0,Web,1,0,0.0
1,0,7,170.22407741213115,Suburban,0,Web,1,0,0.0
1,0,7,62.73081503055595,Suburban,0,Web,0,0,0.0
0,0,5,326.5246770451233,Suburban,0,Web,0,0,0.0
0,1,4,105.21966792864013,Suburban,0,Multichannel,0,0,0.0
1,0,2,28.417654347254796,Suburban,0,Web,1,1,21.93035599161276
0,1,5,70.1891655505974,Urban,0,Web,0,0,0.0
0,0,5,154.16749740493168,Urban,0,Web,0,0,0.0
0,1,11,392.93905311893917,Suburban,0,Phone,0,0,0.0
0,1,3,289.5930983020046,Urban,0,Phone,0,0,0.0
0,1,6,301.68547570107836,Suburban,0,Web,0,0,0.0
0,0,8,694.1437303358258,Urban,0,Multichannel,0,0,0.0
1,0,2,1336.8119703556395,Rural,0,Multichannel,0,0,0.0
0,0,4,135.82465616287558,Suburban,1,Web,0,0,0.0
0,1,3,988.6850690812071,Urban,0,Web,1,0,0.0
0,1,1,144.15294180198146,Suburban,1,Multichannel,1,0,0.0
0,0,9,65.75288309995621,Urban,1,Phone,1,0,0.0
0,0,9,12.754919811446827,Suburban,0,Web,0,0,0.0
0,0,3,1225.1361364481797,Urban,0,Multichannel,0,0,0.0
0,0,1,204.75579425211237,Suburban,0,Web,0,0,0.0
1,0,12,18.97429441582103,Urban,1,Web,1,0,0.0
0,1,7,314.9195661446134,Suburban,0,Multichannel,0,0,0.0
1,0,8,22.08971291319238,Suburban,1,Web,0,0,0.0
0,1,9,291.4315570160123,Suburban,0,Phone,0,0,0.0
0,1,2,37.27036685017342,Suburban,0,Multichannel,0,0,0.0
0,0,11,64.90651663539937,Suburban,0,Web,0,0,0.0
1,0,11,153.53813238980507,Rural,0,Multichannel,0,0,0.0
0,1,4,1014.104745065705,Suburban,1,Web,1,0,0.0
0,0,3,68.4525278215096,Urban,1,Web,0,0,0.0
0,0,12,2259.8526108493174,Rural,0,Phone,0,0,0.0
0,0,2,169.02668932746533,Urban,0,Multichannel,0,0,0.0
0,1,2,25.716391699818548,Rural,0,Web,1,0,0.0
1,0,11,391.7435666855393,Rural,0,Web,0,0,0.0
1,0,2,188.77407376894053,Suburban,1,Multichannel,0,0,0.0
0,1,4,318.62991250099543,Suburban,0,Multichannel,0,0,0.0
1,0,4,111.1378739956416,Suburban,0,Multichannel,1,0,0.0
0,1,5,45.010166330793126,Rural,0,Web,0,0,0.0
1,0,2,178.95085710086877,Urban,0,Web,0,0,0.0
1,0,5,301.6197703066086,Urban,1,Multichannel,0,0,0.0
0,1,7,389.3500563837057,Urban,0,Web,0,0,0.0
1,0,8,374.3954616560844,Urban,0,Multichannel,0,0,0.0
0,0,4,406.81511465081707,Suburban,0,Multichannel,0,0,0.0
0,1,6,82.32465347609707,Rural,0,Web,1,0,0.0
1,0,2,166.41503887611245,Suburban,0,Web,0,0,0.0
0,0,12,164.4039909920269,Urban,1,Phone,0,0,0.0
1,0,3,238.6855613170653,Urban,0,Multichannel,0,0,0.0
0,0,1,10.0,Rural,1,Multichannel,0,0,0.0
0,1,1,99.70489104396322,Rural,0,Web,0,0,0.0
1,0,4,600.4529079598346,Suburban,1,Multichannel,0,0,0.0
1,0,8,2368.8405877867945,Urban,0,Web,0,0,0.0
0,0,1,74.81986034223317,Rural,0,Multichannel,1,1,10.0
1,0,12,328.58703045161883,Rural,0,Multichannel,1,0,0.0
0,0,1,298.3044896062446,Suburban,0,Web,1,0,0.0
0,1,6,216.24713587496285,Rural,0,Web,0,0,0.0
0,1,3,1971.4311489696438,Urban,0,Web,0,0,0.0
1,0,5,100.07597556899634,Suburban,0,Web,0,0,0.0
1,0,3,162.7073324713433,Suburban,0,Web,0,0,0.0
1,0,2,168.39788827282806,Suburban,0,Multichannel,0,0,0.0
1,0,5,55.00433340204531,Rural,0,Web,1,0,0.0
1,0,1,423.70000023282944,Suburban,1,Web,0,0,0.0
0,1,9,162.02310262971588,Suburban,0,Multichannel,0,0,0.0
1,0,5,86.80371202196308,Suburban,0,Multichannel,0,0,0.0
0,1,7,113.04729595507237,Suburban,0,Multichannel,1,0,0.0
0,0,12,100.45692045854827,Suburban,0,Multichannel,0,0,0.0
0,1,1,91.88414664019135,Urban,0,Web,1,1,89.19910187873796
1,0,4,71.22329423075631,Rural,0,Web,0,0,0.0
1,0,11,1179.1931313748717,Suburban,0,Web,0,0,0.0
0,0,2,10.109145693082285,Rural,0,Web,0,0,0.0
0,0,12,44.79698332170755,Suburban,0,Web,0,0,0.0
0,0,4,26.799354748284145,Rural,0,Multichannel,1,0,0.0
0,1,7,60.097072585688935,Suburban,0,Web,0,0,0.0
0,1,12,22.66177784620875,Suburban,1,Multichannel,1,0,0.0
1,0,12,794.7676404222099,Rural,0,Multichannel,0,0,0.0
0,1,2,217.57491666413964,Urban,1,Multichannel,0,0,0.0
0,0,1,166.31359124680483,Suburban,0,Multichannel,0,0,0.0
1,0,6,316.62152831646085,Suburban,0,Web,0,0,0.0
1,0,4,407.7029420558466,Urban,0,Phone,1,1,336.8382312085658
0,0,4,147.06181049080814,Urban,0,Multichannel,0,0,0.0
1,0,3,270.737938221487,Urban,1,Web,0,0,0.0
0,1,2,119.52661519809415,Suburban,0,Multichannel,0,0,0.0
0,0,1,1033.4932878477189,Rural,0,Multichannel,0,0,0.0
0,0,4,102.32895649419541,Suburban,0,Web,0,0,0.0
0,1,4,91.83286320725396,Rural,0,Web,0,0,0.0
0,0,1,155.80610139063054,Urban,0,Phone,0,0,0.0
0,1,2,17.19545979768222,Urban,0,Web,0,0,0.0
0,1,12,234.53294398892407,Rural,0,Web,0,0,0.0
1,0,11,426.0296634495882,Suburban,0,Phone,0,0,0.0
0,0,4,638.593507953208,Urban,0,Web,1,0,0.0
1,0,1,439.80453690313266,Suburban,0,Web,0,0,0.0
0,1,12,184.11039325069947,Suburban,0,Web,0,0,0.0
1,0,2,370.7837681726658,Suburban,1,Multichannel,0,0,0.0
0,0,1,111.7164683152072,Urban,0,Multichannel,0,0,0.0
0,1,4,404.7914762050917,Urban,0,Web,0,0,0.0
0,0,1,63.04274427438398,Suburban,1,Phone,0,0,0.0
0,0,8,44.49075972522062,Urban,0,Phone,0,0,0.0
0,1,12,159.05624598703568,Rural,0,Multichannel,1,1,44.65477726976245
0,0,4,71.30025610815758,Suburban,1,Phone,0,0,0.0
0,1,3,25.245357187492516,Suburban,1,Web,0,0,0.0
0,0,12,576.8544802398638,Rural,1,Web,0,0,0.0
1,0,4,63.46562751245108,Suburban,0,Web,1,0,0.0
0,0,11,16.887104550759094,Rural,1,Phone,0,0,0.0
0,0,6,82.10384238915692,Urban,0,Phone,0,0,0.0
1,0,2,69.10620085047398,Urban,0,Phone,0,0,0.0
0,1,3,35.607835196777145,Urban,0,Phone,0,0,0.0
0,0,6,98.80266179957428,Rural,0,Multichannel,0,0,0.0
0,1,11,158.61247896604274,Suburban,0,Web,0,0,0.0
1,0,11,206.64573594189463,Rural,1,Web,1,0,0.0
0,0,12,34.914966556266975,Suburban,1,Web,0,0,0.0
0,1,2,230.66547108503886,Urban,0,Web,0,0,0.0
0,0,5,27.164071288938697,Rural,0,Multichannel,0,0,0.0
0,0,8,16.92163473127323,Suburban,0,Web,0,0,0.0
0,1,4,151.28826923182845,Suburban,1,Web,0,0,0.0
1,0,10,10.0,Urban,0,Web,0,0,0.0
0,1,7,1460.2783386202425,Urban,0,Web,0,0,0.0
1,0,3,125.52473720392942,Suburban,0,Web,0,0,0.0
0,0,12,258.95310509922626,Rural,0,Phone,0,0,0.0
0,0,12,154.79897557219246,Suburban,0,Web,0,0,0.0
0,1,5,212.64158832876808,Suburban,0,Web,0,0,0.0
1,0,11,17.6336374603368,Suburban,0,Multichannel,0,0,0.0
0,0,5,75.83117986302359,Urban,0,Phone,0,0,0.0
0,0,5,1924.836687444125,Suburban,0,Multichannel,0,0,0.0
0,0,11,128.44382926678648,Suburban,0,Phone,1,0,0.0
0,1,12,1211.9434716708274,Suburban,0,Web,0,0,0.0
0,0,10,79.74244709097992,Suburban,0,Web,0,0,0.0
1,0,8,750.5434220679006,Suburban,0,Web,0,0,0.0
0,0,8,424.8899268560454,Rural,0,Multichannel,0,0,0.0
1,0,11,197.28596306887528,Urban,0,Web,0,0,0.0
0,1,9,418.70322528297856,Urban,0,Multichannel,0,0,0.0
0,1,2,41.4334259698327,Suburban,0,Web,0,0,0.0
0,1,9,195.39515176604854,Suburban,0,Multichannel,1,1,15.841902385982696
0,1,1,307.3128045025027,Suburban,0,Web,1,0,0.0
0,0,2,483.11086483229144,Suburban,0,Phone,0,0,0.0
1,0,8,53.82922964697933,Suburban,0,Multichannel,0,0,0.0
0,0,1,174.00475994016224,Urban,0,Web,0,0,0.0
0,0,11,595.4968048931675,Suburban,1,Web,0,0,0.0
0,1,5,212.38221009547055,Suburban,0,Phone,0,0,0.0
1,0,12,213.1047244232351,Suburban,0,Web,0,0,0.0
0,1,7,62.64160163959959,Urban,0,Web,0,0,0.0
0,0,3,43.00167924383135,Urban,0,Multichannel,1,0,0.0
0,1,1,175.26560499488977,Urban,0,Phone,0,0,0.0
1,0,8,125.54166308699392,Suburban,1,Multichannel,0,0,0.0
0,1,3,47.69757839753513,Urban,0,Phone,0,0,0.0
0,0,1,519.1177399616653,Urban,0,Web,0,0,0.0
1,0,3,65.10052107157063,Suburban,0,Web,0,0,0.0
0,1,1,20.478471185394717,Urban,0,Phone,1,0,0.0
1,0,12,144.225916409211,Rural,0,Multichannel,0,0,0.0
1,0,6,39.982435453232846,Suburban,0,Web,0,0,0.0
0,0,12,66.7755192732301,Urban,1,Phone,0,0,0.0
1,0,2,634.8415696446887,Urban,0,Multichannel,0,0,0.0
0,1,4,416.1072146297567,Suburban,0,Multichannel,0,0,0.0
0,0,3,531.3546885566043,Suburban,0,Phone,1,0,0.0
0,1,7,256.1060127402416,Suburban,0,Web,0,0,0.0
1,0,12,175.506969632426,Suburban,0,Multichannel,0,0,0.0
0,1,11,48.11798408767871,Suburban,0,Web,0,0,0.0
0,1,7,260.6970688395447,Rural,0,Web,0,0,0.0
1,0,2,77.30106405289837,Rural,0,Phone,0,0,0.0
1,0,11,89.59764191652978,Suburban,1,Web,0,0,0.0
0,1,2,482.8986662505292,Suburban,1,Phone,0,0,0.0
1,0,5,122.03060757780287,Rural,0,Phone,0,0,0.0
1,0,7,45.101831719406505,Suburban,0,Web,0,0,0.0
1,0,1,108.54141661220453,Urban,0,Phone,0,0,0.0
0,1,11,406.502481449441,Urban,0,Web,0,0,0.0
0,0,8,212.06057998247974,Rural,0,Web,0,0,0.0
0,0,10,215.5645657326505,Urban,0,Web,0,0,0.0
0,0,12,1058.6804666605558,Suburban,0,Web,0,0,0.0
1,0,5,47.55101192561845,Urban,0,Multichannel,0,0,0.0
0,0,6,285.5213666737308,Urban,0,Multichannel,0,0,0.0
0,0,7,520.7771807447347,Rural,0,Web,0,0,0.0
0,1,12,47.645444598977164,Urban,0,Phone,0,0,0.0
0,1,1,21.261679964734004,Rural,0,Phone,0,0,0.0
0,1,11,117.32406878883789,Suburban,0,Web,0,0,0.0
1,0,8,2492.541487682791,Rural,0,Web,0,0,0.0
1,0,11,229.97522715701544,Suburban,1,Web,0,0,0.0
1,0,3,10.0,Suburban,0,Multichannel,0,0,0.0
1,0,9,92.11879613222014,Urban,0,Web,0,0,0.0
0,0,9,561.8041894366111,Rural,0,Web,1,0,0.0
0,1,1,464.20316409793236,Rural,0,Web,0,0,0.0
0,1,1,182.15693970259193,Suburban,0,Web,1,0,0.0
0,0,1,878.7059116298446,Suburban,0,Multichannel,0,0,0.0
1,0,2,883.2653912354558,Suburban,1,Web,0,0,0.0
1,0,4,303.0665091091548,Suburban,1,Web,0,0,0.0
1,0,5,316.2612243025623,Suburban,0,Web,0,0,0.0
0,0,5,99.8564515405394,Rural,0,Web,0,0,0.0
0,1,6,152.84522195049672,Urban,1,Phone,0,0,0.0
0,1,6,41.338600764017066,Suburban,0,Web,0,0,0.0
0,1,1,145.76817082619695,Urban,1,Web,0,0,0.0
0,0,4,127.34284723919993,Suburban,0,Web,0,0,0.0
0,1,9,311.78848135203833,Urban,1,Multichannel,1,0,0.0
0,1,2,576.7098518672956,Urban,1,Multichannel,1,0,0.0
0,0,1,55.92572480231525,Suburban,0,Web,0,0,0.0
0,1,9,195.41811483835207,Rural,1,Web,0,0,0.0
0,0,11,430.47018932277956,Urban,0,Phone,0,0,0.0
0,1,7,26.027688941525053,Urban,0,Web,1,0,0.0
0,0,1,75.65074869972031,Suburban,0,Multichannel,0,0,0.0
0,1,7,99.61357275210806,Urban,0,Phone,0,0,0.0
0,1,1,150.39857753946268,Suburban,1,Multichannel,0,0,0.0
0,0,12,39.45424529668988,Suburban,0,Multichannel,0,0,0.0
0,0,7,622.6956872060686,Urban,0,Web,0,0,0.0
0,0,11,512.2926231426571,Suburban,0,Web,1,0,0.0
0,0,9,1145.2252964749282,Suburban,0,Web,1,0,0.0
1,0,10,127.88069144597549,Suburban,0,Multichannel,0,0,0.0
1,0,1,1930.0447359347756,Urban,0,Web,0,0,0.0
0,1,4,196.43390416534103,Urban,0,Web,0,0,0.0
0,1,11,187.7422882383124,Rural,0,Phone,0,0,0.0
0,0,4,22.924467949031833,Suburban,0,Web,0,0,0.0
0,1,2,144.42130609883196,Urban,1,Web,0,0,0.0
1,0,1,166.65129644512115,Suburban,0,Web,1,1,21.11122111519358
1,0,12,22.845836375091476,Suburban,1,Web,0,0,0.0
0,0,2,112.90285845557997,Rural,1,Phone,0,0,0.0
0,1,2,240.49495356939084,Suburban,0,Multichannel,1,0,0.0
0,1,5,114.7211551871726,Suburban,0,Web,0,0,0.0
0,1,12,230.3087017876802,Urban,0,Multichannel,0,0,0.0
0,1,9,77.0548008389849,Suburban,0,Multichannel,0,0,0.0
1,0,11,10.0,Suburban,0,Multichannel,1,0,0.0
1,0,12,94.37098708280185,Urban,0,Web,0,0,0.0
0,0,10,31.889758238910403,Suburban,0,Web,0,0,0.0
0,1,3,195.87903958298728,Rural,0,Multichannel,1,0,0.0
1,0,2,67.12235295327558,Urban,0,Web,0,0,0.0
0,0,10,93.83808211007704,Urban,1,Web,0,0,0.0
0,0,4,2113.466839925347,Rural,0,Phone,0,0,0.0
0,1,11,10.0,Rural,1,Multichannel,1,0,0.0
0,1,6,84.47720013229366,Urban,1,Web,0,0,0.0
0,1,11,81.4646086600731,Rural,0,Multichannel,0,0,0.0
0,1,3,69.26579562219791,Suburban,1,Phone,0,0,0.0
1,0,5,112.21354127360907,Urban,1,Web,0,0,0.0
0,0,3,21.574590186421315,Suburban,1,Phone,0,0,0.0
1,0,10,42.815283668870464,Urban,0,Web,0,0,0.0
0,0,11,60.017751676251756,Rural,0,Web,0,0,0.0
1,0,3,25.016174267473847,Urban,1,Phone,0,0,0.0
0,0,4,257.09583291352027,Urban,0,Web,1,0,0.0
0,1,2,278.4054397142646,Suburban,0,Web,0,0,0.0
0,1,10,451.99408150652494,Suburban,1,Web,0,0,0.0
1,0,5,222.48804538133837,Suburban,0,Multichannel,0,0,0.0
0,0,1,48.05773039639196,Urban,0,Web,0,0,0.0
1,0,6,56.889417549566424,Suburban,0,Multichannel,0,0,0.0
1,0,12,478.78496533494234,Suburban,1,Phone,1,0,0.0
0,1,9,49.26861433672421,Suburban,1,Web,0,0,0.0
0,1,8,254.805533490451,Rural,0,Web,0,0,0.0
0,0,7,52.29741790189407,Suburban,0,Web,0,0,0.0
0,1,1,33.981011589641525,Urban,0,Multichannel,0,0,0.0
1,0,8,232.70328785308072,Rural,1,Web,0,0,0.0
0,0,1,159.15937381125553,Suburban,0,Web,0,0,0.0
0,0,3,154.7892496143072,Rural,0,Phone,0,0,0.0
1,0,1,520.544850830576,Rural,0,Web,1,0,0.0
0,0,11,725.508203887222,Suburban,0,Web,0,0,0.0
0,0,7,99.5882043983205,Suburban,1,Multichannel,0,0,0.0
1,0,4,495.06595409619337,Suburban,0,Web,1,0,0.0
0,1,10,791.6207410766684,Suburban,0,Phone,0,0,0.0
0,1,4,36.434365388869374,Suburban,0,Web,0,0,0.0
0,1,7,643.1886397584141,Rural,1,Phone,0,0,0.0
1,0,11,16.6595779978224,Urban,0,Multichannel,1,0,0.0
1,0,5,144.47203810006658,Suburban,0,Multichannel,1,1,32.008668550743124
1,0,6,204.17733764570787,Suburban,0,Web,0,0,0.0
0,1,12,743.9173496183322,Urban,1,Web,0,0,0.0
0,0,2,98.39198359898802,Suburban,0,Web,0,0,0.0
1,0,12,140.42090936348467,Suburban,0,Web,1,0,0.0
0,0,4,239.76837981659156,Suburban,0,Web,0,0,0.0
0,1,3,194.3708763711662,Suburban,0,Web,0,0,0.0
0,0,5,18.05529362703588,Suburban,0,Phone,0,0,0.0
0,0,7,35.810011690685656,Urban,0,Web,0,0,0.0
0,1,6,117.91184898844453,Suburban,0,Web,0,0,0.0
0,0,7,73.44157547853027,Suburban,0,Web,0,0,0.0
0,1,5,396.17106106845523,Rural,1,Phone,1,0,0.0
0,1,1,209.57583466823195,Suburban,1,Web,0,0,0.0
0,0,12,1133.3233148390389,Urban,1,Multichannel,0,0,0.0
0,1,4,81.07182204314938,Suburban,0,Multichannel,0,0,0.0
1,0,2,245.15642769876135,Suburban,0,Phone,0,0,0.0
0,0,12,519.3370734814512,Suburban,0,Web,0,0,0.0
1,0,12,33.9595341775591,Suburban,1,Web,0,0,0.0
1,0,5,1324.8641708771452,Urban,0,Web,0,0,0.0
1,0,1,91.92272094340912,Suburban,1,Phone,0,0,0.0
0,0,10,187.95350103533443,Urban,0,Phone,0,0,0.0
1,0,5,10.0,Suburban,0,Web,0,0,0.0
0,0,4,113.94344875401997,Suburban,0,Web,0,0,0.0
0,0,2,90.76759127608649,Rural,0,Phone,0,0,0.0
0,0,3,11.703681630309896,Rural,0,Web,1,0,0.0
0,0,7,138.7438544902928,Urban,0,Web,0,0,0.0
1,0,5,170.401790950085,Suburban,0,Web,0,0,0.0
1,0,3,510.5758670007103,Suburban,0,Web,0,0,0.0
0,1,1,15.659832610434494,Suburban,0,Web,1,1,14.521824492179983
1,0,1,258.0580437440991,Rural,0,Multichannel,0,0,0.0
0,0,3,340.7579763408102,Suburban,0,Web,0,0,0.0
1,0,2,15.81537131571652,Suburban,0,Web,0,0,0.0
0,0,3,139.3404801183948,Urban,1,Web,0,0,0.0
1,0,3,1188.1347524803182,Suburban,1,Web,0,0,0.0
0,1,12,518.6633487624615,Suburban,0,Web,0,0,0.0
0,1,2,203.224963750478,Urban,0,Multichannel,0,0,0.0
0,0,5,130.42172127396287,Suburban,0,Multichannel,1,0,0.0
0,1,4,331.2760729218627,Urban,0,Multichannel,0,0,0.0
1,0,1,311.784323125828,Suburban,0,Multichannel,0,0,0.0
1,0,1,153.161085764819,Suburban,0,Phone,1,1,40.11301453038498
0,0,2,40.109490214828625,Urban,0,Web,1,0,0.0
0,0,1,39.361198032497434,Suburban,0,Web,0,0,0.0
0,1,7,19.095103025982787,Suburban,0,Web,0,0,0.0
0,0,6,42.231539310599416,Urban,0,Web,0,0,0.0
1,0,12,306.55870022776327,Urban,0,Web,0,0,0.0
1,0,10,167.53890263296967,Suburban,0,Web,0,0,0.0
1,0,7,44.814300169987256,Suburban,0,Multichannel,1,0,0.0
0,1,4,99.1371650211146,Suburban,0,Phone,0,0,0.0
0,0,7,43.730919290822136,Suburban,0,Web,1,0,0.0
0,1,2,1187.582383217855,Urban,0,Multichannel,0,0,0.0
0,0,7,129.62119224923615,Suburban,0,Web,0,0,0.0
1,0,2,242.50754785684143,Urban,0,Phone,1,0,0.0
1,0,5,73.11284134789435,Rural,1,Phone,0,0,0.0
0,1,2,131.49245253030296,Suburban,0,Web,0,0,0.0
1,0,2,382.0837876616234,Suburban,0,Web,1,0,0.0
1,0,5,702.3846035277913,Suburban,0,Multichannel,0,0,0.0
0,1,11,343.62541279239286,Urban,1,Web,1,0,0.0
1,0,6,104.68959530290923,Urban,0,Multichannel,0,0,0.0
1,0,1,318.82938145099524,Rural,0,Web,0,0,0.0
1,0,12,668.8802641875228,Suburban,0,Multichannel,0,0,0.0
0,1,3,514.6281971294665,Urban,0,Web,1,0,0.0
0,0,9,15.298042176377276,Rural,1,Web,0,0,0.0
0,0,4,21.706501261479158,Suburban,0,Multichannel,0,0,0.0
0,0,11,122.57473965657627,Suburban,1,Multichannel,0,0,0.0
0,0,11,86.74830953097504,Suburban,0,Phone,0,0,0.0
0,0,5,74.61496480967415,Suburban,0,Multichannel,0,0,0.0
1,0,2,13.348298354602278,Rural,0,Web,0,0,0.0
0,1,1,222.25966518709066,Suburban,0,Multichannel,0,0,0.0
0,0,1,75.71571631924064,Suburban,1,Multichannel,0,0,0.0
1,0,12,48.497277157690824,Suburban,0,Web,0,0,0.0
1,0,4,141.24527947256874,Suburban,0,Multichannel,1,1,10.0
0,1,10,89.15686832446615,Suburban,0,Web,0,0,0.0
0,1,5,852.6133668908773,Urban,1,Multichannel,0,0,0.0
0,1,7,457.6538215975597,Urban,0,Web,0,0,0.0
1,0,1,1032.4814463664425,Suburban,0,Phone,1,0,0.0
1,0,12,10.860448187463296,Urban,0,Web,0,0,0.0
0,0,9,264.44617134007575,Suburban,0,Web,0,0,0.0
0,1,12,35.52684964751288,Suburban,0,Web,0,0,0.0
0,0,1,10.0,Suburban,0,Web,0,0,0.0
0,1,2,61.44366864653254,Urban,1,Web,0,0,0.0
1,0,7,152.3221142521913,Urban,1,Web,0,0,0.0
1,0,11,557.1507159577498,Suburban,0,Multichannel,0,0,0.0
0,1,6,10.833841219260613,Suburban,0,Web,0,0,0.0
0,0,6,664.9678313663185,Rural,0,Phone,1,0,0.0
1,0,8,55.710824969881685,Urban,0,Multichannel,0,0,0.0
0,1,12,85.03255638045825,Suburban,0,Web,0,0,0.0
0,1,10,57.17423186934223,Suburban,0,Web,0,0,0.0
1,0,5,94.0433257439213,Rural,0,Web,0,0,0.0
1,0,6,253.00162255458102,Suburban,0,Web,0,0,0.0
0,0,7,148.83486681851247,Suburban,0,Phone,0,0,0.0
0,1,1,472.71919495094903,Suburban,0,Multichannel,0,0,0.0
1,0,9,30.218986497184712,Urban,0,Web,0,0,0.0
0,1,7,105.8547643452978,Suburban,1,Web,0,0,0.0
0,1,1,350.91733055209744,Suburban,0,Web,0,0,0.0
0,1,11,104.6475947034507,Suburban,1,Phone,0,0,0.0
0,0,2,339.40090361743245,Suburban,0,Web,0,0,0.0
0,0,1,224.79951673260788,Suburban,0,Web,0,0,0.0
0,1,7,550.2064934232653,Suburban,0,Phone,0,0,0.0
0,1,5,53.67279198564182,Urban,0,Web,0,0,0.0
0,0,12,194.67991294158514,Suburban,1,Web,1,0,0.0
1,0,5,195.3370375058899,Suburban,0,Phone,0,0,0.0
0,0,4,76.2724048801488,Suburban,0,Web,0,0,0.0
0,1,1,34.77226748972156,Suburban,1,Web,0,0,0.0
1,0,8,327.4384157700555,Suburban,0,Multichannel,0,0,0.0
0,0,11,162.55526967295225,Urban,1,Web,0,0,0.0
0,1,12,102.26743024112695,Suburban,0,Phone,0,0,0.0
0,1,12,83.68788254419994,Urban,0,Multichannel,1,0,0.0
0,0,4,616.2710106821473,Urban,0,Web,1,0,0.0
0,1,2,196.55425944311156,Urban,1,Phone,0,0,0.0
0,1,5,174.67266995963263,Suburban,0,Multichannel,0,0,0.0
1,0,8,30.70937017353175,Suburban,0,Web,1,1,18.476825930143328
0,0,9,316.06221665770414,Rural,0,Web,0,0,0.0
0,1,4,479.89897688506505,Suburban,1,Phone,0,0,0.0
0,1,5,39.9917498200471,Rural,0,Web,0,0,0.0
0,0,3,1367.9152841468797,Rural,0,Web,0,0,0.0
0,0,12,526.897633027713,Suburban,1,Web,1,0,0.0
1,0,12,179.48716960896533,Urban,0,Web,0,0,0.0
0,0,12,111.46251375331933,Suburban,0,Multichannel,0,0,0.0
0,0,12,26.591695801301373,Suburban,1,Web,0,0,0.0
0,1,6,269.4169706633255,Urban,0,Phone,0,0,0.0
0,0,6,28.271601865627847,Suburban,0,Multichannel,0,0,0.0
0,1,5,226.63005690999213,Suburban,0,Web,0,0,0.0
0,0,7,1470.0535511590124,Suburban,0,Web,0,0,0.0
0,1,1,1333.382771206236,Rural,0,Web,0,0,0.0
1,0,5,624.7702163907285,Suburban,0,Web,0,0,0.0
1,0,8,207.9675173927382,Suburban,0,Phone,0,0,0.0
0,1,3,62.9751815112402,Suburban,0,Web,0,0,0.0
1,0,6,27.350131050732788,Urban,0,Phone,0,0,0.0
0,0,12,238.96582872759788,Suburban,0,Multichannel,0,0,0.0
0,1,6,154.3653673629797,Rural,0,Web,0,0,0.0
0,0,5,182.16551729931015,Urban,0,Phone,0,0,0.0
1,0,1,638.1612703157699,Suburban,0,Multichannel,0,0,0.0
0,1,3,584.182711730473,Urban,0,Multichannel,0,0,0.0
0,1,12,38.509891519788084,Urban,0,Multichannel,0,0,0.0
0,0,4,330.86667131825413,Rural,0,Web,1,0,0.0
0,0,2,968.6969357338834,Suburban,0,Multichannel,0,0,0.0
0,0,9,90.76527072322428,Suburban,0,Multichannel,0,0,0.0
0,1,6,17.716313952472618,Urban,1,Phone,0,0,0.0
0,1,1,750.0784685748689,Rural,0,Web,0,0,0.0
0,0,4,103.85423588784954,Suburban,0,Phone,0,0,0.0
1,0,6,15.479036612020586,Suburban,0,Web,1,0,0.0
0,1,11,1197.9260506143407,Urban,1,Web,0,0,0.0
0,1,2,193.9376016010639,Urban,0,Web,0,0,0.0
0,1,7,121.8103270467904,Suburban,1,Phone,1,0,0.0
0,1,6,255.15998829617126,Urban,0,Multichannel,1,0,0.0
0,1,12,105.42762256272651,Suburban,0,Web,1,0,0.0
0,0,12,235.75609188612657,Suburban,0,Phone,1,0,0.0
0,1,8,94.45672785094986,Urban,0,Multichannel,0,0,0.0
0,0,3,157.71229992145655,Urban,0,Phone,1,0,0.0
0,1,11,117.83427525307357,Rural,0,Multichannel,0,0,0.0
0,0,10,422.35692942531335,Suburban,0,Web,0,0,0.0
0,1,6,122.3246634342449,Suburban,0,Multichannel,0,0,0.0
0,1,1,926.4111033466176,Urban,0,Web,0,0,0.0
0,1,9,16.938719755431446,Suburban,0,Phone,0,0,0.0
1,0,1,26.777800144851298,Urban,0,Web,0,0,0.0
1,0,4,166.74205001477796,Suburban,0,Multichannel,0,0,0.0
1,0,11,44.84469511942207,Urban,0,Web,0,0,0.0
1,0,3,395.9802320400625,Suburban,0,Web,0,0,0.0
0,1,12,155.61363183201524,Rural,0,Phone,0,0,0.0
0,1,11,462.15528157098294,Suburban,0,Web,0,0,0.0
0,1,11,1438.7868223740675,Rural,0,Multichannel,0,0,0.0
0,0,12,432.14027586040976,Suburban,1,Phone,0,0,0.0
1,0,11,742.0864062253778,Suburban,0,Web,1,0,0.0
0,0,12,541.0447454818596,Suburban,0,Multichannel,0,0,0.0
1,0,12,254.09228584560864,Suburban,0,Multichannel,0,0,0.0
0,0,3,2528.0871048818126,Rural,0,Web,0,0,0.0
0,0,6,265.5254950295272,Rural,0,Web,0,0,0.0
0,1,8,83.63687294114969,Suburban,1,Web,0,0,0.0
0,1,3,262.7279116092834,Rural,1,Web,0,0,0.0
0,0,1,42.50809327591579,Suburban,0,Phone,1,0,0.0
0,1,11,804.9928276426549,Rural,0,Web,0,0,0.0
1,0,7,47.243464056385854,Urban,0,Web,0,0,0.0
0,0,12,181.44262178330678,Suburban,0,Multichannel,0,0,0.0
1,0,12,189.07103791854757,Suburban,1,Multichannel,0,0,0.0
1,0,2,810.9434110083397,Urban,0,Web,0,0,0.0
0,0,3,160.5674355526733,Suburban,0,Web,1,1,22.336417987455718
1,0,6,101.11302414650967,Suburban,0,Web,0,0,0.0
0,1,7,69.37041545600943,Urban,0,Multichannel,0,0,0.0
0,0,11,91.38994402248758,Suburban,0,Web,0,0,0.0
1,0,11,105.44711796741797,Urban,0,Web,0,0,0.0
1,0,4,102.37957942466028,Urban,0,Multichannel,0,0,0.0
1,0,6,65.69326495645993,Suburban,0,Web,0,0,0.0
1,0,8,39.630804530226676,Urban,0,Multichannel,0,0,0.0
0,0,3,82.3396903126095,Urban,1,Multichannel,0,0,0.0
1,0,4,65.47190644148112,Suburban,0,Web,0,0,0.0
0,1,5,72.59066170870231,Urban,0,Web,0,0,0.0
1,0,9,599.9058811657069,Rural,0,Multichannel,0,0,0.0
1,0,12,98.35102395165121,Suburban,0,Phone,1,0,0.0
1,0,4,323.43125957071635,Suburban,0,Multichannel,0,0,0.0
0,0,1,42.24716032875149,Rural,1,Multichannel,0,0,0.0
1,0,4,952.6647706749261,Suburban,0,Web,0,0,0.0
0,1,4,146.90033829034425,Rural,0,Multichannel,0,0,0.0
1,0,11,19.813542177017823,Urban,1,Web,0,0,0.0
0,1,5,2318.6267690680925,Urban,0,Web,0,0,0.0
1,0,6,41.26929824053479,Suburban,0,Phone,0,0,0.0
0,1,12,381.3065799834993,Urban,0,Phone,0,0,0.0
1,0,11,79.58177055107852,Suburban,1,Web,0,0,0.0
0,0,1,250.6678050464319,Suburban,0,Web,0,0,0.0
0,0,7,61.99505822831056,Rural,0,Multichannel,1,0,0.0
0,0,1,186.83414074164355,Urban,0,Phone,1,0,0.0
0,1,8,721.7731354623314,Suburban,0,Phone,0,0,0.0
0,1,10,489.6858189346861,Rural,1,Web,0,0,0.0
0,0,2,123.31806695942925,Suburban,1,Phone,0,0,0.0
0,1,12,163.80471325637055,Suburban,0,Web,0,0,0.0
1,0,6,47.20042089389565,Urban,0,Web,0,0,0.0
0,1,7,39.04695168265858,Suburban,1,Web,0,0,0.0
1,0,4,163.11359619820507,Urban,0,Multichannel,0,0,0.0
0,1,1,238.53097566117293,Urban,0,Web,0,0,0.0
0,1,1,46.990459098795185,Urban,0,Web,0,0,0.0
0,1,7,870.4019147975514,Suburban,1,Web,0,0,0.0
1,0,2,110.08934515044385,Rural,1,Phone,0,0,0.0
0,0,3,34.35890768380174,Suburban,1,Multichannel,0,0,0.0
0,1,2,342.2619649333882,Urban,0,Multichannel,0,0,0.0
1,0,1,48.981072087253324,Rural,0,Phone,0,0,0.0
0,1,2,238.1263778511444,Rural,0,Web,0,0,0.0
1,0,7,47.012323851151706,Suburban,0,Web,0,0,0.0
1,0,1,134.82375040264327,Suburban,0,Multichannel,0,0,0.0
0,0,1,62.36159386095807,Suburban,0,Phone,0,0,0.0
0,1,1,488.2038116614036,Suburban,0,Multichannel,0,0,0.0
1,0,2,170.47303340927863,Urban,1,Multichannel,0,0,0.0
0,1,10,102.93456805589425,Suburban,0,Multichannel,0,0,0.0
0,1,12,148.20064015701115,Rural,0,Web,0,0,0.0
1,0,10,213.6338597074893,Suburban,0,Web,0,0,0.0
0,0,2,328.0965231834924,Rural,1,Phone,1,0,0.0
0,1,3,109.86175920958264,Suburban,1,Web,0,0,0.0
1,0,3,16.42442928880949,Urban,1,Web,0,0,0.0
1,0,7,695.653601424135,Urban,1,Web,0,0,0.0
0,1,4,87.94972056575816,Urban,0,Multichannel,0,0,0.0
0,0,5,332.2287903710559,Suburban,0,Web,0,0,0.0
0,0,10,22.145320799637464,Urban,1,Multichannel,0,0,0.0
1,0,12,29.851814013991415,Urban,0,Web,0,0,0.0
0,0,12,333.1226063058842,Rural,0,Web,0,0,0.0
1,0,1,187.67464021741822,Urban,0,Phone,1,1,40.56484411512858
1,0,4,59.913443441205125,Suburban,0,Web,0,0,0.0
0,1,5,408.06438552398197,Suburban,0,Web,0,0,0.0
0,1,12,84.19601884664013,Urban,1,Phone,0,0,0.0
1,0,6,152.9096607912943,Suburban,0,Phone,1,0,0.0
0,1,10,256.6951379853596,Urban,1,Web,0,0,0.0
0,1,2,347.85398017776623,Rural,0,Multichannel,0,0,0.0
1,0,6,231.77651446421558,Suburban,0,Multichannel,0,0,0.0
1,0,11,52.250314931088,Urban,0,Multichannel,1,0,0.0
0,1,11,35.409063566376346,Urban,1,Phone,0,0,0.0
0,1,1,42.48358999248255,Urban,0,Multichannel,1,0,0.0
1,0,12,128.94452624223467,Suburban,0,Phone,0,0,0.0
1,0,3,1072.8532078260687,Suburban,0,Multichannel,1,0,0.0
0,1,8,249.7212041175848,Urban,0,Multichannel,1,0,0.0
1,0,6,42.358565612319936,Urban,0,Multichannel,0,0,0.0
0,0,10,21.960148670138455,Rural,0,Multichannel,0,0,0.0
0,0,3,114.79485319263704,Urban,1,Multichannel,0,0,0.0
1,0,4,1118.917545012902,Rural,1,Web,1,1,48.56791849710849
0,1,4,145.4692915936616,Urban,0,Web,0,0,0.0
0,0,11,495.7804530925508,Urban,1,Web,0,0,0.0
0,0,1,822.8438426777186,Suburban,0,Web,0,0,0.0
1,0,1,180.77025607466882,Suburban,1,Multichannel,0,0,0.0
1,0,3,32.08277716188019,Rural,0,Multichannel,0,0,0.0
0,1,6,33.665736613237755,Suburban,0,Web,0,0,0.0
1,0,8,200.02529654516667,Suburban,0,Phone,0,0,0.0
0,1,8,60.429331931569344,Urban,1,Web,1,0,0.0
1,0,3,724.851016242262,Rural,0,Phone,0,0,0.0
1,0,2,141.38003799346237,Urban,0,Multichannel,1,0,0.0
0,0,1,28.836092964000454,Suburban,0,Web,0,0,0.0
1,0,1,24.4308374774602,Suburban,0,Multichannel,0,0,0.0
0,0,3,55.55572961350291,Suburban,0,Phone,0,0,0.0
0,1,12,161.51850062525986,Suburban,0,Multichannel,1,0,0.0
0,0,2,36.4782381281564,Urban,0,Web,0,0,0.0
0,0,1,34.36295102437828,Urban,0,Phone,0,0,0.0
0,0,6,112.59422301848045,Suburban,0,Multichannel,0,0,0.0
0,1,11,548.81300949358,Rural,0,Web,0,0,0.0
0,1,6,836.9835576169721,Suburban,0,Multichannel,1,0,0.0
0,0,1,633.56367251395,Urban,0,Web,1,1,110.36640428691419
0,0,1,87.70400541962155,Suburban,0,Web,0,0,0.0
0,0,6,35.76224864896924,Urban,0,Phone,1,0,0.0
0,0,5,865.5791383258297,Suburban,0,Phone,0,0,0.0
0,0,12,133.54387293269036,Urban,0,Phone,0,0,0.0
0,0,5,99.703013623489,Rural,0,Phone,0,0,0.0
0,1,11,386.000494087411,Urban,1,Web,0,0,0.0
0,0,1,71.64441163738464,Suburban,0,Multichannel,0,0,0.0
0,0,2,67.731397221972,Urban,1,Web,0,0,0.0
0,1,11,344.66947798463605,Suburban,0,Phone,0,0,0.0
0,1,11,51.15912626380436,Urban,0,Web,0,0,0.0
1,0,6,566.1686515111232,Suburban,0,Multichannel,0,0,0.0
0,0,1,245.2116063388069,Urban,1,Phone,1,0,0.0
0,1,12,72.59955506872042,Suburban,1,Multichannel,0,0,0.0
0,0,2,68.75247950020696,Urban,0,Web,0,0,0.0
0,0,10,294.40084250825413,Urban,0,Phone,0,0,0.0
0,0,1,71.72430819875427,Suburban,1,Phone,0,0,0.0
1,0,11,264.5693943491836,Rural,0,Web,0,0,0.0
0,1,3,43.36451925742725,Suburban,0,Phone,0,0,0.0
0,1,3,137.35950781444257,Urban,0,Web,0,0,0.0
1,0,11,358.19743237926434,Rural,0,Web,0,0,0.0
1,0,11,101.85755259222681,Suburban,0,Phone,0,0,0.0
1,0,10,82.3818076652312,Urban,0,Web,1,0,0.0
1,0,2,134.52960649647028,Suburban,0,Phone,0,0,0.0
0,1,5,118.98877794348904,Suburban,0,Phone,0,0,0.0
0,1,6,144.76677233219624,Rural,0,Multichannel,0,0,0.0
0,1,6,41.87771907960389,Rural,1,Web,0,0,0.0
1,0,5,701.0758497896953,Rural,0,Phone,0,0,0.0
0,1,10,1115.0545144623486,Urban,0,Web,0,0,0.0
0,0,5,787.1358243813243,Suburban,0,Multichannel,1,0,0.0
0,0,3,69.64077151060768,Urban,0,Multichannel,0,0,0.0
0,1,8,48.21564822958655,Suburban,1,Multichannel,0,0,0.0
0,0,12,30.02445201270611,Suburban,0,Web,0,0,0.0
1,0,12,483.59408317903643,Urban,1,Phone,0,0,0.0
0,1,3,1665.1419142243528,Suburban,0,Multichannel,0,0,0.0
1,0,7,92.13640984897907,Suburban,0,Web,1,0,0.0
0,1,2,54.79502821213355,Rural,0,Web,1,0,0.0
0,1,2,135.84821751831117,Suburban,0,Web,0,0,0.0
1,0,2,175.12099094036745,Suburban,1,Web,0,0,0.0
0,0,7,59.17852823875611,Suburban,0,Phone,0,0,0.0
0,1,11,138.7376744170241,Suburban,0,Multichannel,1,1,15.061659215287262
0,0,3,188.93971012533618,Rural,1,Web,0,0,0.0
0,1,3,123.37646165014397,Urban,0,Web,0,0,0.0
0,1,8,576.1440492010263,Suburban,0,Web,0,0,0.0
0,0,12,82.43797884775961,Suburban,1,Web,0,0,0.0
0,0,4,12.342520847172931,Suburban,0,Web,0,0,0.0
0,0,12,49.13957953399481,Rural,0,Web,0,0,0.0
0,1,1,1839.1969733635626,Rural,1,Web,0,0,0.0
1,0,12,71.77847372182941,Suburban,1,Multichannel,0,0,0.0
1,0,4,269.96898415249814,Rural,0,Multichannel,0,0,0.0
0,0,7,921.6661416916697,Suburban,0,Multichannel,1,0,0.0
1,0,1,186.62869899143834,Urban,0,Multichannel,0,0,0.0
0,1,3,69.25343134102536,Urban,0,Phone,0,0,0.0
0,1,8,22.19916204105497,Suburban,0,Web,1,1,45.56802351276488
0,0,4,84.86506615572377,Rural,0,Web,0,0,0.0
0,1,1,387.7278971821107,Suburban,0,Phone,0,0,0.0
1,0,7,77.354055541405,Suburban,1,Phone,0,0,0.0
0,0,8,1272.0469443008276,Suburban,0,Web,0,0,0.0
0,0,12,210.8531140159627,Suburban,0,Multichannel,0,0,0.0
0,1,12,22.605378542938556,Suburban,1,Web,0,0,0.0
0,0,12,291.1924928850903,Suburban,0,Web,0,0,0.0
0,1,8,2764.0580335882337,Suburban,1,Multichannel,0,0,0.0
1,0,10,125.99290173166952,Rural,0,Multichannel,0,0,0.0
0,1,8,127.61321611467896,Rural,0,Web,0,0,0.0
0,1,2,703.9378585470073,Urban,0,Phone,0,0,0.0
0,0,1,419.48839095137,Suburban,0,Phone,0,0,0.0
0,0,6,522.2624469993514,Suburban,0,Phone,0,0,0.0
0,0,1,208.71459870059164,Suburban,0,Multichannel,0,0,0.0
0,0,3,27.63496496539485,Suburban,0,Multichannel,0,0,0.0
0,1,11,60.60687956771808,Suburban,0,Web,0,0,0.0
1,0,6,103.21751907771696,Urban,0,Web,0,0,0.0
0,1,4,60.68688348330656,Suburban,0,Web,0,0,0.0
0,0,12,29.269407237371233,Suburban,0,Web,0,0,0.0
0,0,1,34.44287317222375,Urban,0,Web,0,0,0.0
0,0,5,63.09082973097465,Rural,0,Web,0,0,0.0
0,0,4,29.119619592968775,Rural,0,Multichannel,1,1,10.0
1,0,12,113.51558988116952,Suburban,0,Web,0,0,0.0
0,0,5,327.75045193655194,Urban,0,Phone,1,0,0.0
0,0,1,120.16910354023648,Suburban,0,Web,0,0,0.0
1,0,4,183.1999672949449,Suburban,0,Multichannel,1,0,0.0
0,1,1,69.24382496798088,Suburban,0,Web,0,0,0.0
0,1,1,252.94811940979272,Rural,0,Web,0,0,0.0
0,0,8,47.25501290057715,Urban,1,Phone,0,0,0.0
1,0,2,241.24241809337124,Urban,0,Multichannel,1,0,0.0
1,0,6,39.03904752430891,Rural,0,Web,0,0,0.0
1,0,3,146.69845669114565,Urban,0,Multichannel,0,0,0.0
0,1,5,446.6466102492905,Suburban,0,Multichannel,0,0,0.0
0,0,3,107.55137709398169,Urban,0,Web,0,0,0.0
1,0,4,100.08398150221085,Urban,1,Web,0,0,0.0
1,0,1,73.21463077367551,Suburban,0,Phone,0,0,0.0
1,0,1,265.0627827482824,Suburban,1,Web,0,0,0.0
1,0,4,320.1153997594592,Urban,1,Web,0,0,0.0
1,0,11,158.90435458130972,Suburban,0,Web,0,0,0.0
1,0,5,10.0,Suburban,1,Multichannel,0,0,0.0
0,1,4,395.83237515674205,Suburban,1,Web,0,0,0.0
1,0,1,161.28106459437387,Suburban,0,Multichannel,0,0,0.0
1,0,5,161.65844686091037,Suburban,0,Phone,0,0,0.0
0,1,1,13.336519744882125,Suburban,0,Web,0,0,0.0
1,0,11,1025.6006406117585,Urban,0,Web,0,0,0.0
0,0,3,1773.7410149288855,Suburban,0,Web,0,0,0.0
0,1,1,72.89134030115436,Urban,0,Web,0,0,0.0
0,1,6,96.18373962314071,Urban,0,Web,0,0,0.0
1,0,11,104.97099127139174,Urban,0,Web,0,0,0.0
1,0,1,52.872852523906865,Rural,0,Web,0,0,0.0
0,0,3,174.0859957456993,Urban,1,Web,0,0,0.0
1,0,2,35.88509713004611,Rural,1,Web,0,0,0.0
0,1,7,141.2213937694111,Rural,0,Multichannel,1,0,0.0
0,1,4,145.79983912799273,Suburban,0,Web,0,0,0.0
0,1,7,203.02098581202108,Rural,1,Multichannel,1,1,22.45163397590991
0,1,7,256.9191097854086,Urban,0,Phone,0,0,0.0
0,0,8,143.44639054919818,Suburban,0,Web,0,0,0.0
1,0,1,166.10651237047637,Suburban,0,Web,0,0,0.0
0,0,8,37.37932568695187,Rural,0,Multichannel,0,0,0.0
0,0,11,106.34716210206822,Urban,0,Web,0,0,0.0
1,0,1,89.00393578138613,Suburban,0,Multichannel,0,0,0.0
0,0,3,429.8604092914973,Suburban,0,Phone,0,0,0.0
1,0,5,32.57882733311324,Rural,1,Web,0,0,0.0
1,0,2,106.21451045736532,Rural,0,Multichannel,1,0,0.0
1,0,12,147.51269067242865,Urban,1,Multichannel,1,0,0.0
0,1,3,50.59341438478727,Urban,0,Web,1,0,0.0
1,0,1,397.868617541163,Suburban,0,Web,0,0,0.0
0,1,1,1299.9064856909358,Urban,0,Web,0,0,0.0
0,0,11,698.9358285431684,Suburban,0,Web,1,0,0.0
1,0,9,46.86722389200122,Suburban,0,Web,0,0,0.0
0,0,1,46.178155024151756,Rural,0,Multichannel,0,0,0.0
0,0,5,91.88992072146199,Suburban,0,Multichannel,0,0,0.0
0,1,2,13.392335322499612,Rural,0,Web,0,0,0.0
1,0,4,80.41948275338657,Suburban,1,Multichannel,0,0,0.0
0,0,1,521.8801636368541,Suburban,0,Multichannel,1,0,0.0
0,0,2,145.27171481787627,Rural,1,Multichannel,0,0,0.0
1,0,5,383.04663573007764,Urban,0,Web,0,0,0.0
1,0,1,94.97453462314724,Suburban,0,Phone,0,0,0.0
1,0,7,514.3506979412616,Urban,0,Multichannel,0,0,0.0
1,0,4,1269.1159273926983,Urban,0,Web,0,0,0.0
0,1,7,2462.587110171135,Rural,0,Multichannel,0,0,0.0
1,0,5,10.0,Urban,0,Web,1,0,0.0
0,0,11,515.5294223128159,Urban,0,Phone,0,0,0.0
0,1,2,10.0,Urban,0,Multichannel,0,0,0.0
1,0,6,33.49175778895003,Suburban,0,Web,0,0,0.0
0,0,6,306.2447060715733,Suburban,0,Multichannel,0,0,0.0
0,0,3,666.6111917432578,Urban,0,Web,0,0,0.0
1,0,12,143.6063331857141,Suburban,0,Phone,0,0,0.0
0,0,2,67.46579492055015,Suburban,0,Multichannel,0,0,0.0
0,0,11,145.11817539890563,Rural,0,Web,0,0,0.0
0,1,1,91.18182646519861,Rural,0,Multichannel,0,0,0.0
0,1,2,359.9027966664587,Urban,0,Multichannel,1,1,26.71148016577808
0,1,11,123.28361999857869,Suburban,0,Web,0,0,0.0
0,0,9,25.193393675215336,Suburban,1,Multichannel,0,0,0.0
0,1,3,338.1713329056922,Urban,0,Web,1,0,0.0
0,1,4,60.71234320769459,Suburban,0,Web,0,0,0.0
0,1,6,39.149608191567445,Suburban,1,Phone,0,0,0.0
0,1,2,174.50658400096722,Suburban,0,Multichannel,0,0,0.0
1,0,1,31.037674388732594,Suburban,0,Web,0,0,0.0
0,1,11,1367.8486735900653,Urban,0,Web,0,0,0.0
0,0,9,222.04231532817803,Urban,1,Multichannel,0,0,0.0
1,0,5,230.32735236946021,Suburban,0,Multichannel,0,0,0.0
1,0,12,111.35744758920406,Suburban,0,Multichannel,0,0,0.0
0,1,4,82.40001844798493,Suburban,0,Web,0,0,0.0
0,1,1,349.01298513585107,Suburban,0,Multichannel,1,0,0.0
1,0,6,239.6481141516111,Urban,0,Phone,0,0,0.0
0,0,8,71.83756418584923,Suburban,0,Web,0,0,0.0
1,0,3,25.5469290781504,Suburban,1,Web,0,0,0.0
0,1,3,315.81534931134723,Suburban,1,Phone,0,0,0.0
0,1,2,91.76215387998437,Rural,0,Phone,0,0,0.0
0,0,4,302.44638479048393,Urban,0,Web,1,0,0.0
1,0,4,368.27995133462724,Urban,0,Multichannel,1,0,0.0
1,0,12,18.2219743287003,Suburban,0,Web,0,0,0.0
1,0,12,111.76704083898701,Rural,0,Phone,0,0,0.0
1,0,11,718.0518229883721,Urban,0,Web,0,0,0.0
0,0,1,990.1986411153534,Urban,0,Multichannel,0,0,0.0
0,1,9,83.03525358573056,Suburban,0,Phone,0,0,0.0
0,1,1,444.01015779306454,Suburban,1,Multichannel,0,0,0.0
0,0,11,844.8697245592474,Urban,0,Web,0,0,0.0
0,1,7,18.373465021221016,Urban,0,Multichannel,1,0,0.0
1,0,12,28.89572532492678,Suburban,0,Phone,0,0,0.0
1,0,7,14.92121924084372,Suburban,0,Web,0,0,0.0
0,0,11,54.43614752306653,Rural,0,Multichannel,0,0,0.0
0,0,5,274.36934722896814,Suburban,0,Phone,0,0,0.0
0,0,11,66.13144990574357,Urban,0,Phone,0,0,0.0
0,0,4,109.90446919075457,Urban,1,Phone,0,0,0.0
0,0,6,246.03252769726285,Suburban,0,Multichannel,0,0,0.0
0,0,7,408.7317626694264,Suburban,0,Web,0,0,0.0
1,0,2,449.31587568466637,Rural,0,Phone,0,0,0.0
0,1,4,933.1248836491949,Suburban,0,Multichannel,0,0,0.0
1,0,12,34.53286615663595,Suburban,0,Multichannel,1,1,14.134250772881154
1,0,6,91.5200751598135,Urban,0,Web,0,0,0.0
0,0,4,58.85119782540156,Suburban,0,Multichannel,0,0,0.0
0,0,1,90.30475664803474,Suburban,1,Web,0,0,0.0
0,0,1,107.35278579848125,Rural,0,Web,0,0,0.0
0,1,1,107.27215023489856,Urban,0,Web,0,0,0.0
0,0,7,525.1363492104426,Urban,0,Multichannel,1,0,0.0
0,0,12,39.23113958444035,Suburban,0,Multichannel,0,0,0.0
1,0,4,290.29354047546735,Suburban,0,Web,1,1,109.71343406304875
0,0,10,334.13477895901264,Suburban,1,Web,0,0,0.0
1,0,8,1102.6612374743054,Rural,1,Multichannel,0,0,0.0
1,0,3,474.2235619749291,Rural,1,Web,0,0,0.0
0,1,3,33.7033870019961,Suburban,0,Web,0,0,0.0
0,1,10,208.6447313542094,Urban,0,Multichannel,0,0,0.0
0,0,2,113.80969174442501,Suburban,0,Web,0,0,0.0
1,0,5,167.5454159216606,Suburban,0,Web,0,0,0.0
1,0,4,21.552528753338862,Suburban,0,Web,0,0,0.0
1,0,8,14.936636612238177,Suburban,1,Phone,0,0,0.0
1,0,8,165.96091602793422,Suburban,0,Web,0,0,0.0
1,0,1,574.8548216038155,Suburban,1,Multichannel,0,0,0.0
1,0,11,530.34999815861,Suburban,0,Phone,0,0,0.0
1,0,9,490.4647167925992,Rural,0,Multichannel,1,0,0.0
1,0,2,121.6656268508678,Suburban,0,Phone,1,0,0.0
0,0,1,1140.4897684336406,Suburban,0,Web,0,0,0.0
0,0,4,107.21520653475781,Urban,0,Multichannel,0,0,0.0
0,0,2,28.75896771739135,Suburban,1,Multichannel,0,0,0.0
0,1,5,58.61779368737206,Suburban,0,Web,0,0,0.0
0,1,4,111.01375051090027,Suburban,0,Web,1,0,0.0
1,0,4,14.533931872176163,Suburban,0,Web,0,0,0.0
0,0,3,57.41449287707023,Suburban,1,Web,0,0,0.0
0,1,1,73.14711511495437,Urban,0,Phone,0,0,0.0
0,0,2,598.3663004722492,Suburban,0,Web,0,0,0.0
1,0,1,135.9006164958378,Rural,1,Web,1,0,0.0
1,0,6,112.77027932281857,Suburban,0,Multichannel,0,0,0.0
1,0,1,91.59223235062251,Urban,0,Multichannel,1,1,15.50587735606288
0,0,11,317.71640267084575,Urban,0,Web,1,0,0.0
0,0,6,118.05107676429857,Suburban,0,Multichannel,0,0,0.0
1,0,2,262.59984601873714,Suburban,0,Multichannel,1,1,117.52459704430674
0,1,12,19.541313056894715,Urban,0,Phone,0,0,0.0
0,0,6,2795.499287005723,Suburban,0,Phone,0,0,0.0
0,1,4,65.32097175814862,Urban,0,Web,0,0,0.0
0,0,2,64.75417116547469,Suburban,0,Web,0,0,0.0
0,0,2,136.76864530575955,Suburban,0,Multichannel,0,0,0.0
0,0,11,38.812133698215796,Suburban,0,Web,0,0,0.0
0,1,9,137.06704440707657,Urban,0,Multichannel,1,0,0.0
0,0,2,156.62296931215235,Suburban,1,Phone,0,0,0.0
1,0,8,575.3181699461571,Suburban,0,Multichannel,0,0,0.0
0,0,4,68.20642136162428,Suburban,0,Web,0,0,0.0
0,0,12,15.515148849259482,Suburban,0,Multichannel,0,0,0.0
0,1,12,110.1578225133174,Rural,0,Web,0,0,0.0
0,0,2,506.2293201623169,Rural,0,Multichannel,0,0,0.0
1,0,7,221.5771384731235,Urban,0,Web,0,0,0.0
1,0,10,269.83816639941284,Rural,0,Phone,0,0,0.0
0,1,11,93.14672702297725,Suburban,0,Web,0,0,0.0
0,1,4,193.7214920665108,Suburban,1,Multichannel,1,0,0.0
0,0,8,88.51169378410043,Rural,0,Phone,0,0,0.0
0,0,9,511.154544541217,Suburban,0,Web,0,0,0.0
0,0,5,26.406726906063355,Rural,0,Multichannel,0,0,0.0
0,0,7,387.88355095287164,Rural,0,Multichannel,0,0,0.0
1,0,9,1340.1572896120535,Rural,0,Web,0,0,0.0
0,0,9,445.3136257213777,Rural,0,Phone,0,0,0.0
1,0,1,665.6214813680331,Suburban,0,Multichannel,0,0,0.0
0,1,7,70.51690503900802,Suburban,0,Multichannel,1,1,26.136712921628213
0,1,2,199.45297927772395,Urban,0,Web,0,0,0.0
1,0,4,738.3452703130386,Suburban,1,Web,0,0,0.0
0,0,3,104.03219501967881,Rural,1,Multichannel,0,0,0.0
1,0,1,214.410138043234,Suburban,0,Multichannel,0,0,0.0
0,0,1,378.604280653646,Suburban,0,Web,0,0,0.0
0,0,12,35.66398812705436,Urban,0,Web,0,0,0.0
0,0,1,504.36906515808073,Rural,0,Web,0,0,0.0
0,1,3,561.272928611797,Rural,1,Web,0,0,0.0
0,0,10,67.61138294807371,Urban,0,Web,0,0,0.0
0,1,2,216.0069606792673,Suburban,0,Multichannel,0,0,0.0
0,1,4,111.47790894700408,Urban,0,Web,1,0,0.0
0,0,6,700.8593780300463,Suburban,0,Web,0,0,0.0
0,1,1,279.75552876961245,Suburban,0,Multichannel,0,0,0.0
0,0,11,191.3208927876034,Suburban,0,Phone,0,0,0.0
0,1,3,58.44933301525231,Rural,1,Web,0,0,0.0
1,0,5,22.441579258039564,Suburban,0,Web,1,1,10.0
0,0,9,96.07888949735434,Rural,0,Web,0,0,0.0
0,0,11,43.86820469709894,Suburban,0,Multichannel,0,0,0.0
0,0,1,928.5840141802247,Rural,0,Web,0,0,0.0
0,0,5,101.55702571655802,Suburban,0,Phone,0,0,0.0
0,1,7,71.67099975798617,Suburban,0,Web,0,0,0.0
0,1,1,628.1502866910662,Urban,1,Multichannel,0,0,0.0
0,0,4,96.52502492989908,Suburban,0,Web,0,0,0.0
0,1,3,1422.4787135607246,Rural,0,Web,0,0,0.0
0,0,3,346.6344686520378,Suburban,0,Multichannel,0,0,0.0
1,0,11,152.67133386366305,Urban,0,Web,0,0,0.0
0,0,7,44.72060266399737,Suburban,1,Web,0,0,0.0
0,0,4,122.94332059954944,Suburban,0,Web,0,0,0.0
0,1,3,321.86836364307044,Urban,0,Multichannel,0,0,0.0
1,0,3,26.58534361346223,Urban,0,Web,0,0,0.0
0,0,10,25.638356627929248,Suburban,1,Web,0,0,0.0
1,0,7,404.0950054376493,Suburban,0,Web,0,0,0.0
0,0,11,25.876517530016883,Urban,0,Web,0,0,0.0
0,0,3,225.24855800342044,Urban,0,Web,0,0,0.0
1,0,3,19.403353710931903,Suburban,0,Phone,0,0,0.0
0,1,7,176.18659450895788,Suburban,0,Multichannel,1,0,0.0
0,0,12,14.995994622378666,Suburban,0,Phone,0,0,0.0
0,0,3,480.1743716475993,Suburban,0,Multichannel,1,0,0.0
0,0,6,1128.0232660612598,Suburban,0,Multichannel,0,0,0.0
0,1,9,42.80388401667269,Rural,1,Web,0,0,0.0
0,1,6,55.7839160553875,Urban,0,Web,0,0,0.0
0,1,5,351.06534333442875,Suburban,0,Multichannel,0,0,0.0
0,1,2,25.24185602866218,Suburban,0,Phone,0,0,0.0
0,0,3,31.77968670681796,Urban,0,Web,0,0,0.0
0,0,12,10.0,Urban,0,Phone,0,0,0.0
1,0,4,23.502899027334283,Urban,0,Phone,0,0,0.0
0,0,5,15.703248396756534,Suburban,0,Multichannel,0,0,0.0
0,0,10,288.1919046762047,Rural,0,Web,0,0,0.0
1,0,7,85.70836050499216,Urban,0,Multichannel,0,0,0.0
0,0,5,255.11603195406641,Rural,0,Web,0,0,0.0
0,1,5,252.82947250352433,Suburban,0,Web,0,0,0.0
1,0,3,97.86321464306083,Suburban,0,Web,0,0,0.0
0,0,2,32.52086633332429,Suburban,0,Multichannel,0,0,0.0
1,0,9,28.564464187672993,Urban,0,Web,0,0,0.0
1,0,5,48.203731630696595,Urban,1,Multichannel,0,0,0.0
1,0,4,268.7682438868802,Suburban,0,Web,0,0,0.0
0,1,1,264.69038711856047,Rural,1,Multichannel,0,0,0.0
0,1,6,88.69743054750266,Suburban,1,Web,0,0,0.0
0,0,11,137.30619742861253,Urban,1,Multichannel,0,0,0.0
1,0,11,184.06781645128382,Suburban,0,Web,0,0,0.0
0,0,1,266.9893431692751,Suburban,1,Phone,0,0,0.0
0,0,9,50.54595077327163,Suburban,0,Web,0,0,0.0
1,0,1,254.73231639148094,Suburban,0,Web,0,0,0.0
0,0,1,137.64307079463313,Suburban,0,Web,0,0,0.0
0,0,9,214.26453110478533,Suburban,0,Web,0,0,0.0
0,1,2,708.4753585048088,Urban,1,Web,0,0,0.0
0,0,12,103.58252289325289,Urban,0,Web,1,0,0.0
1,0,8,32.08550692670511,Rural,1,Web,0,0,0.0
0,1,9,47.889084887605094,Rural,0,Multichannel,0,0,0.0
0,1,10,2398.9611342716676,Urban,0,Phone,1,0,0.0
1,0,1,59.91574579188278,Suburban,0,Multichannel,0,0,0.0
0,1,4,565.2172782941968,Urban,0,Multichannel,0,0,0.0
0,0,6,47.752602138429026,Rural,0,Multichannel,1,0,0.0
0,0,1,10.0,Urban,0,Web,0,0,0.0
0,0,8,69.12937516889943,Suburban,0,Phone,0,0,0.0
0,0,11,14.909907726568887,Suburban,0,Web,0,0,0.0
0,0,7,145.29461010267542,Suburban,0,Web,0,0,0.0
1,0,8,164.7123485895482,Suburban,0,Multichannel,0,0,0.0
1,0,11,116.57742893892814,Suburban,1,Phone,0,0,0.0
0,1,7,231.25072543824948,Suburban,0,Multichannel,0,0,0.0
1,0,3,313.2232838003705,Suburban,1,Phone,0,0,0.0
1,0,10,637.9927151447387,Rural,0,Web,0,0,0.0
0,0,12,87.31708456390629,Urban,0,Phone,0,0,0.0
1,0,3,50.47718613788803,Urban,0,Phone,0,0,0.0
0,0,3,186.27754207075844,Urban,0,Multichannel,0,0,0.0
1,0,7,138.825710027821,Suburban,0,Multichannel,0,0,0.0
0,0,1,800.5858850133861,Suburban,1,Web,0,0,0.0
1,0,2,164.86917723306357,Urban,0,Phone,0,0,0.0
1,0,6,147.90796248360672,Suburban,0,Web,0,0,0.0
0,0,7,251.65006244745797,Rural,0,Web,0,0,0.0
0,0,4,416.40260412530756,Suburban,0,Phone,0,0,0.0
1,0,1,94.58586709193787,Suburban,0,Multichannel,1,0,0.0
1,0,11,60.98662039383936,Suburban,0,Web,0,0,0.0
0,1,8,256.63756793242754,Urban,0,Multichannel,0,0,0.0
0,0,9,102.88664356696906,Urban,0,Web,0,0,0.0
1,0,2,138.0367779239248,Suburban,0,Web,0,0,0.0
1,0,4,29.978519645486372,Urban,0,Web,1,0,0.0
1,0,12,158.88566617614808,Rural,0,Phone,0,0,0.0
1,0,8,97.41930074287907,Rural,0,Phone,0,0,0.0
0,1,1,82.42105340356875,Suburban,0,Multichannel,0,0,0.0
1,0,6,361.7357649795932,Suburban,0,Multichannel,0,0,0.0
0,1,7,851.989060069497,Rural,1,Web,0,0,0.0
1,0,8,87.69321968133455,Suburban,0,Web,0,0,0.0
0,0,8,116.23052448201271,Suburban,0,Multichannel,0,0,0.0
1,0,5,1095.8498661919489,Suburban,0,Phone,0,0,0.0
1,0,5,104.58917279059789,Suburban,0,Web,0,0,0.0
0,0,9,96.21433635994849,Urban,0,Multichannel,1,0,0.0
0,0,11,170.02718700330936,Rural,1,Web,0,0,0.0
1,0,1,110.09234600654635,Suburban,0,Phone,0,0,0.0
1,0,11,244.16555599600582,Urban,0,Web,0,0,0.0
0,0,7,640.8392615289646,Urban,0,Web,0,0,0.0
1,0,1,109.52512477261072,Rural,0,Web,0,0,0.0
0,0,12,536.3061135413955,Rural,0,Multichannel,0,0,0.0
0,1,1,65.58291958242677,Rural,1,Web,0,0,0.0
0,1,1,123.5666868065013,Urban,0,Web,1,1,108.25289855050605
0,0,10,173.64127959049787,Urban,1,Web,1,0,0.0
1,0,7,115.61772143361213,Suburban,0,Multichannel,0,0,0.0
1,0,3,56.49651707279606,Urban,0,Phone,1,0,0.0
0,0,6,89.86333610297157,Urban,0,Phone,0,0,0.0
0,0,5,266.96246546263916,Urban,0,Web,0,0,0.0
0,1,5,78.87463456536256,Suburban,0,Multichannel,0,0,0.0
0,1,2,10.0,Rural,0,Web,0,0,0.0
0,0,7,158.08969553358443,Suburban,0,Web,0,0,0.0
0,1,2,103.86616285591927,Rural,0,Web,0,0,0.0
0,0,12,548.0659227209308,Rural,0,Multichannel,1,1,10.0
0,0,11,14.673542896597407,Suburban,0,Web,0,0,0.0
0,0,1,668.0794477321465,Suburban,1,Phone,0,0,0.0
1,0,3,52.766719664633925,Rural,0,Web,0,0,0.0
1,0,7,287.39566429242893,Suburban,0,Phone,0,0,0.0
0,1,6,89.18816228562046,Suburban,1,Multichannel,0,0,0.0
0,0,10,1514.878344200386,Suburban,0,Phone,0,0,0.0
0,0,4,191.30431591686275,Urban,0,Multichannel,0,0,0.0
1,0,8,181.5868629186699,Urban,1,Web,0,0,0.0
1,0,1,228.39887620187145,Urban,0,Phone,0,0,0.0
0,0,2,3304.4515903350125,Suburban,0,Web,0,0,0.0
1,0,11,298.67214841050605,Suburban,0,Web,0,0,0.0
0,0,5,101.07082675042213,Suburban,0,Web,0,0,0.0
0,0,2,719.3062219963607,Suburban,0,Phone,0,0,0.0
0,1,1,288.16500135656753,Suburban,0,Phone,0,0,0.0
1,0,5,517.1346561273667,Rural,0,Phone,0,0,0.0
0,0,2,259.5502520338452,Urban,0,Multichannel,1,0,0.0
0,1,1,1280.7869374107386,Urban,1,Phone,0,0,0.0
0,0,11,10.0,Suburban,0,Phone,1,0,0.0
1,0,7,262.6957579276829,Suburban,0,Multichannel,0,0,0.0
1,0,6,321.09307030302676,Suburban,0,Multichannel,0,0,0.0
1,0,10,134.6197603039349,Suburban,0,Web,1,0,0.0
0,0,8,100.41591792182665,Suburban,0,Web,0,0,0.0
1,0,3,29.153060511285062,Urban,0,Web,0,0,0.0
1,0,7,37.34132851620383,Suburban,1,Web,0,0,0.0
0,1,2,1547.4342224315815,Rural,0,Web,0,0,0.0
1,0,11,64.23859715039565,Urban,0,Web,0,0,0.0
0,1,4,20.09030929191977,Rural,0,Web,0,0,0.0
0,0,10,80.81974820505208,Rural,1,Web,0,0,0.0
0,0,12,228.6683175638829,Suburban,0,Web,0,0,0.0
1,0,10,82.64687722660936,Urban,0,Phone,0,0,0.0
0,1,9,38.07779155665529,Rural,0,Multichannel,1,0,0.0
0,0,7,588.6669883217612,Suburban,1,Multichannel,0,0,0.0
0,1,5,145.2228795144825,Suburban,0,Web,0,0,0.0
1,0,4,390.5445823181119,Urban,0,Web,0,0,0.0
0,1,7,3196.643555678083,Urban,0,Web,1,0,0.0
0,0,7,575.64650782629,Suburban,0,Phone,0,0,0.0
0,1,11,142.35628268615375,Suburban,0,Web,0,0,0.0
1,0,7,56.98916392401304,Suburban,0,Web,0,0,0.0
1,0,8,342.7017590714705,Urban,0,Web,0,0,0.0
0,1,8,176.47578585219824,Suburban,1,Web,0,0,0.0
1,0,1,124.76397433248573,Urban,0,Phone,0,0,0.0
1,0,7,360.3260680873995,Suburban,0,Web,0,0,0.0
0,1,11,156.92924555444893,Urban,1,Web,0,0,0.0
0,0,1,2285.276140178193,Suburban,0,Phone,0,0,0.0
1,0,10,25.68293612645203,Suburban,0,Web,1,0,0.0
0,1,4,179.90152244821908,Urban,0,Web,0,0,0.0
0,1,9,166.030138545914,Suburban,0,Web,0,0,0.0
0,1,5,1115.8656000004871,Urban,0,Multichannel,0,0,0.0
0,0,5,153.79918964226732,Urban,0,Phone,0,0,0.0
1,0,2,945.7562616304689,Suburban,0,Web,0,0,0.0
1,0,1,10.161875885124859,Suburban,0,Web,0,0,0.0
0,1,4,33.92450371118173,Urban,0,Web,0,0,0.0
1,0,1,32.46621222435406,Urban,0,Multichannel,0,0,0.0
0,1,5,151.64432360792665,Rural,0,Web,0,0,0.0
1,0,11,210.4278700074616,Suburban,0,Web,0,0,0.0
0,0,12,564.9410641843299,Urban,0,Web,0,0,0.0
0,0,7,646.9164046418456,Rural,0,Web,0,0,0.0
0,1,6,100.20854242360448,Rural,0,Phone,0,0,0.0
1,0,9,180.70358331917913,Rural,0,Web,0,0,0.0
1,0,3,32.86892139873354,Urban,0,Web,0,0,0.0
0,1,8,12.731077118626525,Suburban,0,Phone,0,0,0.0
0,0,6,602.8195115351663,Suburban,0,Web,0,0,0.0
0,1,12,328.17239939071976,Rural,0,Multichannel,0,0,0.0
1,0,10,438.7422952424281,Urban,0,Web,0,0,0.0
0,1,1,116.08747458896126,Urban,0,Web,0,0,0.0
0,0,3,107.0259461337851,Urban,0,Web,1,0,0.0
0,1,2,179.40848744202387,Suburban,1,Web,0,0,0.0
1,0,2,13.298864426375,Suburban,0,Web,0,0,0.0
0,1,11,55.35053004099406,Suburban,0,Web,0,0,0.0
0,1,7,432.4643940042577,Urban,1,Phone,1,0,0.0
0,1,3,89.29834564522525,Suburban,0,Web,0,0,0.0
1,0,12,42.79058731411067,Suburban,0,Multichannel,0,0,0.0
1,0,12,1517.8248781632756,Suburban,1,Web,0,0,0.0
0,0,3,2295.368899053999,Suburban,0,Web,0,0,0.0
0,1,8,132.55106427964634,Suburban,0,Phone,0,0,0.0
1,0,1,13.376869328916426,Suburban,0,Web,0,0,0.0
0,0,12,207.19960516541133,Suburban,1,Multichannel,0,0,0.0
0,0,11,145.5343269431337,Rural,1,Web,0,0,0.0
1,0,7,319.2093780486874,Suburban,0,Web,0,0,0.0
1,0,11,492.06094069835495,Urban,0,Web,0,0,0.0
1,0,5,200.2047063628095,Rural,0,Web,1,0,0.0
0,0,7,151.6439756004133,Suburban,0,Web,0,0,0.0
0,1,3,73.37977935088578,Suburban,0,Web,0,0,0.0
1,0,12,368.66314491266604,Suburban,0,Web,0,0,0.0
0,0,12,12.239259253413437,Suburban,1,Phone,0,0,0.0
0,1,7,18.886730046387978,Rural,0,Phone,1,0,0.0
1,0,10,143.94668783893454,Suburban,0,Multichannel,1,1,30.183256213713825
0,0,1,300.45619197402647,Rural,0,Web,0,0,0.0
0,0,2,86.33310176433707,Urban,0,Phone,0,0,0.0
1,0,4,95.47237772859879,Suburban,0,Phone,1,1,67.16644990711208
0,1,3,118.19298676159701,Rural,0,Web,1,0,0.0
0,0,1,22.057148503926364,Urban,0,Multichannel,0,0,0.0
0,0,2,880.7756775195601,Suburban,1,Phone,0,0,0.0
0,1,2,933.0773292385942,Suburban,1,Phone,0,0,0.0
0,1,9,246.3779839751887,Rural,0,Web,0,0,0.0
1,0,6,249.26933961527035,Urban,0,Phone,1,1,16.71119485731123
0,1,11,47.498890961533895,Suburban,1,Web,0,0,0.0
0,1,12,194.42457476860537,Urban,0,Web,0,0,0.0
1,0,6,27.025225674362,Rural,0,Web,1,0,0.0
1,0,2,35.91539177562402,Suburban,0,Multichannel,1,0,0.0
1,0,7,407.91699841496194,Suburban,0,Web,0,0,0.0
0,0,12,300.38358473617825,Urban,0,Web,0,0,0.0
1,0,12,306.15285229691915,Suburban,0,Web,0,0,0.0
0,0,1,193.87809619172873,Suburban,0,Web,0,0,0.0
0,0,6,168.40643822405767,Rural,0,Multichannel,0,0,0.0
0,0,9,343.2801969838206,Suburban,0,Web,0,0,0.0
1,0,2,408.099634854823,Rural,1,Web,0,0,0.0
0,0,2,616.4638910083697,Suburban,0,Web,0,0,0.0
0,1,4,158.27948595586847,Urban,0,Multichannel,0,0,0.0
0,1,3,812.0326747663661,Urban,1,Phone,1,0,0.0
1,0,8,74.41895236937287,Urban,0,Phone,0,0,0.0
0,0,1,81.20648270062915,Suburban,0,Web,1,1,229.77519914513783
1,0,2,164.6544048707575,Suburban,0,Phone,0,0,0.0
1,0,4,179.1265768413017,Rural,0,Web,0,0,0.0
1,0,12,114.32256471706242,Urban,0,Multichannel,1,0,0.0
0,1,7,356.4463376086165,Suburban,0,Phone,0,0,0.0
1,0,4,102.28253184569756,Urban,0,Multichannel,0,0,0.0
1,0,5,404.97737536991167,Suburban,1,Web,1,0,0.0
0,0,11,997.5509354852784,Urban,0,Phone,0,0,0.0
1,0,2,170.72734213232366,Urban,0,Phone,0,0,0.0
0,1,2,18.061033149617217,Suburban,1,Phone,0,0,0.0
0,0,7,55.52523305686332,Urban,0,Web,0,0,0.0
1,0,1,540.1918204773245,Rural,0,Web,0,0,0.0
0,1,7,55.25769055703072,Suburban,0,Web,0,0,0.0
0,0,6,56.67818737903089,Rural,0,Multichannel,0,0,0.0
0,1,3,446.0512430494201,Urban,0,Multichannel,0,0,0.0
1,0,6,95.01050053769596,Suburban,0,Web,1,0,0.0
1,0,5,34.9538065831765,Rural,1,Web,0,0,0.0
1,0,4,86.61285521999255,Suburban,1,Phone,0,0,0.0
0,0,3,295.03092584394454,Urban,0,Web,0,0,0.0
1,0,1,45.0609455429293,Rural,0,Web,0,0,0.0
1,0,2,21.529407731251048,Rural,0,Multichannel,0,0,0.0
1,0,7,31.81645701415769,Rural,0,Multichannel,0,0,0.0
0,1,2,183.1537180701033,Suburban,0,Multichannel,0,0,0.0
1,0,11,70.84163692798535,Urban,0,Multichannel,1,1,18.24439188438116
0,1,5,243.6405886616764,Suburban,0,Web,0,0,0.0
1,0,4,63.539006036823665,Urban,0,Phone,1,1,15.699428989776465
0,0,8,41.658456257982394,Urban,0,Phone,0,0,0.0
0,0,12,135.78772413034554,Suburban,0,Web,1,0,0.0
0,1,7,182.50625256487626,Suburban,0,Web,0,0,0.0
1,0,12,107.81826555682674,Rural,1,Web,1,0,0.0
0,1,1,302.1489639282664,Rural,0,Phone,0,0,0.0
0,1,12,34.185991535550166,Urban,0,Multichannel,0,0,0.0
0,1,2,10.0,Suburban,0,Web,0,0,0.0
0,1,6,742.7087998435926,Suburban,0,Phone,0,0,0.0
1,0,8,624.0073993175381,Suburban,0,Web,0,0,0.0
0,1,7,672.0853758998434,Suburban,0,Phone,0,0,0.0
0,0,12,468.4497067630904,Suburban,0,Web,0,0,0.0
0,1,12,27.912682261926186,Suburban,0,Multichannel,0,0,0.0
1,0,1,89.43253038650013,Suburban,0,Phone,0,0,0.0
0,0,12,48.92222197149067,Urban,0,Web,0,0,0.0
0,1,1,100.57551503663596,Urban,0,Web,0,0,0.0
1,0,1,107.07245344272435,Rural,0,Web,0,0,0.0
0,1,1,547.2241883023298,Rural,0,Web,1,0,0.0
0,1,9,808.2487746013454,Rural,0,Web,0,0,0.0
0,0,12,10.0,Suburban,1,Multichannel,0,0,0.0
1,0,6,446.63766209599294,Suburban,0,Web,1,0,0.0
0,1,11,164.57524643093188,Urban,0,Phone,0,0,0.0
0,1,1,513.2213220482502,Urban,0,Web,0,0,0.0
1,0,1,1318.1074709898933,Rural,1,Web,0,0,0.0
1,0,9,293.7893199552779,Urban,1,Web,0,0,0.0
0,1,11,195.8797150741888,Rural,0,Web,0,0,0.0
1,0,12,95.18633428085626,Suburban,0,Web,0,0,0.0
0,1,1,88.93999278955701,Suburban,0,Multichannel,1,1,16.44940933207694
0,0,7,501.93881421420133,Urban,0,Phone,1,0,0.0
0,0,7,152.96318716115718,Urban,0,Multichannel,0,0,0.0
1,0,6,96.35493635512165,Rural,0,Phone,0,0,0.0
0,0,6,128.7334941711541,Suburban,0,Phone,0,0,0.0
1,0,10,51.67896500262485,Rural,0,Multichannel,0,0,0.0
0,1,2,305.2142466162442,Suburban,0,Web,0,0,0.0
0,0,4,392.3326514359577,Rural,0,Multichannel,0,0,0.0
1,0,3,61.573752672484275,Suburban,0,Multichannel,0,0,0.0
0,0,2,10.0,Suburban,0,Web,0,0,0.0
0,1,6,117.30337027190112,Rural,0,Web,0,0,0.0
1,0,6,313.4728895671469,Suburban,1,Multichannel,0,0,0.0
1,0,11,253.91523006821868,Suburban,0,Web,0,0,0.0
0,1,1,146.45272946058276,Urban,0,Multichannel,0,0,0.0
0,1,3,135.76975277414172,Rural,0,Multichannel,0,0,0.0
0,0,11,51.355771722070216,Suburban,0,Multichannel,0,0,0.0
1,0,1,10.0,Suburban,0,Web,0,0,0.0
0,1,1,251.67118740033249,Urban,0,Web,0,0,0.0
1,0,8,34.75232875836804,Rural,1,Phone,0,0,0.0
1,0,1,1080.6133704923448,Suburban,1,Multichannel,0,0,0.0
1,0,6,391.696244093603,Urban,0,Web,0,0,0.0
1,0,12,2317.1392951783473,Suburban,0,Web,0,0,0.0
1,0,12,140.25279638812398,Urban,0,Phone,0,0,0.0
1,0,4,535.2106740409009,Suburban,1,Web,0,0,0.0
0,1,4,1518.2372022751977,Rural,0,Web,0,0,0.0
1,0,1,3657.875292570622,Rural,0,Multichannel,0,0,0.0
1,0,12,1445.1205897150685,Rural,0,Multichannel,0,0,0.0
0,0,7,1252.7921198875122,Suburban,0,Multichannel,0,0,0.0
0,1,11,52.24835503438777,Suburban,0,Web,0,0,0.0
0,0,4,2853.99287802963,Suburban,1,Web,0,0,0.0
1,0,10,28.363868045793208,Suburban,0,Phone,0,0,0.0
0,0,4,32.46501207634351,Suburban,1,Multichannel,0,0,0.0
0,0,9,299.9921891719647,Suburban,0,Multichannel,0,0,0.0
0,1,12,189.80984031106604,Urban,0,Web,0,0,0.0
1,0,6,87.39615446241119,Suburban,0,Phone,0,0,0.0
0,1,6,82.83323800973898,Suburban,0,Multichannel,1,0,0.0
1,0,7,104.17114551391126,Urban,1,Multichannel,0,0,0.0
0,0,1,38.75774384130454,Suburban,0,Phone,1,0,0.0
1,0,10,96.21025981333958,Rural,0,Web,0,0,0.0
0,1,4,232.198978831968,Urban,1,Web,0,0,0.0
0,0,3,153.18850119296494,Suburban,0,Web,0,0,0.0
1,0,4,397.65774798898883,Rural,0,Multichannel,0,0,0.0
0,0,4,144.07462091030476,Urban,0,Phone,0,0,0.0
0,1,11,190.62397379905934,Suburban,0,Phone,0,0,0.0
0,1,1,18.012468319896325,Suburban,1,Phone,0,0,0.0
0,1,5,4108.002265087857,Rural,1,Multichannel,0,0,0.0
0,0,11,47.831331036458536,Suburban,1,Web,0,0,0.0
1,0,1,188.0714599275551,Urban,1,Multichannel,0,0,0.0
0,1,1,61.483477533942796,Urban,0,Web,0,0,0.0
0,0,6,258.8698470825701,Suburban,0,Phone,0,0,0.0
1,0,3,232.69863418228118,Suburban,0,Web,0,0,0.0
0,1,8,176.92385502483853,Rural,0,Multichannel,0,0,0.0
0,0,5,79.72735565528825,Suburban,0,Multichannel,0,0,0.0
0,1,1,343.90729406225915,Suburban,1,Web,1,0,0.0
0,1,8,106.8876894396133,Suburban,0,Multichannel,0,0,0.0
0,0,3,390.140232701422,Rural,1,Web,0,0,0.0
0,1,2,44.75221855738659,Suburban,0,Multichannel,0,0,0.0
1,0,1,47.73089002499017,Rural,0,Web,0,0,0.0
1,0,8,30.100521346084726,Rural,0,Web,0,0,0.0
0,1,1,886.1620315928658,Suburban,1,Web,0,0,0.0
1,0,3,125.48983174802956,Suburban,0,Phone,0,0,0.0
0,1,6,210.42202307146388,Urban,0,Phone,0,0,0.0
0,0,4,104.45457061007609,Suburban,0,Multichannel,0,0,0.0
0,0,11,377.7073933314167,Urban,0,Web,0,0,0.0
1,0,5,146.9761385503546,Suburban,0,Multichannel,0,0,0.0
0,1,11,46.95726016388917,Suburban,0,Web,0,0,0.0
0,0,12,198.31210500484138,Urban,0,Web,0,0,0.0
0,1,2,49.36209906362641,Rural,0,Phone,0,0,0.0
0,0,1,3800.9162090935624,Suburban,0,Web,0,0,0.0
0,0,6,142.8528128357689,Suburban,1,Web,0,0,0.0
1,0,11,116.37163473443111,Suburban,1,Phone,0,0,0.0
0,0,4,284.64022887675213,Suburban,0,Multichannel,0,0,0.0
1,0,9,355.3057071967133,Suburban,0,Web,1,0,0.0
0,1,2,49.7062902170692,Rural,0,Multichannel,0,0,0.0
1,0,12,204.65081145398733,Suburban,0,Multichannel,1,0,0.0
1,0,7,39.80756539698073,Suburban,0,Phone,0,0,0.0
0,1,4,51.01144407961274,Rural,0,Multichannel,0,0,0.0
1,0,3,191.65823314827904,Rural,0,Phone,1,0,0.0
1,0,11,394.4593764903879,Suburban,0,Web,0,0,0.0
0,0,5,85.90441209880719,Suburban,0,Web,0,0,0.0
1,0,2,77.57261728125953,Suburban,0,Web,0,0,0.0
0,0,1,917.0420998487881,Rural,0,Phone,0,0,0.0
0,1,1,642.9875334957242,Suburban,0,Web,0,0,0.0
0,0,5,71.84464261878112,Urban,0,Multichannel,0,0,0.0
1,0,12,26.348694197945097,Rural,0,Web,0,0,0.0
1,0,9,164.66342486919785,Rural,0,Web,0,0,0.0
1,0,6,72.52330043667281,Urban,0,Multichannel,1,1,76.29208333441449
0,1,1,109.53766347213147,Suburban,0,Web,0,0,0.0
1,0,7,196.4866791615256,Rural,0,Multichannel,0,0,0.0
0,1,12,45.23234895965516,Suburban,0,Web,0,0,0.0
1,0,12,291.2231565664328,Urban,1,Web,1,0,0.0
0,1,8,10.6524461372447,Suburban,0,Phone,0,0,0.0
1,0,12,51.42779122141116,Urban,1,Phone,0,0,0.0
0,1,12,152.289758723958,Urban,0,Web,0,0,0.0
0,0,7,147.7534409344798,Suburban,1,Multichannel,0,0,0.0
1,0,10,388.6090271650842,Suburban,1,Multichannel,0,0,0.0
1,0,1,176.50165934217637,Suburban,0,Web,0,0,0.0
1,0,1,102.3379207261887,Urban,0,Phone,0,0,0.0
0,0,7,206.86949721908488,Urban,0,Phone,0,0,0.0
0,0,1,105.19284711699335,Urban,0,Multichannel,0,0,0.0
1,0,12,338.59127704348947,Suburban,0,Web,0,0,0.0
1,0,2,67.09379445372792,Suburban,1,Web,0,0,0.0
0,0,12,145.88537145962454,Suburban,0,Multichannel,0,0,0.0
0,1,8,128.71316242510542,Suburban,1,Web,1,0,0.0
0,1,12,193.97034018528143,Suburban,0,Phone,0,0,0.0
0,0,10,224.5084532611956,Suburban,0,Phone,0,0,0.0
1,0,4,251.75027264027656,Urban,0,Web,0,0,0.0
0,1,2,45.26166647608229,Suburban,1,Multichannel,0,0,0.0
1,0,12,54.81043061802758,Suburban,0,Multichannel,1,0,0.0
0,0,8,14.106224157150473,Suburban,0,Multichannel,0,0,0.0
1,0,7,72.43344108574155,Urban,0,Web,0,0,0.0
1,0,5,32.53079963668852,Urban,0,Phone,0,0,0.0
0,1,5,316.5055604674165,Suburban,0,Web,0,0,0.0
0,1,4,1019.4061820177023,Urban,1,Phone,0,0,0.0
0,1,2,93.3510483288061,Suburban,0,Web,0,0,0.0
0,0,1,762.0617903647386,Urban,0,Multichannel,1,0,0.0
0,1,3,115.31865550076584,Urban,0,Web,0,0,0.0
0,1,5,225.60158685748277,Suburban,0,Multichannel,0,0,0.0
1,0,2,119.09090843106361,Rural,0,Web,0,0,0.0
1,0,6,176.3601859314952,Urban,0,Phone,1,0,0.0
0,1,1,238.46278678643768,Rural,1,Web,0,0,0.0
0,0,2,201.42052992070745,Rural,0,Web,0,0,0.0
0,0,4,139.4760767769132,Rural,0,Web,0,0,0.0
1,0,11,34.57633468072223,Suburban,0,Phone,0,0,0.0
0,1,9,16.960008775525765,Suburban,0,Phone,0,0,0.0
1,0,4,66.94934807865334,Suburban,0,Web,0,0,0.0
0,0,1,82.27346615757095,Suburban,1,Web,0,0,0.0
1,0,8,33.10608443693109,Suburban,1,Phone,0,0,0.0
0,1,1,64.92756351813743,Suburban,0,Multichannel,0,0,0.0
0,0,2,22.270952822671042,Urban,0,Phone,0,0,0.0
1,0,10,1977.086688904644,Urban,0,Multichannel,0,0,0.0
1,0,7,164.00944667707873,Rural,0,Web,0,0,0.0
1,0,2,22.813542811852756,Suburban,0,Multichannel,0,0,0.0
0,1,3,134.46064651587088,Suburban,0,Phone,0,0,0.0
0,0,11,40.684750183648354,Suburban,0,Web,0,0,0.0
0,1,6,1541.181080254801,Urban,1,Web,0,0,0.0
0,1,4,15.467426887786441,Rural,0,Web,0,0,0.0
0,0,11,74.7258566706243,Urban,0,Phone,0,0,0.0
0,0,6,136.2737313460969,Urban,0,Multichannel,0,0,0.0
0,0,1,1768.118355763671,Rural,0,Multichannel,0,0,0.0
0,1,1,826.8624311244745,Suburban,1,Web,0,0,0.0
0,0,8,2848.377640474126,Suburban,0,Phone,1,0,0.0
0,1,3,25.244616412967154,Urban,0,Phone,0,0,0.0
0,1,6,20.692361304413293,Suburban,0,Web,0,0,0.0
0,1,12,164.8102122781621,Suburban,0,Multichannel,0,0,0.0
0,0,6,693.6647845640676,Rural,1,Web,0,0,0.0
0,0,2,619.0168336486638,Rural,0,Web,0,0,0.0
0,0,7,54.0079967842022,Rural,0,Web,0,0,0.0
1,0,11,526.5019157376677,Urban,0,Phone,0,0,0.0
0,0,4,39.77584108071274,Suburban,0,Phone,0,0,0.0
0,1,11,100.44091937245517,Suburban,0,Web,0,0,0.0
0,0,3,199.64908442442032,Rural,1,Web,1,0,0.0
0,0,10,22.274162615606343,Suburban,0,Web,0,0,0.0
0,0,3,329.22930843995704,Rural,1,Web,1,0,0.0
1,0,1,17.496870290828713,Urban,0,Web,0,0,0.0
0,1,12,490.24409531772073,Urban,0,Web,0,0,0.0
0,0,1,248.37849001753165,Suburban,1,Multichannel,1,0,0.0
0,0,2,163.8734222426243,Rural,0,Web,0,0,0.0
1,0,2,59.84670973847828,Urban,0,Phone,0,0,0.0
1,0,6,555.5663007723376,Urban,1,Phone,0,0,0.0
0,1,4,109.80012108508319,Urban,0,Multichannel,0,0,0.0
0,0,11,48.89000906571107,Suburban,0,Web,0,0,0.0
0,0,8,73.33578915325603,Rural,0,Multichannel,0,0,0.0
0,0,3,96.94925322343255,Suburban,0,Web,0,0,0.0
0,0,6,28.61629021332579,Suburban,0,Phone,0,0,0.0
0,1,9,229.10910312752563,Suburban,0,Web,0,0,0.0
0,0,4,158.93432539340304,Suburban,0,Web,0,0,0.0
1,0,1,46.70441595461354,Urban,0,Multichannel,0,0,0.0
0,1,12,98.12551309395758,Urban,0,Multichannel,1,0,0.0
0,0,1,180.08990503104312,Urban,1,Web,0,0,0.0
1,0,2,757.9801264175924,Suburban,0,Web,1,1,10.0
0,0,1,120.85999838152412,Urban,0,Multichannel,0,0,0.0
1,0,11,166.51041482677627,Urban,0,Multichannel,0,0,0.0
0,0,2,77.4028833441239,Suburban,0,Multichannel,0,0,0.0
0,0,1,93.12451630610599,Urban,0,Multichannel,1,0,0.0
0,1,2,36.187183952099055,Suburban,1,Web,0,0,0.0
0,0,8,100.58464551594898,Suburban,0,Web,0,0,0.0
0,0,11,58.194903587776984,Suburban,0,Multichannel,0,0,0.0
0,0,1,461.7348503108591,Suburban,0,Phone,0,0,0.0
0,0,4,315.52874002947925,Suburban,0,Web,0,0,0.0
0,1,6,139.74583158233392,Rural,0,Web,0,0,0.0
0,0,6,72.10838583362502,Suburban,0,Multichannel,0,0,0.0
0,0,11,150.59622152505065,Suburban,0,Web,0,0,0.0
1,0,3,548.2571929235401,Urban,0,Web,1,0,0.0
0,0,1,609.1898330075717,Suburban,0,Web,0,0,0.0
1,0,12,113.9574605507148,Rural,0,Multichannel,0,0,0.0
0,1,1,4425.226685276009,Rural,0,Multichannel,1,1,21.11510285552977
0,1,5,137.39087175672384,Urban,0,Phone,0,0,0.0
1,0,11,64.41886225619403,Urban,0,Phone,1,0,0.0
0,1,1,95.25748414206211,Suburban,0,Web,0,0,0.0
1,0,3,178.2446194080718,Urban,1,Multichannel,1,0,0.0
0,0,1,22.486987737064556,Suburban,0,Multichannel,0,0,0.0
0,1,1,3210.1659825030865,Urban,0,Web,1,1,10.0
1,0,3,1232.7028131471664,Rural,0,Multichannel,0,0,0.0
1,0,1,111.84276141203259,Suburban,0,Multichannel,1,0,0.0
0,0,12,283.242364913113,Suburban,0,Phone,0,0,0.0
0,0,7,67.04969592735492,Urban,0,Phone,0,0,0.0
0,1,7,146.43908638502424,Suburban,1,Web,1,0,0.0
1,0,3,151.0312279205983,Suburban,1,Web,0,0,0.0
0,1,7,255.1697334118173,Urban,0,Multichannel,0,0,0.0
0,0,9,176.4899178331024,Suburban,0,Web,0,0,0.0
0,1,3,75.38503592452133,Suburban,1,Web,0,0,0.0
1,0,2,124.0493580883113,Suburban,0,Phone,1,1,32.989919348568954
1,0,3,84.67078307310551,Suburban,1,Phone,0,0,0.0
1,0,11,105.83993578559823,Suburban,0,Web,1,0,0.0
1,0,9,51.78628572275508,Suburban,0,Web,0,0,0.0
1,0,2,110.29083379583473,Urban,0,Web,0,0,0.0
0,1,2,147.03293070092076,Suburban,0,Multichannel,0,0,0.0
0,0,9,154.140590946469,Suburban,0,Phone,0,0,0.0
0,1,11,60.01987768874647,Suburban,0,Multichannel,1,0,0.0
0,1,2,1872.9840863784427,Suburban,0,Multichannel,0,0,0.0
0,0,7,85.60037584951905,Urban,0,Web,0,0,0.0
0,0,2,18.6782721091836,Urban,0,Multichannel,0,0,0.0
1,0,1,1383.0024756201278,Suburban,0,Multichannel,0,0,0.0
1,0,6,167.21935820160664,Suburban,0,Multichannel,0,0,0.0
0,0,5,249.34318498658243,Suburban,0,Web,1,1,89.72267547077688
1,0,3,96.11038613362138,Urban,0,Web,0,0,0.0
0,0,7,257.73392335863264,Suburban,1,Phone,0,0,0.0
0,0,6,179.7102897860031,Rural,0,Multichannel,0,0,0.0
1,0,2,76.03123426176423,Suburban,1,Phone,0,0,0.0
1,0,11,685.2089628135432,Rural,1,Web,0,0,0.0
0,1,3,874.3870511766529,Suburban,0,Multichannel,0,0,0.0
0,1,12,211.62850156370894,Urban,0,Multichannel,1,0,0.0
1,0,4,151.33566492863525,Suburban,0,Web,0,0,0.0
0,1,4,92.41921158764451,Urban,1,Web,0,0,0.0
1,0,1,80.16416160181583,Urban,1,Multichannel,0,0,0.0
1,0,1,492.08126185176013,Urban,0,Multichannel,0,0,0.0
0,1,1,822.3854885404463,Suburban,0,Web,0,0,0.0
0,1,12,50.33114453983463,Suburban,0,Multichannel,0,0,0.0
1,0,12,262.62353232771864,Rural,0,Web,0,0,0.0
0,0,1,41.550330488268074,Suburban,0,Multichannel,0,0,0.0
0,0,3,43.32227461056224,Urban,0,Web,1,0,0.0
0,1,12,179.06538316001277,Suburban,1,Phone,0,0,0.0
0,1,1,104.13688079788558,Suburban,0,Web,0,0,0.0
1,0,10,64.4223705338493,Suburban,0,Web,0,0,0.0
0,1,8,685.4587007408207,Suburban,0,Web,0,0,0.0
1,0,1,531.7877929609747,Suburban,0,Multichannel,0,0,0.0
0,0,4,314.591047766969,Rural,1,Web,0,0,0.0
1,0,4,57.312067324544124,Urban,1,Web,0,0,0.0
1,0,3,222.7485897317232,Suburban,0,Multichannel,0,0,0.0
1,0,7,322.6134308778565,Urban,1,Web,0,0,0.0
0,1,7,16.685838236774345,Suburban,1,Web,0,0,0.0
1,0,7,303.4603211646916,Suburban,0,Multichannel,0,0,0.0
0,0,8,2542.4627538754917,Suburban,0,Phone,1,0,0.0
0,0,9,555.1550567669203,Rural,0,Web,0,0,0.0
0,0,6,33.33793940427976,Suburban,0,Multichannel,0,0,0.0
0,1,9,415.96021998465744,Suburban,0,Phone,0,0,0.0
0,0,11,412.1878764246167,Urban,0,Web,1,0,0.0
0,0,1,387.6786856705588,Urban,0,Web,1,1,43.94558066671633
1,0,11,406.63565512806264,Suburban,0,Web,0,0,0.0
1,0,2,230.22179780970453,Rural,0,Multichannel,1,1,25.53368133975924
0,0,3,469.5638264984807,Suburban,0,Phone,0,0,0.0
1,0,8,74.94430212501854,Rural,0,Web,0,0,0.0
0,1,3,165.58714374692673,Urban,1,Phone,1,0,0.0
0,0,6,408.5358375043296,Suburban,0,Phone,1,0,0.0
0,1,9,129.89918157395144,Suburban,0,Web,0,0,0.0
0,0,5,28.553927214765437,Suburban,0,Web,0,0,0.0
0,0,6,493.45050506579787,Urban,0,Web,0,0,0.0
1,0,3,253.88275900376732,Rural,0,Phone,0,0,0.0
1,0,1,254.181949785084,Suburban,1,Web,0,0,0.0
0,0,1,13.7137684724307,Urban,0,Phone,0,0,0.0
0,1,5,34.19910744448954,Suburban,1,Web,0,0,0.0
0,1,8,257.3738991905951,Suburban,0,Web,0,0,0.0
0,1,5,34.04897468649101,Rural,0,Web,1,0,0.0
0,1,3,112.41553494724195,Urban,0,Web,1,1,15.388097430630182
1,0,7,191.4278301051189,Suburban,1,Web,0,0,0.0
0,1,6,116.96987766575545,Suburban,0,Multichannel,0,0,0.0
0,1,2,20.689302656576775,Suburban,0,Multichannel,0,0,0.0
1,0,3,332.1889945571895,Rural,0,Web,1,0,0.0
0,1,10,225.2981313682924,Rural,0,Multichannel,0,0,0.0
0,0,6,32.479282701427444,Urban,1,Multichannel,1,0,0.0
1,0,1,687.8195920590688,Urban,0,Web,0,0,0.0
1,0,2,330.56268253101115,Suburban,0,Web,0,0,0.0
1,0,12,286.715205006141,Suburban,0,Web,0,0,0.0
1,0,11,30.620319720452827,Rural,0,Web,1,1,30.060080257255187
0,1,8,124.45210434061352,Urban,0,Web,0,0,0.0
0,0,10,728.7885535356908,Rural,0,Phone,0,0,0.0
0,1,1,75.68626281808697,Suburban,1,Multichannel,0,0,0.0
0,1,11,1611.6206391546662,Suburban,1,Web,0,0,0.0
1,0,12,63.21681039553391,Suburban,0,Web,1,0,0.0
1,0,1,348.5013384943091,Suburban,0,Multichannel,1,0,0.0
0,0,5,55.201745001099404,Suburban,1,Web,0,0,0.0
1,0,6,91.50807621942897,Rural,0,Phone,0,0,0.0
0,0,8,127.22444178517526,Rural,0,Web,0,0,0.0
0,0,3,34.23145117949132,Rural,0,Web,1,0,0.0
0,0,11,114.68338623780721,Rural,0,Multichannel,0,0,0.0
0,0,2,1290.2735443708452,Suburban,0,Phone,0,0,0.0
0,0,11,122.28183536129936,Suburban,0,Phone,1,0,0.0
0,0,1,114.87223320608064,Suburban,0,Phone,0,0,0.0
0,0,1,33.824333212620495,Suburban,0,Multichannel,0,0,0.0
1,0,10,249.58257474301197,Suburban,0,Phone,0,0,0.0
0,0,6,192.5589008077682,Suburban,0,Multichannel,0,0,0.0
0,0,5,119.0808243992914,Suburban,0,Phone,0,0,0.0
0,0,10,57.40868767629405,Urban,0,Phone,1,0,0.0
0,0,1,45.8180078913847,Suburban,0,Multichannel,0,0,0.0
0,1,12,157.6762945437053,Suburban,0,Multichannel,0,0,0.0
0,1,9,158.8188740219489,Suburban,0,Web,0,0,0.0
0,1,12,70.23194585219602,Rural,0,Web,0,0,0.0
0,1,12,20.176101234115684,Suburban,1,Multichannel,0,0,0.0
0,1,11,154.13578835942428,Rural,0,Web,0,0,0.0
0,0,5,332.47647814045604,Rural,0,Multichannel,0,0,0.0
0,1,10,162.72882027572675,Rural,0,Web,0,0,0.0
0,1,11,46.64565976927461,Suburban,0,Phone,0,0,0.0
0,1,10,245.78300987388485,Suburban,0,Multichannel,0,0,0.0
1,0,2,345.86828971170235,Urban,1,Web,0,0,0.0
1,0,5,198.0714802582874,Rural,0,Web,0,0,0.0
0,1,8,10.0,Suburban,0,Web,0,0,0.0
0,0,11,324.5784009624636,Urban,0,Web,0,0,0.0
1,0,12,610.1620032929976,Suburban,0,Web,0,0,0.0
1,0,1,440.16167095253223,Suburban,0,Multichannel,0,0,0.0
0,0,11,37.23258104847746,Suburban,0,Web,0,0,0.0
0,1,12,55.65917103132809,Rural,0,Web,0,0,0.0
1,0,1,39.461165696031,Urban,0,Web,0,0,0.0
1,0,12,1269.7942171049012,Suburban,1,Multichannel,1,0,0.0
0,0,7,296.0046851680982,Suburban,0,Web,0,0,0.0
0,1,6,210.36709422346786,Suburban,0,Phone,0,0,0.0
1,0,7,34.93025567084053,Urban,0,Multichannel,0,0,0.0
1,0,11,58.53721867849872,Suburban,1,Multichannel,0,0,0.0
0,0,1,64.78432196143814,Suburban,0,Phone,0,0,0.0
1,0,2,102.22608664849507,Suburban,0,Phone,0,0,0.0
1,0,4,270.8766060990137,Urban,0,Web,0,0,0.0
0,0,6,62.00630640180929,Suburban,0,Multichannel,0,0,0.0
1,0,12,10.0,Rural,0,Phone,0,0,0.0
1,0,12,161.43005750395244,Urban,1,Phone,0,0,0.0
0,1,10,377.3028130954264,Urban,0,Web,0,0,0.0
1,0,1,201.20474926283566,Rural,0,Phone,0,0,0.0
0,1,7,46.2688205021732,Suburban,0,Multichannel,0,0,0.0
0,0,11,91.86788430541394,Suburban,0,Multichannel,0,0,0.0
0,1,2,91.94599787417248,Rural,0,Phone,0,0,0.0
0,0,1,637.1297114376418,Urban,0,Web,0,0,0.0
0,1,4,77.69532386828602,Urban,0,Multichannel,1,0,0.0
0,0,3,231.2991862449537,Suburban,0,Web,0,0,0.0
0,1,2,1152.890751686498,Suburban,0,Phone,0,0,0.0
0,1,2,1182.5423223773296,Suburban,0,Phone,1,0,0.0
0,1,11,375.23744866777184,Urban,1,Phone,0,0,0.0
0,0,2,425.43896301088455,Rural,0,Web,0,0,0.0
0,0,2,449.369981338026,Suburban,1,Web,1,0,0.0
0,0,3,56.925578443442696,Urban,0,Web,1,0,0.0
1,0,1,218.89280863976015,Urban,0,Multichannel,0,0,0.0
0,1,5,18.88679222537307,Urban,0,Web,1,0,0.0
0,1,1,28.080186469111418,Urban,0,Multichannel,0,0,0.0
1,0,12,377.40662662509624,Rural,0,Web,0,0,0.0
1,0,3,65.98092417126153,Urban,1,Web,0,0,0.0
0,0,1,221.63677719680888,Urban,1,Web,0,0,0.0
0,0,6,58.560585960888375,Urban,0,Multichannel,0,0,0.0
0,0,4,19.70677694984454,Suburban,0,Multichannel,0,0,0.0
0,1,1,21.758176861785298,Suburban,0,Web,1,0,0.0
0,0,1,937.4473818856825,Rural,1,Web,0,0,0.0
1,0,8,121.2727811301082,Urban,0,Multichannel,0,0,0.0
0,0,2,382.59899455432407,Suburban,0,Multichannel,0,0,0.0
0,1,12,32.77383198002833,Suburban,1,Web,0,0,0.0
0,1,10,100.52706727653114,Suburban,0,Web,0,0,0.0
0,0,8,31.226597360288036,Rural,0,Web,0,0,0.0
1,0,2,189.97236226332876,Suburban,0,Web,0,0,0.0
1,0,4,61.57993491946625,Urban,1,Web,0,0,0.0
0,0,9,208.65256469914095,Rural,0,Web,0,0,0.0
0,1,4,169.27273290264705,Urban,0,Multichannel,1,0,0.0
1,0,6,294.7667825586564,Urban,0,Web,0,0,0.0
0,0,7,89.7849945491594,Suburban,1,Web,0,0,0.0
0,1,2,91.32622332460137,Urban,0,Web,0,0,0.0
0,1,1,152.8450855873699,Suburban,0,Phone,0,0,0.0
1,0,8,1406.626463146996,Suburban,0,Multichannel,0,0,0.0
0,1,11,121.89208683693697,Urban,0,Web,0,0,0.0
0,0,12,2080.214618821092,Urban,0,Web,0,0,0.0
0,1,2,42.31189739788242,Urban,0,Web,0,0,0.0
1,0,6,288.44340790993135,Urban,0,Web,0,0,0.0
0,0,9,1210.4334500876112,Urban,1,Web,0,0,0.0
0,0,1,481.2829144451063,Urban,0,Multichannel,0,0,0.0
0,1,7,825.4751371635854,Urban,0,Multichannel,0,0,0.0
0,0,12,514.4721867483175,Rural,1,Web,0,0,0.0
1,0,1,15.031744570313753,Urban,0,Multichannel,0,0,0.0
0,1,11,83.48065007223269,Urban,0,Phone,0,0,0.0
1,0,11,44.06869862447693,Rural,0,Web,0,0,0.0
0,0,9,121.8217967296282,Rural,0,Web,1,0,0.0
0,0,8,124.29204193429028,Urban,0,Phone,1,0,0.0
0,0,1,195.93687286210397,Suburban,0,Web,0,0,0.0
0,1,1,101.95452353472933,Suburban,0,Web,1,0,0.0
0,1,2,67.22850618252103,Urban,0,Multichannel,0,0,0.0
0,0,2,56.61144733786213,Urban,0,Web,0,0,0.0
0,1,6,296.8538510641203,Rural,0,Multichannel,0,0,0.0
0,0,1,232.24768776161815,Urban,0,Web,0,0,0.0
0,0,7,133.75751434399922,Rural,1,Web,0,0,0.0
0,0,11,77.22176207242083,Urban,0,Phone,1,0,0.0
0,0,12,269.74068250680574,Suburban,0,Web,0,0,0.0
1,0,7,197.50854838596925,Suburban,0,Web,0,0,0.0
0,1,3,111.55922850985934,Urban,0,Multichannel,0,0,0.0
0,0,4,1023.3035366483249,Urban,1,Multichannel,0,0,0.0
0,0,12,600.2653815545069,Suburban,0,Multichannel,0,0,0.0
0,1,1,24.59893278914738,Urban,1,Web,0,0,0.0
0,1,3,2060.2662257835473,Urban,0,Web,1,1,24.033906316966625
1,0,6,402.9193261607939,Suburban,0,Web,1,0,0.0
1,0,4,69.53158319123948,Suburban,0,Multichannel,0,0,0.0
0,1,2,1537.1411828802597,Urban,0,Multichannel,0,0,0.0
1,0,8,34.83820840777897,Suburban,0,Web,1,0,0.0
0,0,12,734.9466579302058,Urban,0,Multichannel,0,0,0.0
0,1,1,616.7782617869707,Rural,0,Phone,1,1,59.01348012826539
1,0,4,82.38372550242266,Suburban,0,Phone,0,0,0.0
0,0,12,758.660364960906,Urban,0,Phone,0,0,0.0
0,0,10,1526.9629346319866,Urban,0,Web,0,0,0.0
1,0,2,265.83766095056063,Urban,1,Web,0,0,0.0
0,1,6,107.71197308811276,Suburban,0,Web,1,1,22.029235355893714
0,1,6,153.09677072412924,Urban,0,Web,0,0,0.0
0,0,2,109.2100483682265,Rural,0,Multichannel,0,0,0.0
0,1,3,22.79075812211212,Rural,0,Web,0,0,0.0
0,0,8,811.6763164181724,Suburban,0,Phone,0,0,0.0
0,1,2,53.92296490131773,Rural,0,Web,0,0,0.0
0,1,11,41.49943240231555,Urban,0,Phone,0,0,0.0
1,0,11,438.24119329582624,Rural,1,Multichannel,0,0,0.0
1,0,5,349.0485822051979,Suburban,1,Multichannel,0,0,0.0
1,0,3,241.13374765731479,Suburban,0,Multichannel,1,0,0.0
0,1,3,93.4582150156557,Urban,0,Multichannel,1,0,0.0
0,0,5,154.27577123348047,Suburban,0,Multichannel,0,0,0.0
0,1,1,139.71339064995965,Suburban,0,Phone,0,0,0.0
0,1,3,20.738857716171793,Suburban,0,Web,0,0,0.0
0,1,1,26.292442997944196,Urban,0,Multichannel,0,0,0.0
0,1,12,712.507612751069,Suburban,0,Multichannel,1,0,0.0
0,1,5,322.5399819514534,Urban,0,Multichannel,0,0,0.0
1,0,3,1077.8307852739672,Suburban,0,Web,0,0,0.0
0,1,6,37.38433424546944,Urban,0,Multichannel,0,0,0.0
0,1,11,111.06259400557308,Suburban,1,Multichannel,0,0,0.0
1,0,11,113.89345599736565,Urban,1,Phone,0,0,0.0
1,0,8,16.469818785987115,Urban,1,Multichannel,0,0,0.0
0,0,6,118.19484223379386,Suburban,1,Multichannel,0,0,0.0
0,0,1,479.09902564386596,Urban,0,Web,0,0,0.0
1,0,1,234.11133179736564,Urban,1,Phone,0,0,0.0
0,0,11,47.74890217707848,Rural,0,Multichannel,0,0,0.0
0,1,8,742.146346111146,Suburban,0,Phone,1,0,0.0
1,0,3,292.7092243028546,Suburban,0,Multichannel,0,0,0.0
1,0,9,627.3518707165921,Suburban,1,Multichannel,0,0,0.0
0,1,2,62.90748328958201,Suburban,0,Phone,0,0,0.0
0,0,1,118.87592457723308,Suburban,0,Phone,0,0,0.0
1,0,2,366.2915012130411,Urban,1,Multichannel,1,0,0.0
1,0,8,55.6412166946382,Urban,1,Phone,0,0,0.0
1,0,3,183.66095471255875,Suburban,0,Multichannel,1,1,20.038822678387756
1,0,2,753.1966755868584,Urban,0,Multichannel,0,0,0.0
1,0,11,114.64722115088085,Rural,0,Multichannel,0,0,0.0
0,0,1,169.9774723495783,Rural,0,Multichannel,0,0,0.0
0,1,1,114.7293920368621,Suburban,0,Multichannel,0,0,0.0
0,1,5,68.55337648374172,Suburban,0,Phone,0,0,0.0
0,0,5,127.18130760544734,Urban,1,Phone,0,0,0.0
1,0,11,31.90233050132325,Suburban,1,Phone,0,0,0.0
0,0,6,179.7883847995266,Rural,0,Phone,0,0,0.0
1,0,2,96.51240911043882,Suburban,1,Multichannel,0,0,0.0
1,0,2,152.5567267420547,Rural,0,Phone,0,0,0.0
1,0,11,19.872344888372833,Urban,0,Multichannel,0,0,0.0
0,0,11,86.74756811263126,Suburban,0,Phone,1,0,0.0
0,0,6,47.22858880463565,Suburban,0,Multichannel,0,0,0.0
0,0,3,226.74540379060025,Suburban,1,Multichannel,1,0,0.0
1,0,4,27.17922325082878,Suburban,0,Web,1,0,0.0
0,1,3,165.41485413808655,Urban,1,Web,0,0,0.0
1,0,9,395.78153800174096,Rural,0,Multichannel,0,0,0.0
1,0,1,1007.8088188098912,Suburban,0,Phone,0,0,0.0
0,1,2,127.375034382478,Suburban,0,Web,0,0,0.0
1,0,3,81.14325161489128,Suburban,0,Multichannel,0,0,0.0
0,0,2,317.64739818986504,Suburban,1,Web,0,0,0.0
0,1,3,49.600145334376236,Urban,0,Web,1,0,0.0
0,1,3,22.599119099439676,Urban,0,Web,0,0,0.0
1,0,10,310.6988118635214,Suburban,0,Web,0,0,0.0
1,0,3,27.75537172197979,Suburban,1,Web,0,0,0.0
0,1,2,423.0719687496796,Rural,0,Phone,0,0,0.0
0,1,2,35.30091956110067,Rural,0,Web,0,0,0.0
0,0,12,550.7408876371619,Rural,0,Web,0,0,0.0
0,1,8,665.0453712186901,Suburban,1,Web,0,0,0.0
0,1,10,258.07807106711647,Suburban,0,Phone,0,0,0.0
1,0,6,222.9389358265237,Suburban,0,Web,1,0,0.0
1,0,1,92.73845063867587,Suburban,0,Phone,0,0,0.0
0,1,2,322.6537898346573,Suburban,0,Phone,0,0,0.0
0,0,6,70.31956029427919,Urban,0,Web,0,0,0.0
0,1,1,81.4508162333765,Suburban,0,Phone,0,0,0.0
0,1,12,114.88998073763183,Urban,0,Web,0,0,0.0
0,1,1,156.94012551385313,Suburban,1,Web,1,0,0.0
0,0,11,194.1771681989495,Suburban,0,Web,0,0,0.0
1,0,4,96.34973603421014,Suburban,0,Multichannel,0,0,0.0
0,1,7,146.4087727973785,Suburban,0,Multichannel,0,0,0.0
0,0,2,82.38842245312608,Rural,0,Web,1,1,36.80281267534835
0,1,4,26.338453022317825,Suburban,0,Web,1,0,0.0
1,0,4,124.2807429280716,Suburban,0,Multichannel,0,0,0.0
1,0,5,889.6951062901599,Suburban,0,Web,0,0,0.0
0,1,10,174.62988926401724,Urban,0,Phone,0,0,0.0
1,0,9,792.1139978533413,Suburban,0,Web,0,0,0.0
1,0,1,241.0321674240949,Suburban,1,Web,0,0,0.0
1,0,12,77.15260318359846,Rural,0,Multichannel,0,0,0.0
0,1,9,86.58439529314357,Suburban,0,Web,0,0,0.0
0,1,1,391.7756785493069,Suburban,0,Phone,0,0,0.0
0,1,6,86.01875662046909,Suburban,0,Multichannel,1,0,0.0
0,0,1,266.27019619750354,Suburban,1,Multichannel,0,0,0.0
0,0,3,238.97782886686647,Rural,0,Multichannel,0,0,0.0
0,0,1,246.0101864795526,Suburban,0,Multichannel,0,0,0.0
0,0,1,75.77237964734505,Suburban,1,Web,0,0,0.0
0,0,12,945.5290748889329,Rural,0,Phone,0,0,0.0
0,0,1,238.64893910473393,Urban,1,Web,0,0,0.0
0,0,7,84.29094091444757,Suburban,1,Multichannel,0,0,0.0
1,0,1,56.70982747147222,Suburban,0,Web,0,0,0.0
0,1,11,203.91092921276964,Rural,1,Web,0,0,0.0
1,0,3,25.177579408285695,Suburban,0,Multichannel,0,0,0.0
1,0,4,1154.1951168259593,Urban,0,Multichannel,0,0,0.0
0,0,11,60.88415800249518,Urban,1,Web,0,0,0.0
0,1,7,415.87218195195277,Suburban,0,Multichannel,0,0,0.0
0,1,4,156.33007741282904,Suburban,0,Web,0,0,0.0
1,0,1,91.29611722909091,Suburban,0,Multichannel,1,1,19.038361248555397
0,0,1,149.34332740701015,Suburban,0,Phone,0,0,0.0
0,0,11,40.521354510137265,Rural,0,Web,0,0,0.0
0,1,3,36.08713054148006,Suburban,0,Web,0,0,0.0
0,0,11,105.56949588496182,Rural,0,Web,1,0,0.0
0,1,1,284.971126893343,Suburban,0,Multichannel,0,0,0.0
0,1,1,581.8438820846566,Urban,0,Web,0,0,0.0
0,1,6,541.7505697238805,Suburban,0,Multichannel,0,0,0.0
1,0,3,351.7959583390985,Rural,1,Multichannel,0,0,0.0
0,1,12,423.7298159814746,Suburban,0,Web,0,0,0.0
1,0,1,85.16588056457368,Suburban,0,Web,1,1,44.244588488512015
0,0,6,392.086314521609,Urban,1,Phone,0,0,0.0
1,0,4,257.548600790861,Rural,0,Multichannel,0,0,0.0
0,0,12,130.47871207477394,Urban,0,Multichannel,0,0,0.0
0,1,12,93.1937013798747,Urban,0,Web,0,0,0.0
0,0,1,1139.1188889612736,Rural,0,Phone,0,0,0.0
1,0,2,50.15569480851647,Urban,0,Multichannel,0,0,0.0
0,0,11,548.0736286715961,Rural,0,Phone,1,0,0.0
1,0,10,179.35147675942864,Suburban,0,Phone,1,0,0.0
0,1,1,494.5850534295554,Urban,0,Web,0,0,0.0
1,0,1,337.9874549304905,Suburban,1,Multichannel,0,0,0.0
1,0,3,932.5827432015416,Suburban,0,Multichannel,1,0,0.0
0,0,5,30.309472496851843,Urban,0,Phone,1,0,0.0
0,1,12,235.21446830290967,Suburban,0,Web,0,0,0.0
1,0,8,32.16779860378373,Suburban,0,Web,0,0,0.0
1,0,9,33.195724906172074,Suburban,0,Multichannel,0,0,0.0
1,0,11,429.1617519334907,Urban,0,Web,0,0,0.0
0,0,1,706.9132874164358,Urban,0,Web,0,0,0.0
0,0,6,54.40333634838553,Suburban,0,Phone,1,0,0.0
0,1,1,18.28323747109194,Suburban,0,Web,0,0,0.0
0,0,4,208.9810078652478,Suburban,1,Web,0,0,0.0
0,1,8,151.58537555149658,Rural,0,Web,0,0,0.0
0,1,9,158.54522762757418,Rural,0,Multichannel,1,0,0.0
1,0,11,370.03874870610343,Rural,0,Web,0,0,0.0
1,0,7,83.28845563485862,Suburban,0,Web,0,0,0.0
0,1,3,38.81017435847797,Suburban,0,Web,0,0,0.0
0,1,5,398.5224165130358,Suburban,0,Web,0,0,0.0
0,0,11,99.10415267565429,Suburban,0,Phone,0,0,0.0
1,0,1,48.98514941160276,Urban,0,Web,0,0,0.0
1,0,11,352.01091323618283,Urban,0,Phone,0,0,0.0
0,0,3,138.05204702080093,Urban,0,Phone,0,0,0.0
1,0,7,376.9471101173024,Urban,0,Phone,1,1,44.811410192166704
0,1,4,415.7662484011193,Urban,0,Phone,0,0,0.0
0,1,12,19.781284218559755,Rural,0,Web,0,0,0.0
1,0,1,19.71607504447884,Suburban,0,Web,0,0,0.0
0,0,11,194.56958145534858,Urban,0,Web,0,0,0.0
1,0,5,71.47406434494376,Urban,0,Web,0,0,0.0
0,1,1,143.12578485539137,Suburban,0,Web,1,1,14.772958108672388
1,0,1,618.3303965331083,Suburban,0,Phone,0,0,0.0
0,1,3,594.5255884275936,Suburban,0,Web,0,0,0.0
1,0,12,37.030178684480994,Rural,1,Web,0,0,0.0
0,0,2,203.14886287404852,Suburban,0,Phone,1,0,0.0
0,0,3,123.75704696740473,Urban,0,Web,0,0,0.0
1,0,2,26.2065818749728,Suburban,1,Phone,0,0,0.0
0,0,2,287.8406613496081,Suburban,0,Web,0,0,0.0
1,0,5,13.316189464053789,Suburban,1,Multichannel,0,0,0.0
0,1,5,10.0,Suburban,0,Multichannel,0,0,0.0
1,0,8,43.43001310555096,Urban,0,Multichannel,0,0,0.0
1,0,1,139.85672198285766,Rural,0,Web,0,0,0.0
0,1,4,15.879284564154718,Urban,0,Web,0,0,0.0
0,1,1,79.76829517552191,Urban,0,Phone,1,0,0.0
0,0,12,483.9247210834314,Suburban,0,Web,0,0,0.0
1,0,11,111.51231087799196,Suburban,0,Web,0,0,0.0
0,1,10,34.678727293420614,Suburban,0,Phone,0,0,0.0
0,1,4,372.82007436258226,Rural,0,Web,1,0,0.0
0,0,3,31.350343173968525,Suburban,0,Phone,0,0,0.0
0,0,11,21.89566777777998,Suburban,0,Web,0,0,0.0
0,0,12,133.39894885771727,Suburban,0,Web,0,0,0.0
0,0,7,401.15629131809436,Rural,0,Web,1,0,0.0
1,0,6,1375.2736036337183,Urban,1,Web,0,0,0.0
0,1,12,25.56797631526377,Urban,0,Phone,0,0,0.0
0,1,2,329.01100802641054,Suburban,0,Web,0,0,0.0
1,0,1,35.58511200744529,Suburban,0,Web,0,0,0.0
0,1,12,327.9416029071149,Urban,0,Web,0,0,0.0
0,0,2,105.34479598848252,Urban,0,Web,0,0,0.0
1,0,9,46.87764465042659,Urban,0,Phone,1,0,0.0
1,0,12,80.79926643130015,Suburban,0,Web,0,0,0.0
1,0,9,84.67486764750038,Rural,0,Multichannel,1,0,0.0
0,1,7,114.06932751117901,Suburban,1,Web,0,0,0.0
0,0,2,246.2714018382388,Rural,0,Multichannel,1,0,0.0
1,0,6,90.5538824470284,Urban,1,Web,1,0,0.0
0,1,6,87.47079557930688,Rural,0,Web,0,0,0.0
0,0,12,25.02032675635454,Suburban,0,Phone,0,0,0.0
0,0,6,339.82057969563215,Suburban,0,Web,0,0,0.0
0,1,12,279.4614379227164,Urban,0,Multichannel,1,1,235.3897387956228
1,0,1,116.94573858456148,Suburban,0,Web,0,0,0.0
0,1,5,1640.107865122942,Urban,0,Web,1,0,0.0
1,0,3,15.922296985792451,Rural,0,Multichannel,0,0,0.0
0,0,3,17.50750826445548,Suburban,0,Web,1,0,0.0
0,1,4,115.6918734753011,Suburban,0,Phone,0,0,0.0
0,1,3,158.57450417419093,Suburban,1,Web,0,0,0.0
0,1,1,175.8507757394904,Suburban,0,Web,0,0,0.0
1,0,1,100.29991143107917,Rural,0,Phone,0,0,0.0
0,0,4,53.55764879836896,Urban,0,Phone,0,0,0.0
0,0,5,112.4383995326294,Rural,0,Phone,0,0,0.0
0,1,6,70.52105976027109,Urban,1,Multichannel,0,0,0.0
0,0,3,89.81402221784019,Suburban,0,Web,0,0,0.0
0,0,12,69.20068823540363,Suburban,0,Phone,0,0,0.0
0,1,2,1342.9121854430855,Suburban,0,Phone,0,0,0.0
0,0,5,460.073543733933,Suburban,0,Multichannel,0,0,0.0
1,0,1,60.082023077881146,Rural,0,Web,0,0,0.0
1,0,11,150.52531654591775,Rural,0,Web,0,0,0.0
1,0,6,60.97104287093463,Rural,0,Web,1,0,0.0
0,1,8,153.16573397677837,Suburban,0,Phone,0,0,0.0
0,0,1,577.1642381368165,Rural,1,Web,0,0,0.0
0,1,10,315.25114494946223,Urban,1,Web,0,0,0.0
1,0,11,1897.275226373621,Rural,0,Multichannel,0,0,0.0
0,0,1,161.7220480511123,Suburban,0,Multichannel,0,0,0.0
0,1,2,113.21962291295694,Suburban,1,Web,0,0,0.0
0,0,4,456.4418905521859,Urban,0,Web,0,0,0.0
0,0,11,732.80610504316,Suburban,0,Web,0,0,0.0
0,1,7,124.30520070361533,Urban,0,Phone,0,0,0.0
0,1,4,415.4791982811357,Suburban,0,Web,0,0,0.0
0,0,5,375.24056407919613,Suburban,0,Web,0,0,0.0
0,0,8,24.25687649869545,Suburban,0,Web,0,0,0.0
1,0,4,215.18670306979587,Suburban,0,Phone,0,0,0.0
0,1,2,20.8226516022559,Urban,0,Multichannel,0,0,0.0
0,1,4,270.3062199212124,Suburban,0,Web,0,0,0.0
0,1,5,118.42325926149499,Urban,0,Multichannel,0,0,0.0
0,0,2,13.44326275083058,Suburban,0,Web,0,0,0.0
0,0,2,218.29826178616327,Urban,1,Web,0,0,0.0
0,0,2,63.50278645471515,Suburban,0,Web,0,0,0.0
0,0,2,95.61828085749993,Suburban,1,Web,1,0,0.0
0,1,8,189.30326014273447,Suburban,0,Web,0,0,0.0
1,0,11,3221.6451748114823,Rural,1,Phone,0,0,0.0
1,0,3,275.2195554809884,Suburban,0,Web,0,0,0.0
0,1,12,75.73579061304129,Rural,0,Web,0,0,0.0
0,0,1,43.27238319427899,Suburban,0,Web,1,1,71.90493645924246
0,0,2,1241.7184568567484,Suburban,1,Multichannel,0,0,0.0
0,1,5,299.0536756401971,Urban,0,Multichannel,0,0,0.0
1,0,9,853.4762805587446,Suburban,0,Multichannel,0,0,0.0
0,0,4,108.07232666411137,Suburban,0,Web,0,0,0.0
1,0,3,105.83363850229367,Urban,0,Web,0,0,0.0
0,1,3,29.83186868800508,Urban,0,Web,1,0,0.0
0,1,2,111.64188713744004,Urban,0,Web,0,0,0.0
0,1,7,52.62367833264558,Urban,0,Phone,0,0,0.0
0,1,3,414.3666143144565,Urban,0,Multichannel,0,0,0.0
0,1,11,290.3854381682224,Urban,0,Multichannel,0,0,0.0
1,0,6,10.0,Urban,1,Web,1,0,0.0
0,1,12,447.3099179069109,Urban,1,Phone,0,0,0.0
1,0,2,479.30891866367233,Suburban,0,Web,1,1,37.2258524581884
0,0,11,176.31974674258618,Rural,0,Phone,1,0,0.0
0,1,11,48.47299628733812,Rural,0,Multichannel,0,0,0.0
0,0,10,303.2848767060458,Suburban,1,Multichannel,0,0,0.0
1,0,6,18.60069597936229,Suburban,0,Multichannel,0,0,0.0
1,0,11,255.57206058393217,Suburban,0,Multichannel,1,0,0.0
0,1,10,146.47727129427247,Rural,0,Web,0,0,0.0
0,0,11,504.61400168128273,Suburban,0,Web,0,0,0.0
1,0,2,216.6406056635119,Suburban,0,Multichannel,0,0,0.0
0,1,12,182.75796714527857,Suburban,0,Phone,0,0,0.0
0,0,12,123.33871431664335,Suburban,0,Web,0,0,0.0
0,0,6,3491.254073992357,Urban,0,Multichannel,0,0,0.0
1,0,11,71.65673964608122,Urban,0,Phone,0,0,0.0
1,0,6,10.0,Rural,0,Multichannel,0,0,0.0
0,0,2,194.4653851808119,Urban,0,Web,0,0,0.0
1,0,8,110.5289221305028,Rural,0,Multichannel,1,1,37.61025116308338
0,1,6,39.74684136236655,Suburban,1,Multichannel,0,0,0.0
1,0,2,28.639104719024843,Rural,0,Multichannel,0,0,0.0
0,1,8,148.5402114090268,Urban,0,Phone,0,0,0.0
1,0,2,1282.7149328887735,Suburban,0,Web,0,0,0.0
1,0,1,38.78858018436071,Rural,0,Multichannel,0,0,0.0
0,0,6,35.34203391344487,Urban,0,Web,0,0,0.0
1,0,4,333.21701173130606,Suburban,1,Web,0,0,0.0
0,1,7,87.34347816438384,Urban,1,Multichannel,0,0,0.0
0,1,11,18.428229231095937,Suburban,1,Web,0,0,0.0
1,0,11,66.53411223415566,Suburban,0,Web,0,0,0.0
0,1,8,45.438369219900046,Rural,0,Web,0,0,0.0
0,1,1,191.7530876242316,Rural,1,Web,0,0,0.0
0,1,6,77.9645282542413,Suburban,0,Web,0,0,0.0
0,1,2,205.8990281967494,Rural,1,Multichannel,0,0,0.0
0,0,2,193.1289198179584,Urban,1,Web,0,0,0.0
0,1,2,289.59752378309184,Urban,1,Multichannel,0,0,0.0
0,0,11,10.0,Rural,1,Web,1,0,0.0
0,0,8,50.4061091637673,Suburban,1,Web,0,0,0.0
0,0,3,702.011593904215,Suburban,0,Phone,0,0,0.0
0,0,3,493.7074522558869,Urban,1,Web,0,0,0.0
0,1,3,46.91398508771218,Rural,0,Multichannel,0,0,0.0
0,1,6,47.95965178794173,Urban,0,Multichannel,0,0,0.0
0,1,2,452.2198378389029,Urban,0,Web,0,0,0.0
0,1,2,294.361444320057,Suburban,0,Phone,0,0,0.0
0,1,11,152.40708738036656,Suburban,0,Web,0,0,0.0
0,0,2,351.97125262496877,Rural,0,Web,0,0,0.0
1,0,10,1170.1456308083687,Suburban,0,Web,0,0,0.0
0,1,5,154.40672687574917,Urban,0,Web,0,0,0.0
0,1,12,354.7633061735289,Suburban,0,Multichannel,0,0,0.0
0,1,12,29.35972280793717,Urban,0,Phone,0,0,0.0
1,0,9,31.029592633023537,Suburban,0,Phone,0,0,0.0
0,0,7,520.0394502081476,Urban,0,Web,0,0,0.0
0,0,1,91.6807705195787,Suburban,0,Web,1,0,0.0
1,0,1,258.35729055495165,Suburban,0,Multichannel,0,0,0.0
0,0,7,11.954530524409376,Suburban,0,Multichannel,0,0,0.0
0,1,12,33.364370939388785,Suburban,0,Phone,0,0,0.0
0,1,1,85.25121672458917,Rural,0,Multichannel,1,1,49.04111849949336
1,0,4,46.0403223289182,Suburban,0,Phone,0,0,0.0
1,0,9,44.426662587415805,Suburban,0,Phone,0,0,0.0
0,1,11,85.69791290463071,Suburban,0,Multichannel,0,0,0.0
0,1,11,150.20520751054002,Rural,0,Web,0,0,0.0
0,1,2,50.84285190264177,Suburban,0,Web,0,0,0.0
0,0,1,39.3050874954325,Rural,0,Multichannel,0,0,0.0
0,0,10,124.41812086029923,Suburban,0,Multichannel,1,0,0.0
0,0,2,48.97894194582877,Rural,0,Web,0,0,0.0
0,1,5,53.150084778020506,Suburban,0,Multichannel,1,0,0.0
0,1,12,187.06675862048485,Rural,1,Multichannel,0,0,0.0
0,1,2,52.34224835946978,Urban,1,Multichannel,0,0,0.0
0,0,1,567.2426769716709,Rural,0,Web,0,0,0.0
1,0,2,77.58599378902208,Urban,0,Web,1,0,0.0
0,1,2,233.17496515285333,Rural,1,Multichannel,0,0,0.0
0,0,4,34.13880988349099,Urban,1,Web,0,0,0.0
0,0,4,60.513212424566134,Suburban,0,Phone,0,0,0.0
0,1,2,139.79040658727402,Suburban,0,Multichannel,1,0,0.0
0,1,12,354.5188304462983,Urban,1,Web,0,0,0.0
1,0,2,276.4781984480555,Rural,0,Web,0,0,0.0
0,0,6,74.31408273593033,Urban,1,Web,0,0,0.0
0,0,1,182.87058562089862,Urban,0,Multichannel,1,0,0.0
0,1,1,196.7734059006173,Suburban,0,Web,0,0,0.0
0,1,12,124.53420249197963,Urban,0,Web,0,0,0.0
1,0,1,34.27022366408803,Rural,0,Multichannel,0,0,0.0
0,0,3,230.23453219566485,Urban,0,Multichannel,1,0,0.0
1,0,5,456.9762402332156,Suburban,0,Web,0,0,0.0
1,0,9,72.24456760707298,Suburban,0,Web,0,0,0.0
0,1,5,162.194401344749,Suburban,0,Multichannel,0,0,0.0
0,1,1,19.41597103123289,Suburban,1,Web,0,0,0.0
0,0,5,435.7205699785606,Suburban,1,Web,0,0,0.0
1,0,12,943.4996583866205,Suburban,0,Multichannel,0,0,0.0
0,0,7,97.9412090815932,Suburban,0,Phone,0,0,0.0
0,1,2,207.48884877051225,Suburban,0,Multichannel,0,0,0.0
0,1,3,185.46370724379437,Urban,0,Web,0,0,0.0
0,0,6,110.68681966873444,Urban,0,Web,0,0,0.0
0,0,1,124.55483339553923,Suburban,1,Web,0,0,0.0
1,0,7,75.1906379083879,Suburban,0,Web,0,0,0.0
1,0,6,139.2049290145792,Suburban,0,Web,1,1,15.749864689305298
0,1,5,103.55811879267074,Urban,1,Multichannel,1,0,0.0
0,0,5,217.30050182307994,Rural,0,Multichannel,0,0,0.0
0,1,8,192.87362780210316,Rural,0,Web,0,0,0.0
0,1,8,58.22910248004736,Suburban,0,Multichannel,0,0,0.0
0,1,1,127.93317566254363,Urban,1,Web,0,0,0.0
1,0,7,1295.8267101938754,Suburban,1,Web,0,0,0.0
0,1,10,30.997894284795684,Suburban,0,Web,0,0,0.0
0,0,2,22.047708808983096,Urban,0,Phone,0,0,0.0
1,0,8,739.0284476789445,Urban,0,Web,0,0,0.0
0,0,10,88.72318153197236,Suburban,0,Multichannel,0,0,0.0
0,1,8,503.20268685023115,Suburban,0,Web,0,0,0.0
0,1,11,53.50624371485186,Suburban,0,Multichannel,0,0,0.0
1,0,8,369.0881144008553,Urban,0,Multichannel,0,0,0.0
0,0,2,283.34478263558947,Suburban,0,Web,0,0,0.0
1,0,3,287.1328386137615,Suburban,0,Web,0,0,0.0
0,0,4,30.30763145911216,Rural,1,Multichannel,0,0,0.0
1,0,1,182.7890970176134,Suburban,1,Multichannel,1,0,0.0
0,0,3,419.0662404541859,Rural,1,Web,0,0,0.0
0,0,12,55.932001065183535,Suburban,0,Web,0,0,0.0
0,1,7,351.1953780596819,Suburban,0,Phone,0,0,0.0
0,0,8,82.48047508434031,Suburban,0,Web,0,0,0.0
1,0,7,76.35423477742891,Urban,0,Phone,0,0,0.0
0,0,6,970.7749539087702,Rural,0,Web,0,0,0.0
0,0,6,44.41920268488078,Suburban,0,Phone,0,0,0.0
0,1,6,258.3587012849034,Urban,1,Web,0,0,0.0
0,1,12,358.299763008983,Urban,1,Web,0,0,0.0
0,1,1,17.768802124083823,Rural,0,Web,0,0,0.0
0,1,7,537.8598528100449,Suburban,0,Web,1,0,0.0
0,0,7,167.3396410503016,Suburban,0,Web,1,0,0.0
0,0,8,282.09541556959357,Suburban,0,Phone,0,0,0.0
1,0,12,124.90876983313412,Suburban,1,Phone,0,0,0.0
1,0,12,96.47104587740526,Suburban,1,Multichannel,1,1,33.041348230781686
1,0,3,1463.9446218880637,Suburban,1,Web,0,0,0.0
0,0,7,149.64196466819945,Suburban,0,Multichannel,0,0,0.0
0,0,12,116.6014374080989,Rural,0,Multichannel,0,0,0.0
1,0,6,61.24120148690498,Urban,0,Web,0,0,0.0
0,1,2,141.5324840763289,Suburban,1,Multichannel,0,0,0.0
1,0,3,168.25737240957955,Suburban,0,Multichannel,1,1,57.34275352206088
1,0,10,166.10302506298396,Suburban,0,Multichannel,1,0,0.0
0,0,7,155.40661065964287,Rural,0,Multichannel,1,0,0.0
0,0,1,70.49310393777182,Suburban,0,Multichannel,0,0,0.0
0,1,4,214.11189908332344,Suburban,0,Multichannel,0,0,0.0
1,0,4,269.3907163943968,Rural,0,Multichannel,0,0,0.0
1,0,3,80.57018246310118,Urban,0,Multichannel,1,0,0.0
1,0,1,904.1721144395051,Rural,1,Web,1,1,13.93270390850728
0,0,12,140.07927649824583,Urban,0,Phone,0,0,0.0
1,0,1,113.62532686457138,Suburban,1,Web,0,0,0.0
1,0,11,135.6639069427493,Suburban,0,Web,1,0,0.0
0,0,1,120.14715148499462,Suburban,0,Web,0,0,0.0
0,0,12,966.9021294863776,Suburban,0,Web,0,0,0.0
1,0,1,61.1608596488281,Urban,1,Web,1,0,0.0
1,0,3,122.63049003809778,Urban,1,Web,0,0,0.0
0,1,1,10.0,Urban,0,Phone,0,0,0.0
0,1,3,287.19701617481815,Suburban,1,Phone,0,0,0.0
0,0,12,196.14819881465294,Suburban,1,Web,0,0,0.0
0,1,8,68.78640783521294,Suburban,0,Multichannel,1,0,0.0
0,1,1,484.45572204839226,Urban,0,Multichannel,0,0,0.0
0,0,4,244.00809532527018,Urban,0,Web,0,0,0.0
0,1,4,192.86127561632247,Rural,0,Web,1,0,0.0
0,1,4,211.51983948667393,Urban,1,Multichannel,0,0,0.0
0,0,11,255.45849270637535,Suburban,0,Multichannel,0,0,0.0
0,1,9,913.7102372920973,Suburban,0,Web,0,0,0.0
0,1,5,2548.646600811195,Suburban,0,Multichannel,0,0,0.0
0,0,9,195.89682199767975,Urban,1,Web,0,0,0.0
0,1,3,1126.034025107192,Rural,0,Web,0,0,0.0
1,0,1,269.16019676539065,Rural,0,Phone,0,0,0.0
0,0,2,32.52535319375764,Rural,0,Multichannel,0,0,0.0
1,0,1,16.75240994604741,Suburban,0,Web,0,0,0.0
0,1,6,66.4697018814441,Urban,0,Phone,0,0,0.0
1,0,11,13.294306870604645,Suburban,0,Phone,0,0,0.0
0,0,4,132.2705138056842,Suburban,0,Web,0,0,0.0
1,0,3,129.3153656550101,Rural,0,Multichannel,0,0,0.0
0,0,6,238.57323622771256,Suburban,0,Web,1,0,0.0
1,0,1,1483.425826036997,Rural,0,Phone,0,0,0.0
0,0,7,193.94454143032584,Urban,0,Web,0,0,0.0
0,1,6,10.0,Suburban,0,Web,0,0,0.0
1,0,4,128.95570004811142,Suburban,0,Web,0,0,0.0
0,1,8,108.03086630447396,Suburban,1,Web,0,0,0.0
1,0,8,54.646759004102336,Urban,0,Web,0,0,0.0
0,0,12,83.88397233744215,Urban,0,Phone,1,0,0.0
1,0,12,108.98724079792025,Rural,1,Phone,0,0,0.0
0,1,7,450.0202898187775,Rural,0,Phone,0,0,0.0
1,0,8,112.9596901329402,Suburban,0,Web,0,0,0.0
0,1,2,188.49333369347184,Suburban,0,Web,0,0,0.0
0,1,11,62.5042039140343,Rural,0,Phone,0,0,0.0
1,0,1,121.91176409102874,Suburban,0,Phone,1,0,0.0
0,0,12,176.1283348102515,Urban,0,Web,1,0,0.0
0,1,5,71.49482549211247,Rural,0,Web,0,0,0.0
1,0,11,98.39683991264177,Suburban,0,Web,0,0,0.0
0,1,9,67.3681437863455,Suburban,1,Web,0,0,0.0
0,0,6,74.50011094379309,Rural,0,Web,0,0,0.0
0,0,4,1771.8583912085087,Suburban,0,Web,0,0,0.0
1,0,8,181.28809457359588,Urban,0,Web,0,0,0.0
0,0,2,2362.5660031476887,Urban,0,Multichannel,0,0,0.0
0,1,5,88.52643577050608,Urban,0,Multichannel,0,0,0.0
0,1,12,33.04559654361574,Rural,0,Phone,0,0,0.0
0,1,5,130.12168439382097,Urban,0,Multichannel,0,0,0.0
1,0,6,361.41085249314466,Suburban,0,Multichannel,0,0,0.0
0,1,12,150.42683773092665,Rural,1,Web,0,0,0.0
0,0,12,325.70771117318606,Suburban,0,Phone,0,0,0.0
0,1,11,63.69714844699805,Rural,1,Web,0,0,0.0
1,0,3,503.62394411639707,Suburban,0,Multichannel,0,0,0.0
0,0,1,1884.8653183946315,Rural,0,Web,0,0,0.0
0,0,3,711.886285783374,Suburban,0,Web,1,1,10.0
0,1,12,167.5535871042885,Urban,0,Web,0,0,0.0
1,0,3,78.89511076608916,Suburban,0,Web,0,0,0.0
1,0,7,29.345391663762438,Suburban,0,Web,0,0,0.0
1,0,10,1960.300508472542,Urban,0,Phone,0,0,0.0
1,0,1,58.32184257790958,Suburban,1,Phone,0,0,0.0
1,0,5,33.03146230074604,Urban,0,Phone,0,0,0.0
0,0,11,106.38884189525112,Rural,0,Web,0,0,0.0
0,0,4,310.52981806611166,Urban,0,Multichannel,0,0,0.0
0,1,11,414.95203804944555,Suburban,0,Multichannel,0,0,0.0
0,0,2,25.535968478229723,Suburban,0,Multichannel,1,0,0.0
0,0,12,392.4154193061682,Urban,0,Phone,0,0,0.0
1,0,5,136.53030360024323,Suburban,0,Web,0,0,0.0
0,1,4,161.1668390981658,Urban,0,Phone,0,0,0.0
0,0,11,89.4854519058399,Suburban,0,Multichannel,0,0,0.0
1,0,3,440.5849748674282,Urban,0,Web,0,0,0.0
0,0,1,89.21911846840638,Urban,0,Multichannel,0,0,0.0
1,0,2,36.63864636125436,Urban,0,Phone,0,0,0.0
0,0,8,73.2389346702938,Urban,0,Web,0,0,0.0
0,0,4,190.38891348104858,Suburban,0,Phone,0,0,0.0
1,0,12,66.63756365122167,Urban,0,Web,1,0,0.0
0,0,1,132.21327048749365,Urban,0,Web,0,0,0.0
1,0,11,10.0,Suburban,1,Web,1,0,0.0
0,0,2,132.9268857758929,Urban,0,Multichannel,0,0,0.0
1,0,2,566.6097145052258,Suburban,0,Multichannel,0,0,0.0
0,0,5,185.20172674767457,Urban,0,Multichannel,1,0,0.0
0,0,5,262.8268057015583,Rural,0,Web,0,0,0.0
1,0,3,161.49386779635503,Urban,0,Phone,1,0,0.0
0,1,4,93.17632005507099,Urban,0,Web,0,0,0.0
1,0,8,226.60833175064656,Suburban,1,Web,0,0,0.0
0,1,5,83.95168859912711,Suburban,0,Multichannel,0,0,0.0
0,1,2,17.4244354131181,Rural,0,Phone,0,0,0.0
1,0,1,206.4059112563817,Rural,0,Phone,0,0,0.0
0,0,5,182.5912980886953,Rural,0,Web,0,0,0.0
0,0,3,21.21716779330473,Suburban,0,Multichannel,0,0,0.0
0,0,10,91.43429242255918,Urban,1,Web,0,0,0.0
0,0,1,1054.625705373816,Rural,1,Web,0,0,0.0
0,0,12,201.56094273168077,Urban,0,Phone,0,0,0.0
0,0,11,1030.1783024999818,Suburban,0,Web,1,0,0.0
0,1,2,59.29764762241209,Rural,1,Web,0,0,0.0
0,1,12,1024.2654118265837,Urban,0,Web,0,0,0.0
0,0,2,85.95995569155734,Suburban,0,Web,1,0,0.0
0,1,12,55.98779368495416,Suburban,0,Web,0,0,0.0
0,0,3,257.52863347175565,Rural,1,Phone,0,0,0.0
0,0,6,264.18940759655106,Urban,0,Multichannel,0,0,0.0
0,1,1,380.70425803852856,Suburban,0,Multichannel,0,0,0.0
1,0,7,12.416036794311303,Rural,0,Web,0,0,0.0
1,0,4,54.95871954898694,Rural,0,Multichannel,0,0,0.0
0,1,2,27.897921259460734,Suburban,0,Multichannel,0,0,0.0
1,0,11,214.03244669277944,Rural,0,Multichannel,0,0,0.0
0,0,6,41.89655104741149,Rural,0,Multichannel,0,0,0.0
1,0,2,367.6993278324761,Suburban,0,Multichannel,1,0,0.0
1,0,12,67.69905284208254,Suburban,0,Multichannel,0,0,0.0
1,0,9,92.1752745374125,Rural,0,Web,1,1,41.07377119404817
0,1,1,20.547782046038854,Rural,0,Multichannel,0,0,0.0
1,0,1,150.61170608684884,Suburban,0,Multichannel,0,0,0.0
0,1,11,498.70106247254375,Rural,0,Web,1,0,0.0
0,1,1,863.9356999086611,Suburban,1,Multichannel,0,0,0.0
0,1,5,845.3146624769186,Suburban,0,Web,0,0,0.0
0,0,2,63.24902339796995,Urban,0,Phone,1,0,0.0
0,1,4,1246.4241628513641,Rural,0,Web,0,0,0.0
0,1,2,10.0,Urban,0,Multichannel,0,0,0.0
0,1,1,352.96565123993537,Urban,0,Web,1,0,0.0
0,1,2,926.6024021320103,Suburban,0,Web,0,0,0.0
1,0,12,127.15609212031299,Rural,0,Multichannel,0,0,0.0
1,0,3,1066.991358659859,Suburban,0,Phone,0,0,0.0
1,0,12,65.79882452035075,Rural,0,Phone,1,1,29.09404709510884
1,0,8,91.97578786021863,Urban,0,Web,0,0,0.0
0,0,12,325.5724231273547,Suburban,0,Multichannel,0,0,0.0
1,0,1,48.90228782669636,Suburban,0,Web,0,0,0.0
0,1,9,62.107555214050436,Suburban,0,Multichannel,1,1,66.94508933659111
1,0,1,520.6587124699212,Rural,1,Web,0,0,0.0
1,0,8,346.3246598117489,Suburban,0,Phone,0,0,0.0
0,0,11,196.771343964225,Urban,0,Web,0,0,0.0
0,1,4,232.6909485104864,Suburban,0,Phone,0,0,0.0
0,1,4,197.14589593882724,Suburban,1,Phone,0,0,0.0
0,1,2,350.63355542599663,Urban,0,Multichannel,1,1,17.250874515504727
0,1,1,1058.5841811038106,Rural,1,Web,0,0,0.0
0,0,2,123.88108110936476,Suburban,0,Multichannel,0,0,0.0
0,1,2,1094.139725239592,Urban,0,Phone,0,0,0.0
1,0,12,31.9297482285587,Suburban,0,Web,1,0,0.0
0,1,4,81.64257737767888,Urban,1,Web,0,0,0.0
0,1,2,118.97957300960086,Urban,0,Multichannel,0,0,0.0
1,0,5,26.464339126742058,Rural,0,Web,0,0,0.0
0,0,1,180.91237707799084,Suburban,1,Web,0,0,0.0
0,0,6,68.84608117500703,Suburban,0,Multichannel,0,0,0.0
1,0,8,391.5815327624716,Rural,0,Web,0,0,0.0
0,1,11,127.50995338410593,Suburban,1,Web,0,0,0.0
1,0,4,137.20721771564536,Urban,1,Web,0,0,0.0
0,1,1,176.21672719702397,Suburban,1,Web,0,0,0.0
0,0,11,409.7019917336801,Suburban,0,Web,0,0,0.0
0,1,1,327.0997136787259,Suburban,0,Web,0,0,0.0
1,0,7,59.262893365899785,Suburban,1,Phone,0,0,0.0
1,0,5,1584.5904152990563,Suburban,1,Phone,0,0,0.0
1,0,12,242.16282613560347,Suburban,0,Web,0,0,0.0
0,1,10,169.23337293984537,Suburban,0,Phone,0,0,0.0
0,0,11,36.14745717354242,Suburban,0,Multichannel,0,0,0.0
1,0,12,75.8473064099269,Suburban,0,Multichannel,0,0,0.0
1,0,3,247.7179497160887,Rural,1,Phone,0,0,0.0
0,1,7,306.0806016624967,Urban,0,Multichannel,0,0,0.0
1,0,3,1833.10458542887,Urban,0,Phone,0,0,0.0
0,0,11,1041.8902506585257,Urban,0,Phone,1,0,0.0
0,0,6,55.84756966651025,Urban,0,Multichannel,0,0,0.0
0,1,2,283.4453776028959,Urban,0,Multichannel,0,0,0.0
0,0,1,104.76132930559146,Rural,0,Multichannel,0,0,0.0
0,0,5,879.1791491280599,Suburban,0,Web,0,0,0.0
0,0,6,235.62474249092736,Urban,1,Web,0,0,0.0
0,0,1,211.68379658503324,Urban,0,Web,1,0,0.0
0,0,3,22.731902134399117,Suburban,0,Web,0,0,0.0
0,1,12,134.94436603970033,Suburban,1,Web,1,0,0.0
0,0,5,37.58623916165144,Rural,0,Web,0,0,0.0
1,0,1,1057.1547678386517,Rural,0,Web,1,1,39.872832463819975
1,0,3,50.38231810878323,Suburban,0,Web,0,0,0.0
1,0,4,217.47263035956564,Rural,1,Web,0,0,0.0
1,0,10,179.8931740904678,Suburban,0,Web,0,0,0.0
0,0,11,12.755810122808446,Urban,0,Web,0,0,0.0
0,0,11,80.84839254022224,Urban,0,Web,0,0,0.0
0,1,1,51.56174720547812,Suburban,0,Multichannel,0,0,0.0
0,0,1,64.17299246265546,Suburban,0,Multichannel,1,0,0.0
0,0,5,557.3493613950527,Suburban,0,Multichannel,0,0,0.0
0,0,6,412.4145386066645,Urban,1,Web,0,0,0.0
0,0,3,1753.541651026381,Suburban,0,Multichannel,0,0,0.0
1,0,3,201.79361617733497,Suburban,0,Multichannel,0,0,0.0
1,0,11,285.79171590099224,Urban,0,Web,0,0,0.0
1,0,12,959.1681255216288,Urban,1,Multichannel,1,0,0.0
0,0,10,398.93236287445313,Suburban,0,Web,0,0,0.0
0,1,2,824.2081327750319,Rural,0,Web,0,0,0.0
0,1,3,95.76205880118717,Urban,0,Web,0,0,0.0
0,0,1,15.52722048209571,Suburban,1,Web,0,0,0.0
0,1,11,104.05711997290643,Suburban,1,Phone,0,0,0.0
1,0,11,23.691003028859534,Suburban,0,Web,0,0,0.0
0,0,8,593.5251740060315,Suburban,1,Multichannel,0,0,0.0
0,1,2,146.87635977619357,Urban,0,Web,1,1,77.34752289061788
0,1,10,119.20988103559795,Rural,1,Web,0,0,0.0
0,0,11,375.4509011756016,Suburban,1,Web,0,0,0.0
0,0,12,84.82828169948016,Urban,0,Web,0,0,0.0
1,0,4,86.79747391100865,Rural,0,Web,0,0,0.0
1,0,4,1205.219040392829,Suburban,0,Multichannel,0,0,0.0
0,0,3,80.7199416003977,Suburban,0,Web,0,0,0.0
0,1,11,89.89333178254705,Urban,1,Multichannel,0,0,0.0
1,0,4,26.762119607163303,Rural,0,Web,1,0,0.0
1,0,12,317.8245981239065,Urban,0,Web,0,0,0.0
1,0,11,520.1529298239712,Urban,1,Multichannel,0,0,0.0
0,0,11,65.45356103206069,Suburban,0,Phone,0,0,0.0
0,1,12,390.20007967964995,Suburban,0,Web,0,0,0.0
0,1,5,1230.9880855268707,Urban,0,Web,0,0,0.0
1,0,2,55.60802116825286,Suburban,0,Multichannel,0,0,0.0
0,1,8,603.4099365159956,Suburban,0,Phone,0,0,0.0
0,0,10,1004.975311153087,Suburban,0,Web,1,0,0.0
0,0,10,38.9279108662593,Urban,1,Multichannel,1,0,0.0
0,1,6,17.940120651774993,Suburban,0,Multichannel,0,0,0.0
1,0,2,158.8925299128813,Urban,0,Web,0,0,0.0
0,0,8,89.80197527854682,Suburban,0,Multichannel,1,0,0.0
0,0,8,277.94390534951646,Suburban,1,Web,0,0,0.0
0,0,2,22.669892386854425,Suburban,0,Phone,0,0,0.0
0,1,1,271.2924136635384,Suburban,0,Multichannel,0,0,0.0
1,0,3,40.19329611460994,Suburban,0,Web,0,0,0.0
0,0,5,104.02453644453952,Suburban,0,Phone,0,0,0.0
0,0,1,65.46978335289194,Urban,1,Multichannel,0,0,0.0
0,0,5,142.9855905910493,Urban,0,Multichannel,0,0,0.0
1,0,1,374.4576582148351,Suburban,1,Web,0,0,0.0
0,1,1,19.881685808940844,Suburban,0,Multichannel,0,0,0.0
0,1,1,142.4790057455718,Suburban,0,Phone,0,0,0.0
1,0,12,119.16621782527079,Urban,0,Phone,0,0,0.0
0,1,12,303.28597400950304,Suburban,0,Multichannel,0,0,0.0
0,0,1,441.6028823501752,Urban,0,Multichannel,0,0,0.0
0,1,11,338.593673311862,Urban,1,Phone,1,0,0.0
1,0,2,56.58263168478382,Rural,0,Multichannel,0,0,0.0
1,0,12,1648.6504637896173,Urban,0,Web,0,0,0.0
1,0,1,46.85666089305926,Urban,0,Multichannel,1,1,35.11382638165664
0,1,8,43.97745860939253,Suburban,0,Multichannel,1,1,22.93530520778298
0,1,3,180.31015069985673,Rural,1,Multichannel,0,0,0.0
1,0,12,70.58618338423126,Urban,0,Web,0,0,0.0
0,1,2,98.304656399381,Suburban,0,Phone,0,0,0.0
0,0,4,45.32858078745927,Rural,0,Phone,0,0,0.0
0,0,2,1252.3756093037969,Rural,0,Web,1,0,0.0
1,0,7,53.7829890496582,Suburban,0,Phone,0,0,0.0
0,0,1,94.08345614104944,Urban,0,Multichannel,0,0,0.0
0,1,6,56.07933793166054,Suburban,0,Web,0,0,0.0
1,0,11,356.1788183609637,Rural,0,Web,0,0,0.0
1,0,12,220.32190515432316,Suburban,1,Phone,1,0,0.0
0,0,9,219.20911450664804,Suburban,0,Web,1,1,39.182038774388985
0,0,7,3784.094468933093,Urban,1,Phone,0,0,0.0
0,0,2,134.39343658697535,Suburban,0,Phone,0,0,0.0
1,0,6,82.22363443864909,Urban,0,Multichannel,0,0,0.0
1,0,1,313.7067086860162,Urban,1,Web,0,0,0.0
0,0,4,516.923291379561,Rural,0,Web,1,0,0.0
0,0,4,453.1329212673105,Urban,0,Web,0,0,0.0
0,0,12,192.62812454402888,Urban,0,Web,0,0,0.0
0,0,3,110.1167699956959,Rural,0,Multichannel,1,1,37.85253208063487
0,0,3,19.030251142114363,Suburban,1,Web,0,0,0.0
0,0,4,304.49588517261986,Suburban,1,Web,0,0,0.0
0,1,5,74.39177563418625,Suburban,0,Web,1,0,0.0
0,1,7,260.46995157731226,Suburban,0,Multichannel,0,0,0.0
0,1,11,651.1903503587309,Suburban,1,Web,1,0,0.0
1,0,6,92.16539524175704,Urban,0,Multichannel,0,0,0.0
1,0,8,98.94574671230274,Suburban,0,Web,1,0,0.0
0,0,9,51.70110445320596,Suburban,0,Multichannel,0,0,0.0
0,0,11,41.48265811832101,Urban,0,Phone,0,0,0.0
0,1,11,2202.8573260376734,Rural,0,Multichannel,0,0,0.0
1,0,7,532.1512548987258,Rural,0,Web,0,0,0.0
0,1,5,32.89287368204777,Urban,0,Web,0,0,0.0
0,0,2,218.69424781393906,Rural,0,Web,0,0,0.0
0,1,7,82.39500301958311,Urban,0,Web,0,0,0.0
1,0,12,42.63538074931962,Rural,0,Multichannel,0,0,0.0
0,1,6,10.844740549041951,Urban,0,Multichannel,0,0,0.0
1,0,3,366.8158168810148,Suburban,0,Web,1,0,0.0
0,0,2,173.46996146060425,Urban,1,Phone,0,0,0.0
0,0,9,361.86300894349137,Suburban,0,Multichannel,0,0,0.0
1,0,1,102.89609859573835,Suburban,0,Phone,1,0,0.0
0,0,10,133.69129212692403,Urban,0,Multichannel,0,0,0.0
0,1,4,107.78099590381039,Rural,1,Web,0,0,0.0
1,0,12,155.80645491176074,Urban,0,Web,1,0,0.0
1,0,9,264.9164979012489,Urban,0,Web,1,0,0.0
0,0,11,226.8203800233174,Suburban,0,Web,0,0,0.0
1,0,6,559.3476191198133,Urban,1,Multichannel,0,0,0.0
0,0,7,54.30155761265887,Rural,1,Web,0,0,0.0
0,1,1,72.78266336038445,Suburban,0,Web,0,0,0.0
0,0,5,122.55730153348219,Urban,0,Web,0,0,0.0
0,1,1,53.19641734072773,Urban,0,Phone,0,0,0.0
0,1,1,126.87685407615302,Suburban,1,Web,0,0,0.0
0,1,12,108.45000988226667,Suburban,0,Phone,0,0,0.0
0,0,2,49.985426112872524,Urban,1,Phone,0,0,0.0
0,0,3,210.72872635704334,Suburban,1,Multichannel,0,0,0.0
0,1,1,21.291249079697653,Urban,0,Web,0,0,0.0
0,1,2,19.824544169941976,Suburban,1,Multichannel,0,0,0.0
1,0,12,22.13413337672045,Urban,0,Web,0,0,0.0
1,0,11,205.9397082265164,Urban,0,Web,0,0,0.0
0,1,12,83.24922133379873,Urban,1,Phone,0,0,0.0
0,1,11,48.63712358361435,Urban,0,Web,0,0,0.0
0,0,5,95.90457583580398,Urban,0,Web,0,0,0.0
1,0,5,10.0,Suburban,0,Web,0,0,0.0
1,0,3,103.29799938469743,Urban,0,Web,0,0,0.0
0,0,4,350.0633995908061,Suburban,0,Web,0,0,0.0
0,1,11,39.480722281227735,Suburban,1,Phone,0,0,0.0
1,0,1,59.085746440842186,Suburban,0,Multichannel,0,0,0.0
1,0,6,41.27495677235882,Rural,0,Web,0,0,0.0
1,0,11,92.61242740844999,Rural,0,Web,0,0,0.0
1,0,7,106.41305990414479,Urban,0,Multichannel,0,0,0.0
0,1,1,220.7149095139084,Suburban,1,Phone,1,0,0.0
0,1,6,51.87549746985553,Rural,1,Phone,0,0,0.0
1,0,9,623.2548831584094,Suburban,1,Phone,0,0,0.0
0,1,5,81.13333617396944,Suburban,0,Web,0,0,0.0
0,1,2,103.41367468266452,Suburban,0,Multichannel,1,0,0.0
0,1,12,212.4533471638378,Suburban,0,Multichannel,0,0,0.0
1,0,12,76.59265426469496,Rural,0,Web,0,0,0.0
0,1,4,39.014640846240354,Suburban,0,Phone,0,0,0.0
0,1,5,10.0,Rural,0,Web,1,0,0.0
0,0,10,492.53205277441225,Urban,0,Multichannel,0,0,0.0
0,1,12,57.856071924797185,Urban,0,Web,0,0,0.0
0,1,1,184.29037805863254,Suburban,1,Web,0,0,0.0
0,0,2,56.594798804049496,Rural,0,Multichannel,1,0,0.0
0,1,5,10.507859846776107,Rural,0,Web,0,0,0.0
1,0,2,54.94845279153842,Urban,1,Phone,0,0,0.0
0,1,5,2151.4248962510023,Suburban,0,Phone,0,0,0.0
0,1,5,78.12318949247481,Suburban,0,Phone,0,0,0.0
1,0,7,147.67053639485806,Suburban,0,Multichannel,0,0,0.0
0,1,9,109.85136624481221,Suburban,0,Phone,0,0,0.0
0,1,11,106.76706919884926,Suburban,0,Phone,0,0,0.0
0,1,3,59.351921645549474,Rural,1,Multichannel,0,0,0.0
0,1,3,846.8830137107769,Urban,1,Phone,1,0,0.0
0,1,1,222.72397657884773,Suburban,1,Multichannel,0,0,0.0
1,0,12,215.77889057844337,Suburban,0,Web,0,0,0.0
0,0,6,112.31508852250417,Suburban,0,Multichannel,0,0,0.0
0,0,1,145.43012886944146,Rural,0,Web,0,0,0.0
0,1,1,104.83081632112497,Urban,0,Phone,1,0,0.0
1,0,3,684.8303200177219,Urban,0,Web,0,0,0.0
0,1,11,177.5666635347137,Urban,0,Web,0,0,0.0
0,0,11,315.69406076923264,Suburban,0,Multichannel,0,0,0.0
0,1,1,76.71814229126419,Urban,0,Multichannel,1,1,23.41493003920993
0,0,5,39.07054242519485,Suburban,0,Web,0,0,0.0
0,0,2,117.8425270580139,Suburban,1,Phone,0,0,0.0
1,0,11,95.93172663505499,Suburban,0,Multichannel,0,0,0.0
0,1,11,142.33134859769623,Suburban,0,Multichannel,0,0,0.0
1,0,5,101.96037978842524,Suburban,0,Multichannel,0,0,0.0
0,1,4,255.97047260259816,Suburban,0,Multichannel,0,0,0.0
1,0,2,172.81824691664775,Suburban,0,Web,0,0,0.0
0,0,10,517.1683127072519,Suburban,0,Multichannel,0,0,0.0
0,0,3,753.7225064418107,Urban,0,Web,1,1,18.988722594359185
0,0,6,31.216411605049554,Urban,0,Phone,0,0,0.0
0,0,1,85.49397712664455,Urban,1,Phone,0,0,0.0
1,0,1,367.0836734863968,Suburban,0,Web,0,0,0.0
0,0,6,101.59319582714193,Urban,1,Web,0,0,0.0
0,0,11,1032.5931820317815,Suburban,0,Web,0,0,0.0
0,1,8,22.28915151868947,Suburban,0,Phone,1,0,0.0
0,0,11,595.0578687830616,Suburban,0,Web,0,0,0.0
0,1,5,14.598591015161219,Suburban,0,Multichannel,1,0,0.0
0,0,12,195.50659328940048,Suburban,0,Phone,0,0,0.0
0,0,7,10.0,Urban,1,Phone,0,0,0.0
0,0,4,47.3452186076782,Urban,0,Multichannel,1,0,0.0
0,0,5,491.3214959921852,Suburban,1,Phone,0,0,0.0
0,0,12,710.8783169513588,Suburban,0,Phone,0,0,0.0
1,0,4,70.64202960326169,Suburban,0,Multichannel,0,0,0.0
0,1,3,93.9740466009112,Urban,0,Web,0,0,0.0
0,0,4,218.52962240038576,Rural,0,Web,0,0,0.0
0,1,8,448.8773145596014,Urban,0,Multichannel,0,0,0.0
1,0,12,103.48413871710085,Suburban,1,Multichannel,0,0,0.0
0,1,8,306.3736400194365,Suburban,0,Multichannel,0,0,0.0
0,1,1,40.547090052537946,Suburban,0,Web,0,0,0.0
0,1,12,466.18321288884346,Suburban,1,Web,1,1,152.3057081693624
1,0,12,96.04262360232177,Suburban,0,Web,0,0,0.0
0,0,11,319.74879694890427,Suburban,0,Web,0,0,0.0
1,0,11,461.71856823757406,Urban,0,Multichannel,0,0,0.0
1,0,1,443.3982479223224,Rural,1,Web,0,0,0.0
1,0,12,43.29345878244186,Urban,0,Multichannel,0,0,0.0
0,0,3,35.45115841112941,Suburban,0,Phone,0,0,0.0
0,1,11,92.77162818158554,Suburban,1,Web,0,0,0.0
0,1,2,46.49040172329056,Urban,0,Web,1,0,0.0
1,0,5,211.792043488506,Suburban,1,Web,0,0,0.0
1,0,6,81.87506029260473,Suburban,1,Multichannel,0,0,0.0
0,1,5,515.3518469009908,Suburban,0,Phone,0,0,0.0
1,0,6,234.14944075614108,Rural,0,Web,0,0,0.0
0,1,12,35.339652029526384,Suburban,1,Phone,1,0,0.0
0,0,4,30.34583313553778,Rural,1,Web,0,0,0.0
1,0,11,944.4161732997134,Suburban,0,Web,0,0,0.0
0,1,11,365.2229581864094,Rural,0,Web,1,0,0.0
0,0,12,46.60062254804574,Suburban,0,Multichannel,0,0,0.0
0,0,3,90.44334348544484,Suburban,0,Phone,0,0,0.0
1,0,1,512.3034885399275,Suburban,0,Phone,1,1,89.57951660850375
1,0,2,809.5378486936335,Urban,1,Multichannel,0,0,0.0
0,1,3,78.18259464658851,Suburban,0,Multichannel,0,0,0.0
0,0,10,138.04752030988365,Rural,0,Web,0,0,0.0
0,1,4,1877.4636716407447,Suburban,0,Web,1,1,13.47923700269549
1,0,12,522.3436925021596,Rural,0,Web,0,0,0.0
0,0,1,932.02119375588,Urban,0,Phone,0,0,0.0
1,0,9,580.7999955894599,Urban,0,Web,0,0,0.0
1,0,9,1802.1720126596558,Suburban,0,Web,0,0,0.0
0,0,2,363.3872551729884,Suburban,0,Multichannel,0,0,0.0
1,0,11,655.82717777377,Suburban,0,Web,1,0,0.0
0,0,6,212.98831758022325,Suburban,0,Multichannel,0,0,0.0
0,0,2,549.9273498583802,Urban,1,Multichannel,0,0,0.0
1,0,1,91.06903628460459,Suburban,0,Web,0,0,0.0
0,1,6,348.42194466887156,Rural,1,Multichannel,0,0,0.0
1,0,11,245.4954261656791,Urban,0,Web,0,0,0.0
0,0,4,191.74737192635547,Suburban,0,Phone,0,0,0.0
1,0,11,146.63634372507806,Rural,1,Phone,0,0,0.0
0,1,9,131.99391022427181,Rural,0,Web,1,0,0.0
0,0,2,29.95150385587035,Suburban,0,Multichannel,0,0,0.0
0,1,1,270.6114944214983,Rural,0,Web,0,0,0.0
0,1,9,337.7126325472752,Suburban,1,Web,0,0,0.0
1,0,12,377.90821025254684,Urban,0,Web,0,0,0.0
1,0,3,2042.0742587786322,Rural,0,Web,0,0,0.0
0,1,1,17.268073132260053,Rural,0,Multichannel,0,0,0.0
1,0,4,94.57143261605108,Rural,0,Multichannel,0,0,0.0
0,0,3,198.6036031398475,Suburban,0,Web,0,0,0.0
1,0,8,157.1660881979219,Rural,1,Multichannel,0,0,0.0
1,0,1,83.87030177781912,Urban,0,Multichannel,1,1,54.06009544716331
0,1,4,111.92072192276392,Suburban,0,Web,1,1,67.0252918020326
0,0,1,377.345174410971,Suburban,0,Phone,1,0,0.0
0,1,11,18.05002783371061,Urban,0,Web,1,0,0.0
0,1,4,1427.2932943772087,Suburban,0,Web,0,0,0.0
0,0,2,98.46240458957591,Suburban,1,Multichannel,0,0,0.0
1,0,8,214.63563262286266,Suburban,0,Multichannel,0,0,0.0
0,1,5,187.631149656444,Suburban,0,Multichannel,0,0,0.0
0,0,1,286.0033969404901,Rural,0,Web,0,0,0.0
0,0,2,190.63181355981027,Rural,1,Multichannel,0,0,0.0
0,1,5,429.81575281672957,Suburban,0,Web,0,0,0.0
1,0,11,694.3022945719924,Rural,0,Multichannel,0,0,0.0
1,0,3,205.3348315228245,Rural,0,Multichannel,1,0,0.0
1,0,12,47.98039228296735,Urban,0,Web,0,0,0.0
0,1,1,34.32581898133083,Suburban,0,Multichannel,1,0,0.0
0,0,2,136.2119687418765,Suburban,0,Web,0,0,0.0
1,0,6,45.3965111731005,Suburban,0,Phone,1,0,0.0
0,1,5,164.57023452554031,Suburban,0,Web,0,0,0.0
1,0,2,1874.8230047464237,Suburban,0,Web,0,0,0.0
0,1,9,869.8723191519178,Rural,0,Multichannel,1,0,0.0
0,0,2,469.01978215228746,Suburban,0,Phone,1,0,0.0
0,0,9,174.8695528840837,Suburban,0,Web,0,0,0.0
0,0,11,32.99557102233465,Urban,0,Web,0,0,0.0
0,0,3,416.3941958226701,Urban,0,Web,1,0,0.0
1,0,7,425.2268685088074,Rural,0,Multichannel,1,1,41.30282953156421
0,1,4,284.4191521261403,Urban,1,Web,0,0,0.0
0,0,2,42.99676665861017,Suburban,0,Web,0,0,0.0
1,0,2,627.0806869303168,Suburban,0,Web,0,0,0.0
0,1,1,302.39145704121194,Rural,0,Multichannel,1,1,46.37868754032419
0,0,1,143.61759365536085,Urban,0,Web,1,0,0.0
1,0,7,265.06233927027483,Suburban,0,Multichannel,0,0,0.0
1,0,12,216.0200589108088,Rural,0,Web,0,0,0.0
0,1,12,83.63393248621492,Rural,0,Web,0,0,0.0
0,1,6,147.59084330422218,Rural,0,Phone,1,1,59.48642352515534
1,0,11,90.72168127693936,Rural,0,Phone,0,0,0.0
0,1,1,19.901655350867994,Suburban,0,Multichannel,0,0,0.0
0,0,5,335.95648029078325,Suburban,1,Multichannel,0,0,0.0
0,1,11,901.7090617206314,Rural,0,Web,0,0,0.0
0,0,12,127.00749788520253,Suburban,0,Multichannel,0,0,0.0
0,0,7,604.0951331392408,Rural,0,Multichannel,0,0,0.0
0,1,11,124.2198739517651,Urban,0,Multichannel,0,0,0.0
1,0,1,142.11996105625596,Suburban,0,Phone,0,0,0.0
0,1,3,105.65834923340589,Suburban,1,Web,0,0,0.0
1,0,12,156.0737652524416,Suburban,0,Web,0,0,0.0
0,1,11,132.73486949608895,Suburban,0,Phone,0,0,0.0
0,0,1,128.9935736508104,Suburban,0,Web,0,0,0.0
0,0,12,111.79967198674866,Suburban,1,Web,0,0,0.0
0,1,7,98.21020807869142,Suburban,0,Web,1,0,0.0
1,0,9,529.9918680918036,Rural,0,Web,0,0,0.0
1,0,11,19.54825047832831,Rural,0,Web,1,0,0.0
1,0,6,1008.5240099075851,Urban,1,Multichannel,1,0,0.0
0,0,2,536.4836496687004,Urban,0,Multichannel,0,0,0.0
1,0,11,337.61720455149265,Rural,0,Multichannel,0,0,0.0
0,0,4,21.434343113907275,Urban,1,Phone,0,0,0.0
0,1,12,75.94085299647634,Urban,1,Multichannel,0,0,0.0
0,1,2,5000.0,Suburban,0,Web,0,0,0.0
1,0,1,373.0875064218871,Suburban,0,Multichannel,0,0,0.0
0,0,1,14.415320836069945,Urban,0,Multichannel,0,0,0.0
0,0,7,80.82041807639581,Suburban,0,Multichannel,1,0,0.0
0,1,5,73.85483429320476,Suburban,0,Multichannel,0,0,0.0
0,0,6,667.473130461782,Suburban,0,Multichannel,0,0,0.0
0,1,6,303.17384481956725,Suburban,0,Phone,0,0,0.0
0,1,11,95.5265067467375,Rural,0,Web,1,1,21.58930152962667
1,0,7,962.8963004371757,Rural,0,Web,0,0,0.0
0,1,3,46.10836155685798,Suburban,0,Multichannel,1,0,0.0
0,0,2,231.84510563368295,Suburban,0,Web,0,0,0.0
0,1,4,884.4782868191355,Suburban,0,Multichannel,1,1,110.17698364084306
1,0,2,80.01735565276189,Suburban,1,Phone,0,0,0.0
0,0,3,121.4628069568529,Suburban,1,Web,0,0,0.0
0,1,5,364.06241251697236,Suburban,0,Web,0,0,0.0
1,0,4,1048.513350100349,Urban,0,Multichannel,1,0,0.0
0,1,1,13.764524035733178,Urban,0,Web,0,0,0.0
0,1,3,46.491614169490724,Rural,0,Phone,0,0,0.0
0,1,6,29.02892483390666,Rural,0,Phone,0,0,0.0
0,0,9,134.84897577683944,Urban,0,Web,0,0,0.0
0,0,1,112.36839324065893,Rural,0,Web,0,0,0.0
0,0,2,117.6799023153537,Urban,0,Multichannel,0,0,0.0
0,1,8,158.87697755128013,Suburban,1,Phone,0,0,0.0
0,0,7,598.7167094157577,Suburban,1,Web,0,0,0.0
0,1,12,171.58488728571754,Urban,0,Multichannel,0,0,0.0
1,0,5,63.03835559993606,Urban,0,Multichannel,0,0,0.0
0,1,11,321.06543679499407,Suburban,0,Web,0,0,0.0
0,1,2,5000.0,Suburban,0,Phone,0,0,0.0
0,1,11,125.80216329971732,Urban,0,Web,0,0,0.0
1,0,12,70.14338329405113,Urban,0,Web,0,0,0.0
0,1,4,1859.602027445107,Suburban,0,Web,0,0,0.0
0,1,5,143.43449996322184,Urban,0,Multichannel,0,0,0.0
1,0,4,10.0,Urban,0,Web,0,0,0.0
0,0,8,76.95393828071265,Rural,1,Web,0,0,0.0
0,0,3,163.09217662309598,Suburban,1,Web,0,0,0.0
0,1,4,621.6810501439353,Suburban,0,Multichannel,0,0,0.0
0,1,9,106.60760128706634,Suburban,1,Phone,0,0,0.0
1,0,2,357.79805691221355,Rural,0,Web,0,0,0.0
0,0,9,246.76989302161167,Rural,0,Web,0,0,0.0
0,0,5,14.58034209784375,Rural,0,Phone,1,0,0.0
1,0,11,90.51610566056904,Urban,1,Web,1,0,0.0
1,0,1,171.830034004726,Suburban,0,Web,0,0,0.0
0,1,1,26.026069438469616,Suburban,0,Multichannel,0,0,0.0
0,1,12,37.08702035844759,Rural,0,Multichannel,0,0,0.0
1,0,4,25.06889852594363,Suburban,1,Phone,0,0,0.0
1,0,2,30.864542991575103,Suburban,0,Web,0,0,0.0
0,0,2,10.0,Suburban,0,Web,1,0,0.0
0,0,1,340.8120365519719,Suburban,0,Web,0,0,0.0
0,0,3,35.158693503206706,Suburban,0,Web,0,0,0.0
0,0,1,322.17529892755084,Suburban,0,Phone,1,0,0.0
1,0,12,231.9810139623433,Suburban,0,Multichannel,0,0,0.0
1,0,10,45.9260561634101,Urban,1,Web,1,0,0.0
0,1,12,1270.1116753704127,Suburban,0,Web,0,0,0.0
0,0,7,21.239758913313143,Urban,0,Phone,0,0,0.0
0,0,1,276.64206564835223,Rural,0,Web,0,0,0.0
1,0,4,646.8083920546221,Rural,0,Web,0,0,0.0
0,0,11,82.47953109353617,Rural,0,Web,0,0,0.0
1,0,9,73.66329470192696,Rural,0,Web,0,0,0.0
0,1,10,145.58547751618323,Rural,0,Multichannel,1,1,21.013294400942197
0,0,6,152.6825846000193,Suburban,0,Web,0,0,0.0
0,0,2,109.16175088555305,Suburban,1,Web,0,0,0.0
0,0,6,31.113702484371853,Urban,0,Multichannel,0,0,0.0
0,1,7,129.2018208182532,Suburban,0,Web,0,0,0.0
0,1,1,83.7162825019706,Suburban,0,Multichannel,0,0,0.0
0,1,7,419.1512080246417,Suburban,0,Phone,0,0,0.0
0,1,12,378.06165709842367,Suburban,0,Multichannel,0,0,0.0
0,0,12,118.97547975889493,Urban,0,Web,0,0,0.0
0,1,7,136.70009438048018,Rural,0,Phone,0,0,0.0
1,0,2,10.0,Suburban,0,Multichannel,0,0,0.0
1,0,5,476.89019584496094,Suburban,1,Multichannel,0,0,0.0
0,1,9,271.2995614708204,Suburban,1,Web,0,0,0.0
0,1,12,203.46914779525565,Urban,0,Web,0,0,0.0
0,0,7,2096.02062684381,Rural,0,Multichannel,0,0,0.0
0,1,4,33.52042753617765,Suburban,1,Web,0,0,0.0
0,0,12,14.895845510931094,Suburban,0,Web,0,0,0.0
0,0,5,88.56135756990753,Suburban,0,Phone,1,0,0.0
0,1,3,97.21579603675225,Suburban,0,Multichannel,1,1,56.01081123068969
0,1,1,10.451008429983164,Rural,0,Web,0,0,0.0
0,1,2,20.16991545359062,Suburban,0,Web,0,0,0.0
0,0,8,10.0,Urban,0,Multichannel,0,0,0.0
0,1,8,497.6104528324487,Suburban,0,Web,0,0,0.0
1,0,11,46.16575511305492,Suburban,0,Web,0,0,0.0
0,0,6,102.77992556144136,Suburban,0,Multichannel,0,0,0.0
1,0,11,20.64306416037714,Suburban,0,Web,0,0,0.0
1,0,11,47.853211333553986,Urban,1,Web,1,0,0.0
0,0,2,33.33476878520122,Suburban,0,Web,0,0,0.0
1,0,1,1505.319514760494,Suburban,1,Phone,0,0,0.0
0,0,2,676.9131844088505,Rural,0,Web,0,0,0.0
1,0,4,138.86336891531332,Rural,0,Multichannel,0,0,0.0
1,0,1,182.64639220482508,Suburban,0,Phone,1,1,18.241791388378928
0,0,2,52.33397289309476,Suburban,0,Web,0,0,0.0
1,0,11,36.16020077880937,Suburban,0,Web,0,0,0.0
0,1,4,61.380006786658576,Urban,0,Web,0,0,0.0
0,0,7,242.9274804686515,Rural,0,Multichannel,0,0,0.0
0,0,6,43.058238567741874,Suburban,0,Web,0,0,0.0
0,0,4,147.97263836462986,Suburban,0,Multichannel,1,1,131.72362591318677
0,0,3,52.82664866632375,Urban,0,Web,1,1,59.99565216802589
0,1,2,82.83720086400902,Suburban,0,Web,0,0,0.0
0,1,1,90.83206735284057,Rural,0,Web,0,0,0.0
1,0,6,57.729897310262636,Rural,0,Multichannel,0,0,0.0
0,1,4,154.87526726572852,Rural,0,Multichannel,1,0,0.0
0,1,6,223.5120861028563,Rural,0,Web,0,0,0.0
0,1,12,130.34672904907,Suburban,1,Multichannel,0,0,0.0
1,0,2,129.59876299772685,Suburban,0,Phone,0,0,0.0
0,0,5,95.29391533849854,Urban,0,Web,0,0,0.0
0,1,1,514.1452563807887,Urban,0,Web,0,0,0.0
0,1,6,47.277811936168646,Suburban,0,Web,0,0,0.0
0,1,8,314.50947946992017,Urban,0,Web,0,0,0.0
0,0,2,59.42739330984589,Urban,0,Phone,0,0,0.0
0,0,3,193.5066638193407,Rural,0,Web,0,0,0.0
1,0,4,386.85709840210893,Suburban,0,Web,0,0,0.0
0,1,5,413.1172615349443,Suburban,0,Phone,0,0,0.0
1,0,2,66.11345114419036,Urban,0,Multichannel,0,0,0.0
0,1,1,1371.3710473381714,Rural,0,Multichannel,0,0,0.0
0,0,11,20.132857072706237,Suburban,0,Web,0,0,0.0
1,0,12,435.2569873225188,Urban,1,Multichannel,0,0,0.0
0,1,1,898.894475391109,Urban,0,Multichannel,0,0,0.0
0,1,9,84.0084412041144,Rural,0,Phone,0,0,0.0
1,0,4,33.388795683880254,Rural,0,Web,0,0,0.0
1,0,4,1345.5497593903303,Suburban,0,Phone,0,0,0.0
0,1,5,1146.141868719062,Suburban,0,Multichannel,1,0,0.0
1,0,2,29.24187837186638,Suburban,0,Multichannel,0,0,0.0
0,0,9,37.06971348816573,Urban,1,Web,1,0,0.0
1,0,9,224.81621317125,Urban,0,Web,1,0,0.0
1,0,1,88.32244025612064,Urban,0,Web,1,0,0.0
0,1,8,929.0647771839306,Rural,0,Web,1,0,0.0
0,0,1,16.356455789970298,Suburban,0,Multichannel,0,0,0.0
1,0,9,52.3272952384995,Rural,0,Web,1,0,0.0
0,0,7,30.662110493175252,Suburban,0,Phone,0,0,0.0
1,0,1,37.82017910900979,Suburban,0,Web,0,0,0.0
0,1,11,13.633464700654796,Urban,0,Web,0,0,0.0
1,0,2,115.78620973716387,Suburban,0,Web,0,0,0.0
1,0,2,184.7903606984867,Urban,0,Web,0,0,0.0
1,0,11,180.0442339914377,Suburban,0,Web,0,0,0.0
0,0,1,650.4907217577484,Urban,0,Multichannel,0,0,0.0
0,1,6,457.58267170917503,Suburban,0,Web,1,0,0.0
0,0,11,25.378295247418652,Urban,0,Web,0,0,0.0
1,0,1,115.21622767403244,Rural,0,Multichannel,0,0,0.0
0,1,2,184.78057349517172,Rural,1,Multichannel,1,1,12.592014304680877
0,1,1,62.03837199715331,Suburban,0,Phone,0,0,0.0
1,0,1,139.9524831449958,Rural,0,Phone,0,0,0.0
1,0,4,59.720082850859,Suburban,0,Web,1,0,0.0
1,0,7,47.55773522312508,Urban,0,Web,0,0,0.0
1,0,8,186.08606405495837,Suburban,1,Web,0,0,0.0
0,1,7,86.43379585482381,Rural,1,Multichannel,0,0,0.0
0,0,10,503.42458179570826,Suburban,1,Web,0,0,0.0
1,0,10,257.5438142161044,Urban,0,Web,0,0,0.0
1,0,1,154.73144593197227,Urban,0,Multichannel,0,0,0.0
0,1,2,354.38335969299123,Suburban,1,Multichannel,1,0,0.0
1,0,3,10.471072021028165,Suburban,0,Multichannel,0,0,0.0
1,0,2,35.144306516951644,Urban,0,Web,0,0,0.0
0,1,11,78.30729099664707,Suburban,1,Multichannel,0,0,0.0
0,1,11,2213.809776119455,Urban,1,Web,0,0,0.0
0,0,5,465.7862741385379,Suburban,0,Web,0,0,0.0
1,0,11,179.34833055039132,Suburban,0,Multichannel,0,0,0.0
0,0,1,70.87970044258199,Suburban,0,Multichannel,0,0,0.0
1,0,4,64.34141024489196,Suburban,0,Multichannel,0,0,0.0
0,1,12,307.7737418393378,Urban,0,Web,0,0,0.0
1,0,2,67.22761714384906,Urban,1,Phone,0,0,0.0
1,0,9,295.039178194266,Urban,0,Multichannel,0,0,0.0
0,0,5,303.9813973777263,Rural,0,Phone,1,0,0.0
0,1,12,41.96356449926128,Suburban,1,Web,0,0,0.0
0,1,9,147.86480187438443,Urban,0,Multichannel,0,0,0.0
0,0,10,185.74511578034827,Urban,0,Multichannel,0,0,0.0
1,0,5,65.47127702129224,Urban,0,Multichannel,0,0,0.0
0,0,12,52.8831150841945,Urban,0,Multichannel,0,0,0.0
0,1,2,256.286088058378,Urban,1,Phone,0,0,0.0
0,0,2,10.0,Urban,0,Multichannel,0,0,0.0
0,0,4,510.1982418525706,Urban,0,Multichannel,0,0,0.0
1,0,5,104.03774705089926,Urban,0,Web,0,0,0.0
1,0,2,22.604735508784067,Suburban,1,Web,1,0,0.0
1,0,3,123.86233110733637,Suburban,1,Web,0,0,0.0
0,0,2,258.5743791779882,Rural,0,Web,0,0,0.0
0,0,1,104.7358483392307,Suburban,0,Phone,0,0,0.0
0,0,3,76.66367434959074,Suburban,1,Web,1,0,0.0
1,0,1,402.0446805565327,Suburban,0,Web,0,0,0.0
1,0,2,64.17086614015759,Suburban,1,Multichannel,0,0,0.0
0,1,10,1486.8088411028752,Suburban,0,Multichannel,0,0,0.0
0,1,8,26.172997072481863,Rural,0,Web,0,0,0.0
1,0,1,260.2816452227623,Urban,0,Web,0,0,0.0
0,1,1,281.0111781546184,Urban,1,Web,0,0,0.0
1,0,1,337.42902466674093,Rural,0,Phone,1,1,73.52735155992369
0,1,12,231.7615382252465,Rural,0,Web,0,0,0.0
0,0,3,11.960746715158812,Suburban,0,Phone,0,0,0.0
0,1,1,30.758989694615245,Urban,0,Web,0,0,0.0
1,0,8,324.66752863103096,Urban,0,Web,1,0,0.0
1,0,3,265.48958538686804,Suburban,0,Multichannel,0,0,0.0
0,1,6,161.9381285525289,Urban,1,Web,0,0,0.0
0,0,9,90.47956551632926,Suburban,0,Web,0,0,0.0
0,1,10,681.3408435304307,Urban,0,Multichannel,0,0,0.0
0,0,9,291.25755466976824,Urban,0,Web,0,0,0.0
0,0,3,356.46450119991323,Suburban,0,Multichannel,0,0,0.0
0,0,8,522.5835392420591,Urban,1,Web,1,0,0.0
0,0,6,26.00152115758196,Suburban,0,Web,0,0,0.0
0,0,12,321.923252162185,Suburban,1,Multichannel,0,0,0.0
0,1,10,977.4565469675808,Urban,0,Web,0,0,0.0
0,0,7,119.00214527323479,Urban,1,Web,0,0,0.0
1,0,7,110.94928304431969,Rural,1,Multichannel,0,0,0.0
0,1,3,242.31445655945313,Urban,0,Multichannel,0,0,0.0
0,1,6,70.12346080979422,Suburban,0,Web,0,0,0.0
1,0,1,157.290369482021,Suburban,0,Multichannel,0,0,0.0
0,0,7,45.59613918408977,Urban,0,Phone,0,0,0.0
1,0,2,40.4159727457991,Suburban,0,Phone,1,0,0.0
0,1,2,335.84167728697315,Rural,1,Multichannel,0,0,0.0
1,0,11,518.463288737747,Suburban,0,Multichannel,0,0,0.0
0,1,5,440.3878148908079,Urban,1,Multichannel,1,0,0.0
1,0,2,63.433310213369175,Suburban,0,Web,1,0,0.0
1,0,1,149.31945555359883,Urban,1,Phone,1,0,0.0
0,1,4,238.03629228575534,Rural,1,Web,1,0,0.0
0,1,10,232.22888641436515,Suburban,1,Multichannel,0,0,0.0
0,1,4,42.22795122653113,Rural,1,Web,1,1,15.805034928139083
0,1,4,104.43275953135563,Rural,1,Web,0,0,0.0
1,0,3,141.7416677677722,Suburban,0,Web,0,0,0.0
0,1,5,38.745060246785854,Suburban,0,Web,0,0,0.0
0,0,8,144.49510657994756,Suburban,0,Web,0,0,0.0
0,1,3,56.35245969309392,Urban,0,Phone,0,0,0.0
0,1,1,291.0029233498232,Urban,0,Web,0,0,0.0
0,1,1,390.00887161282196,Urban,0,Web,0,0,0.0
1,0,5,352.0920395483805,Rural,0,Web,1,1,55.14929335116375
1,0,5,280.4935775065973,Suburban,0,Web,0,0,0.0
0,1,2,10.0,Rural,0,Web,0,0,0.0
1,0,4,135.00209817603383,Rural,0,Multichannel,1,1,59.541969133427784
1,0,11,94.48316607044733,Rural,0,Web,0,0,0.0
1,0,6,100.98977728733372,Suburban,0,Multichannel,1,1,58.762956919190295
0,1,5,240.77111565771077,Rural,0,Web,0,0,0.0
0,1,5,95.89119575129148,Suburban,1,Multichannel,0,0,0.0
0,0,9,333.57557726682137,Urban,0,Web,0,0,0.0
1,0,1,245.91400508539172,Urban,0,Web,1,0,0.0
0,0,1,223.05940506806303,Suburban,1,Web,1,0,0.0
0,0,6,92.69485081940347,Rural,0,Multichannel,0,0,0.0
0,1,12,514.3454940587256,Rural,1,Multichannel,0,0,0.0
1,0,1,327.80544743039985,Suburban,0,Web,0,0,0.0
0,1,4,565.2344699523778,Suburban,0,Web,0,0,0.0
0,1,4,20.453370447183367,Urban,0,Web,0,0,0.0
0,1,2,107.56783147416256,Urban,0,Web,0,0,0.0
0,1,2,156.25457217929383,Suburban,0,Web,0,0,0.0
0,1,9,1015.0982931922688,Suburban,0,Multichannel,0,0,0.0
0,1,12,775.3333943987565,Rural,0,Web,0,0,0.0
1,0,10,240.06912511580114,Suburban,0,Multichannel,1,0,0.0
1,0,3,1197.1655730172965,Urban,0,Web,1,0,0.0
1,0,10,22.43311484902655,Suburban,1,Web,0,0,0.0
1,0,1,162.80833180501318,Suburban,0,Web,0,0,0.0
0,0,7,47.5037086378432,Suburban,0,Multichannel,0,0,0.0
1,0,10,37.62108278874205,Urban,0,Multichannel,0,0,0.0
0,0,1,454.6613918282449,Suburban,0,Web,1,0,0.0
0,0,11,1607.3120081514166,Suburban,0,Phone,0,0,0.0
1,0,6,37.04347661036841,Rural,0,Multichannel,1,0,0.0
0,1,1,122.41114826096239,Rural,0,Multichannel,0,0,0.0
1,0,4,230.62401458333497,Suburban,0,Multichannel,0,0,0.0
1,0,10,724.8778153169632,Suburban,0,Web,0,0,0.0
0,0,11,107.13582300983724,Suburban,0,Web,1,0,0.0
0,1,6,52.99299714066513,Urban,0,Phone,0,0,0.0
0,0,5,148.2237632568336,Suburban,0,Phone,0,0,0.0
0,0,12,27.78532671659693,Urban,0,Web,0,0,0.0
1,0,8,1060.2817502677992,Rural,0,Multichannel,0,0,0.0
0,1,2,304.31376317784316,Urban,1,Web,0,0,0.0
0,0,6,74.98484881502847,Urban,0,Web,0,0,0.0
0,1,1,131.28724117174636,Urban,0,Multichannel,0,0,0.0
1,0,1,132.2781227763968,Urban,0,Multichannel,0,0,0.0
0,1,5,677.4223202174334,Rural,0,Phone,0,0,0.0
0,0,11,158.23289120009366,Urban,0,Multichannel,0,0,0.0
0,0,1,624.89672244653,Rural,1,Web,1,0,0.0
0,1,3,74.73637026056036,Urban,0,Phone,0,0,0.0
0,1,6,119.05716211695491,Suburban,0,Phone,0,0,0.0
0,0,6,510.36292866930637,Urban,0,Phone,0,0,0.0
0,0,4,455.80246763797226,Urban,0,Web,0,0,0.0
1,0,3,132.20592542654467,Suburban,1,Web,0,0,0.0
0,1,12,35.50564934430658,Suburban,0,Multichannel,0,0,0.0
0,1,1,128.58457599898748,Suburban,0,Multichannel,0,0,0.0
1,0,7,24.1023366597554,Suburban,1,Web,0,0,0.0
1,0,10,343.1929540147075,Suburban,0,Web,0,0,0.0
0,0,1,377.0572492461128,Rural,1,Multichannel,0,0,0.0
0,0,2,181.3170820248159,Suburban,1,Web,0,0,0.0
0,0,12,98.56560503464378,Suburban,0,Multichannel,0,0,0.0
1,0,9,41.0847161830503,Suburban,0,Web,0,0,0.0
0,0,7,33.31310691978045,Suburban,1,Web,0,0,0.0
0,0,2,127.59079068772316,Suburban,0,Multichannel,0,0,0.0
0,1,2,43.0843862087007,Suburban,1,Web,1,1,28.071641078750652
1,0,11,829.1070300038441,Suburban,0,Web,0,0,0.0
0,1,6,814.0261999915052,Suburban,0,Web,0,0,0.0
0,0,11,361.5025362073862,Suburban,0,Phone,0,0,0.0
0,0,5,24.837304026378067,Urban,0,Multichannel,0,0,0.0
1,0,3,122.15086731515686,Rural,0,Web,0,0,0.0
0,1,5,37.88657934394493,Urban,1,Web,0,0,0.0
0,0,4,491.3616594857087,Suburban,1,Multichannel,0,0,0.0
0,1,7,233.20620965110254,Urban,0,Web,0,0,0.0
0,0,2,274.6654434470412,Urban,0,Web,0,0,0.0
0,1,3,56.523377990911364,Suburban,0,Multichannel,0,0,0.0
0,0,7,211.93343363334145,Suburban,0,Multichannel,0,0,0.0
0,1,4,81.47590027300225,Urban,0,Web,0,0,0.0
0,0,7,112.33830345971235,Rural,1,Phone,1,0,0.0
0,1,6,461.6649447850521,Rural,0,Multichannel,1,0,0.0
1,0,11,515.3607900836768,Suburban,0,Multichannel,0,0,0.0
0,1,3,618.8948166329983,Urban,0,Phone,0,0,0.0
1,0,9,225.25021135341453,Suburban,0,Web,0,0,0.0
0,0,2,48.32205748671388,Rural,1,Multichannel,1,0,0.0
0,1,2,102.41045026153932,Urban,0,Web,0,0,0.0
1,0,5,405.9707261706054,Suburban,0,Web,0,0,0.0
0,1,6,202.3737149806693,Suburban,0,Multichannel,0,0,0.0
0,0,4,165.44452744625457,Rural,0,Web,0,0,0.0
0,0,8,150.0283903858123,Rural,0,Phone,0,0,0.0
1,0,12,184.1147682797801,Suburban,0,Multichannel,0,0,0.0
0,1,2,129.98132735664922,Suburban,0,Multichannel,0,0,0.0
0,0,1,537.2595316961891,Rural,0,Web,0,0,0.0
0,0,6,55.340551116501686,Suburban,0,Web,0,0,0.0
1,0,2,180.27930552502903,Suburban,0,Multichannel,1,0,0.0
1,0,4,318.4360062824577,Rural,0,Web,0,0,0.0
0,1,4,119.4544472457506,Suburban,0,Multichannel,0,0,0.0
1,0,6,383.74897830022314,Suburban,0,Web,0,0,0.0
0,1,3,42.83733707919046,Suburban,0,Web,1,0,0.0
0,1,1,640.081476585891,Rural,0,Web,0,0,0.0
0,1,1,1082.5256888374536,Suburban,1,Multichannel,0,0,0.0
1,0,3,10.0,Urban,0,Web,0,0,0.0
0,0,5,61.08091360938396,Suburban,0,Web,0,0,0.0
0,0,6,218.56287900662096,Suburban,0,Phone,1,0,0.0
1,0,12,127.45390086461273,Urban,0,Multichannel,0,0,0.0
1,0,4,294.43319037355496,Urban,1,Web,0,0,0.0
0,0,8,65.04724508258941,Urban,1,Phone,0,0,0.0
0,0,6,223.67650622019542,Urban,1,Phone,0,0,0.0
0,1,1,36.493457020984906,Rural,0,Phone,0,0,0.0
0,1,11,406.46154756788917,Suburban,0,Web,0,0,0.0
1,0,5,136.22802914958257,Suburban,0,Web,0,0,0.0
0,0,4,1551.5060551200247,Urban,0,Multichannel,0,0,0.0
0,0,1,498.62377936903323,Rural,1,Web,0,0,0.0
0,0,5,1512.5813445672384,Suburban,1,Web,0,0,0.0
1,0,2,34.30786147862257,Suburban,0,Multichannel,0,0,0.0
0,1,12,88.48701275984607,Suburban,0,Web,1,0,0.0
0,1,7,67.6366060849402,Suburban,0,Multichannel,1,0,0.0
1,0,3,759.3642835052981,Suburban,0,Phone,0,0,0.0
0,1,7,202.48976303772412,Suburban,0,Web,0,0,0.0
0,0,3,900.0123808476988,Rural,0,Web,1,0,0.0
0,0,5,30.6786892371326,Rural,1,Web,1,0,0.0
0,1,2,68.7131772233849,Suburban,1,Web,0,0,0.0
0,1,7,804.1353935777863,Urban,0,Phone,0,0,0.0
0,0,12,362.34725793742297,Rural,0,Web,0,0,0.0
0,0,11,1058.0349142049718,Suburban,0,Web,0,0,0.0
0,0,1,229.45346185072805,Rural,0,Web,0,0,0.0
1,0,10,284.994628171494,Urban,0,Phone,0,0,0.0
0,1,2,358.28440454982933,Suburban,1,Web,0,0,0.0
1,0,12,318.2776785953991,Suburban,0,Multichannel,0,0,0.0
0,1,3,77.12767902473799,Rural,0,Multichannel,0,0,0.0
1,0,6,50.60748753642562,Rural,0,Phone,1,0,0.0
0,1,2,57.912902186426834,Urban,0,Multichannel,0,0,0.0
0,1,2,88.70159592679083,Suburban,0,Phone,1,0,0.0
0,0,2,45.83064762246478,Suburban,0,Web,0,0,0.0
0,1,7,211.35603356174494,Suburban,1,Multichannel,0,0,0.0
0,1,6,20.952081746382518,Suburban,0,Multichannel,1,1,47.14257976861752
0,1,3,22.556383807277225,Urban,0,Web,1,0,0.0
0,0,1,136.1321573332302,Suburban,1,Phone,0,0,0.0
0,1,8,370.5065852259233,Suburban,0,Multichannel,0,0,0.0
0,0,10,90.53703800472489,Suburban,0,Multichannel,0,0,0.0
0,1,5,39.68041752708765,Urban,0,Multichannel,1,0,0.0
0,1,2,519.3527484631325,Suburban,0,Web,0,0,0.0
0,1,8,901.7341783897874,Suburban,0,Web,0,0,0.0
0,1,3,154.23830840204167,Suburban,0,Phone,0,0,0.0
0,0,11,205.76357187797873,Suburban,0,Multichannel,0,0,0.0
0,1,11,1357.3345167804919,Suburban,0,Multichannel,0,0,0.0
0,1,3,163.80151689634255,Suburban,0,Multichannel,0,0,0.0
0,0,4,19.53647070530276,Urban,1,Multichannel,0,0,0.0
1,0,7,157.2666587048521,Suburban,0,Web,1,0,0.0
0,0,11,30.697653444829832,Suburban,0,Web,0,0,0.0
1,0,12,5000.0,Suburban,0,Phone,0,0,0.0
0,0,12,3245.553454671942,Rural,0,Web,0,0,0.0
1,0,3,181.65554586641537,Urban,0,Web,0,0,0.0
0,1,1,847.685553023076,Suburban,0,Phone,0,0,0.0
0,1,1,105.47494928498686,Suburban,1,Web,0,0,0.0
0,0,2,96.36253397864158,Suburban,0,Web,1,0,0.0
0,1,11,39.94654829222289,Suburban,1,Phone,0,0,0.0
1,0,1,551.5871273260225,Suburban,1,Web,0,0,0.0
0,0,6,229.8158256099982,Rural,0,Web,0,0,0.0
0,1,8,194.9720293969092,Rural,0,Phone,0,0,0.0
0,1,4,245.57145863781764,Suburban,0,Web,0,0,0.0
1,0,12,316.45373779571975,Rural,0,Phone,0,0,0.0
1,0,2,212.80273542354067,Rural,0,Web,0,0,0.0
0,0,5,27.84148172027898,Urban,0,Web,0,0,0.0
0,1,1,234.86191329171268,Urban,0,Web,1,1,22.89132279005398
1,0,4,319.9302169268215,Suburban,0,Phone,0,0,0.0
0,1,3,85.98894455031974,Urban,0,Web,0,0,0.0
0,1,11,388.28917286436337,Suburban,1,Multichannel,0,0,0.0
0,1,12,236.56107902066628,Suburban,0,Multichannel,1,0,0.0
0,0,8,68.18983411140299,Urban,0,Web,0,0,0.0
0,0,3,336.38149821242126,Suburban,1,Web,0,0,0.0
1,0,11,459.91743162895534,Suburban,0,Web,0,0,0.0
0,0,2,509.73819087156363,Urban,1,Multichannel,0,0,0.0
1,0,5,636.9860073738286,Rural,0,Multichannel,0,0,0.0
0,1,7,28.047022989385873,Suburban,0,Multichannel,0,0,0.0
0,0,9,57.206200471195004,Suburban,0,Web,0,0,0.0
1,0,11,446.76781771205447,Suburban,1,Web,1,1,45.351233963641825
0,0,7,929.6743182199064,Suburban,0,Multichannel,0,0,0.0
1,0,11,377.47947319213887,Suburban,0,Web,0,0,0.0
0,0,2,738.3549468355066,Suburban,1,Web,0,0,0.0
1,0,5,272.95078209178865,Suburban,0,Web,0,0,0.0
1,0,11,289.64736930114293,Suburban,0,Phone,1,0,0.0
0,1,7,39.96321923602788,Urban,0,Phone,0,0,0.0
1,0,1,763.5345106679515,Urban,0,Multichannel,1,0,0.0
0,0,4,79.9593657919374,Suburban,0,Multichannel,0,0,0.0
0,1,2,74.67404420007794,Urban,1,Web,0,0,0.0
0,1,12,381.81708527208906,Suburban,1,Multichannel,1,0,0.0
0,0,1,47.73618963383799,Urban,0,Web,1,0,0.0
1,0,6,35.72265339759777,Suburban,0,Phone,0,0,0.0
1,0,5,797.3327307809477,Suburban,0,Phone,1,1,23.671341605564244
0,0,11,99.13534077029784,Urban,1,Web,1,0,0.0
1,0,5,130.8993448678889,Suburban,0,Phone,0,0,0.0
1,0,11,423.26640140519515,Suburban,0,Web,0,0,0.0
0,0,3,1110.1718306257228,Rural,0,Web,0,0,0.0
1,0,2,78.91866038514867,Urban,0,Web,0,0,0.0
1,0,3,199.25050846792553,Urban,0,Multichannel,0,0,0.0
0,0,1,155.65435503420633,Suburban,0,Multichannel,0,0,0.0
0,0,3,895.8187484830635,Rural,0,Web,1,0,0.0
1,0,2,28.153549748176832,Urban,0,Web,0,0,0.0
1,0,6,44.29589465609348,Rural,1,Web,0,0,0.0
1,0,2,73.88868821800192,Urban,0,Web,1,1,47.418293846576844
0,1,11,158.19293029137947,Suburban,0,Web,0,0,0.0
0,0,9,105.52073905450733,Urban,0,Phone,0,0,0.0
1,0,12,78.01676502424012,Rural,0,Phone,0,0,0.0
0,0,4,196.727590244961,Suburban,0,Multichannel,0,0,0.0
0,1,4,735.0757570376221,Rural,0,Multichannel,1,1,31.918383916264126
0,0,5,29.085138783094557,Urban,0,Phone,0,0,0.0
1,0,5,591.8705894850278,Urban,1,Web,1,1,13.376068791472457
0,1,3,42.41499919191947,Urban,0,Web,0,0,0.0
1,0,3,83.68022869899035,Suburban,1,Web,1,0,0.0
0,1,11,78.09739743057355,Suburban,0,Web,0,0,0.0
0,1,12,411.9983159348744,Suburban,0,Multichannel,0,0,0.0
0,1,12,63.04887421590314,Suburban,1,Phone,0,0,0.0
0,0,8,155.7157469441728,Suburban,0,Phone,1,0,0.0
1,0,11,39.63928181267598,Urban,0,Web,0,0,0.0
0,1,12,955.1651356634502,Suburban,0,Web,0,0,0.0
0,0,11,906.1117831640687,Rural,0,Web,0,0,0.0
0,0,12,180.05915476585778,Urban,0,Web,1,0,0.0
0,1,10,60.65946084290365,Urban,0,Phone,0,0,0.0
1,0,5,298.571892441559,Suburban,0,Multichannel,0,0,0.0
0,0,7,18.276024135827022,Urban,1,Web,0,0,0.0
0,1,1,38.30638421783405,Urban,0,Phone,0,0,0.0
0,0,1,83.05800124829135,Rural,0,Phone,1,1,33.409286010443104
0,0,1,424.6778647288457,Urban,0,Multichannel,1,0,0.0
1,0,11,243.74722496828863,Urban,0,Web,0,0,0.0
0,1,5,13.158612548949238,Urban,0,Multichannel,0,0,0.0
0,0,10,73.94120882538986,Suburban,0,Phone,0,0,0.0
0,1,6,288.3900852429508,Urban,0,Multichannel,1,0,0.0
1,0,7,12.999051633776764,Suburban,0,Multichannel,0,0,0.0
0,1,1,576.6565303304703,Urban,0,Multichannel,0,0,0.0
0,1,12,49.2249129428739,Urban,1,Multichannel,0,0,0.0
0,1,4,115.94842211150173,Suburban,0,Phone,0,0,0.0
1,0,3,524.6228713989004,Suburban,1,Web,0,0,0.0
1,0,9,134.42389689340828,Urban,0,Web,0,0,0.0
0,0,11,42.83150392245468,Urban,0,Multichannel,0,0,0.0
1,0,2,47.548385799503244,Suburban,0,Web,0,0,0.0
0,1,9,491.42356962395485,Urban,1,Web,0,0,0.0
0,1,2,32.10728954358956,Suburban,0,Web,0,0,0.0
0,0,11,747.2689352322301,Suburban,0,Multichannel,1,0,0.0
0,0,5,1128.3575707450773,Suburban,0,Phone,1,0,0.0
0,0,7,72.35040716852708,Suburban,1,Web,0,0,0.0
1,0,6,136.77087477313577,Suburban,0,Multichannel,0,0,0.0
1,0,2,247.11279950205653,Urban,0,Web,0,0,0.0
0,0,2,70.1027601035379,Urban,1,Multichannel,0,0,0.0
0,1,9,76.0113616426304,Suburban,0,Phone,0,0,0.0
0,1,1,102.17099100739844,Rural,0,Phone,0,0,0.0
0,1,7,585.7254857183774,Rural,0,Phone,0,0,0.0
1,0,5,1225.6039619846736,Suburban,0,Web,0,0,0.0
0,0,6,230.42814492154514,Suburban,0,Web,0,0,0.0
0,1,11,624.7363645712343,Rural,1,Web,1,0,0.0
0,0,5,212.51386953590426,Urban,0,Phone,0,0,0.0
0,1,8,486.1442367179834,Urban,0,Web,0,0,0.0
1,0,9,294.6929072713557,Suburban,0,Web,1,0,0.0
0,0,12,10.0,Suburban,0,Multichannel,0,0,0.0
0,0,8,284.96852574609255,Suburban,1,Multichannel,0,0,0.0
0,0,2,170.08168708836118,Urban,0,Multichannel,0,0,0.0
0,1,8,380.8757310308188,Suburban,1,Web,0,0,0.0
1,0,2,268.0036354938536,Suburban,0,Web,0,0,0.0
0,1,3,142.5465216489748,Suburban,1,Phone,0,0,0.0
0,0,4,98.21207973811345,Urban,0,Web,0,0,0.0
0,0,5,466.392430806518,Suburban,0,Web,0,0,0.0
0,1,11,21.828687670336567,Urban,1,Web,1,0,0.0
0,0,6,176.8351954933657,Suburban,0,Web,0,0,0.0
1,0,2,14.386874051043357,Rural,0,Web,0,0,0.0
0,1,12,44.917658188445586,Suburban,0,Multichannel,0,0,0.0
0,0,4,125.31400240711615,Urban,1,Phone,0,0,0.0
1,0,8,784.9736191609582,Suburban,0,Web,0,0,0.0
0,1,7,359.5713847168043,Urban,0,Web,0,0,0.0
0,0,2,19.427444769125916,Rural,0,Multichannel,0,0,0.0
0,0,4,52.91247862640876,Suburban,0,Web,0,0,0.0
0,0,5,197.17043108106864,Urban,0,Web,0,0,0.0
0,1,12,640.976178932859,Suburban,0,Multichannel,0,0,0.0
0,0,5,365.1697308567688,Rural,0,Phone,0,0,0.0
1,0,4,205.63114129461326,Suburban,1,Web,0,0,0.0
0,1,4,277.80830897945754,Urban,0,Web,0,0,0.0
0,0,2,244.69561468494442,Urban,0,Web,0,0,0.0
1,0,9,200.20664699569795,Urban,0,Multichannel,0,0,0.0
1,0,1,138.1839975791924,Rural,0,Web,0,0,0.0
0,0,7,413.69182749267685,Suburban,0,Web,0,0,0.0
1,0,8,21.82977986012921,Urban,0,Multichannel,0,0,0.0
0,0,12,237.0278920684918,Rural,0,Multichannel,0,0,0.0
1,0,3,361.730674922031,Urban,0,Phone,0,0,0.0
0,0,1,112.98055971253318,Urban,0,Multichannel,0,0,0.0
0,0,2,195.93867346493354,Suburban,0,Multichannel,0,0,0.0
0,1,2,144.4488557866422,Urban,0,Web,0,0,0.0
0,0,3,735.7688537937919,Urban,1,Phone,0,0,0.0
0,0,2,675.6866735882262,Suburban,1,Phone,0,0,0.0
0,1,3,17.58560453955735,Urban,0,Web,1,1,23.204075764307067
0,0,2,735.1799618847341,Suburban,0,Web,0,0,0.0
0,1,5,216.55275733409775,Urban,0,Multichannel,1,0,0.0
0,0,1,204.53323999309032,Urban,1,Web,1,0,0.0
1,0,11,65.53430525447511,Suburban,1,Multichannel,0,0,0.0
0,0,2,470.54610384518264,Suburban,0,Phone,0,0,0.0
0,1,2,28.66085484080643,Suburban,1,Multichannel,0,0,0.0
0,1,4,47.520742913224474,Urban,0,Phone,0,0,0.0
0,0,5,442.03852672443935,Suburban,0,Web,0,0,0.0
0,0,4,225.09666452829103,Urban,0,Multichannel,0,0,0.0
1,0,6,10.0,Urban,0,Multichannel,0,0,0.0
0,0,2,427.88403212036957,Suburban,1,Multichannel,0,0,0.0
0,1,1,452.40293040429054,Suburban,0,Phone,0,0,0.0
0,0,2,80.84001032466905,Suburban,0,Multichannel,1,1,21.409688910034617
1,0,1,13.815395827031862,Urban,0,Multichannel,1,0,0.0
1,0,11,246.44451182287483,Urban,0,Web,0,0,0.0
0,0,10,99.51262181531314,Suburban,0,Web,0,0,0.0
1,0,12,1895.516711897489,Suburban,0,Multichannel,1,1,10.24885995374078
0,1,7,123.53074646359089,Urban,1,Web,0,0,0.0
1,0,1,104.64640986996197,Suburban,1,Multichannel,1,0,0.0
0,0,1,20.370816751087055,Rural,0,Phone,0,0,0.0
0,0,1,210.2441104842576,Urban,0,Web,0,0,0.0
0,0,1,585.7319081621014,Suburban,0,Web,1,1,36.691932302050844
0,1,6,13.628548859446003,Urban,0,Web,0,0,0.0
0,0,1,312.56570921536513,Rural,0,Multichannel,0,0,0.0
1,0,1,238.76117591745864,Suburban,0,Web,1,0,0.0
0,0,12,855.0771556311619,Rural,0,Web,0,0,0.0
0,1,2,1171.269876645272,Suburban,0,Web,0,0,0.0
1,0,4,1088.556145483641,Suburban,0,Web,0,0,0.0
0,1,5,68.9224818112814,Suburban,0,Multichannel,0,0,0.0
1,0,7,345.85857621396957,Rural,0,Web,0,0,0.0
1,0,1,10.593410351967009,Suburban,0,Multichannel,0,0,0.0
0,1,1,65.51751430162868,Suburban,0,Multichannel,0,0,0.0
1,0,3,24.614723754331433,Suburban,0,Phone,0,0,0.0
0,1,2,147.92549511454197,Urban,0,Multichannel,1,0,0.0
0,1,6,192.34708761894504,Urban,0,Web,0,0,0.0
1,0,1,289.32539363372086,Urban,0,Web,0,0,0.0
1,0,12,361.87352828103127,Rural,1,Phone,0,0,0.0
1,0,11,311.3654188463263,Suburban,0,Phone,0,0,0.0
1,0,1,32.216716291236196,Suburban,0,Web,0,0,0.0
1,0,1,32.15322904306462,Suburban,0,Multichannel,0,0,0.0
0,1,5,208.1966067387498,Urban,1,Web,1,0,0.0
0,0,1,193.59595546655012,Urban,0,Multichannel,0,0,0.0
1,0,1,173.86077654552287,Suburban,1,Phone,0,0,0.0
0,1,12,87.37290177979531,Suburban,1,Phone,0,0,0.0
1,0,12,153.6583501623142,Rural,0,Web,0,0,0.0
0,0,3,203.56829439733485,Suburban,0,Phone,0,0,0.0
0,0,1,269.92897524173696,Urban,1,Web,0,0,0.0
1,0,12,1412.630477123422,Suburban,0,Web,0,0,0.0
1,0,1,28.974655135760326,Suburban,0,Multichannel,0,0,0.0
0,0,6,58.39126292871808,Urban,0,Multichannel,0,0,0.0
1,0,7,1041.8047227885108,Rural,0,Web,1,0,0.0
0,0,6,145.03066677791114,Urban,1,Phone,0,0,0.0
0,0,10,11.027210451368394,Suburban,0,Phone,0,0,0.0
0,1,1,176.47554757897458,Suburban,0,Web,0,0,0.0
0,0,4,22.3031617685323,Urban,0,Web,0,0,0.0
0,1,2,66.84049353407924,Urban,0,Phone,1,1,24.368038616802586
0,1,7,25.418213006877895,Suburban,1,Web,0,0,0.0
0,1,11,118.60122525981427,Suburban,0,Web,1,0,0.0
1,0,7,1616.787265570813,Urban,0,Web,0,0,0.0
0,0,2,524.9784556667024,Suburban,0,Multichannel,1,1,10.0
1,0,6,108.3699883178201,Suburban,0,Web,0,0,0.0
0,0,6,168.16500965552945,Suburban,0,Phone,0,0,0.0
0,0,11,304.43649608015784,Suburban,0,Web,0,0,0.0
0,1,10,36.83363636493704,Suburban,0,Web,1,0,0.0
1,0,2,1412.9104298921907,Urban,0,Web,0,0,0.0
1,0,1,472.17592770977933,Suburban,0,Multichannel,0,0,0.0
0,0,11,102.0980372854412,Suburban,0,Web,0,0,0.0
0,1,1,298.9397020667502,Suburban,1,Web,1,0,0.0
0,0,12,33.90000519449362,Suburban,0,Web,1,0,0.0
1,0,4,1977.6634366630049,Rural,0,Phone,0,0,0.0
0,0,11,125.62135393804347,Suburban,0,Multichannel,0,0,0.0
1,0,8,65.79011379093193,Suburban,0,Web,0,0,0.0
0,1,5,281.62098773804547,Suburban,0,Multichannel,0,0,0.0
0,1,8,467.83455737637973,Suburban,0,Phone,0,0,0.0
0,0,11,87.5491520240473,Suburban,1,Phone,0,0,0.0
0,0,12,189.8344840939035,Suburban,0,Web,0,0,0.0
0,0,3,74.66932140058557,Rural,1,Web,0,0,0.0
0,0,2,82.24499209003528,Urban,0,Phone,1,0,0.0
0,1,11,293.64648647386605,Urban,0,Phone,0,0,0.0
0,1,11,99.90200195676472,Suburban,0,Phone,0,0,0.0
0,0,12,32.48222728994101,Urban,0,Web,0,0,0.0
1,0,12,153.62552875921165,Suburban,0,Phone,0,0,0.0
1,0,8,196.21745072200213,Suburban,0,Phone,0,0,0.0
1,0,10,10.0,Urban,1,Web,0,0,0.0
0,0,1,826.345206976407,Urban,0,Multichannel,0,0,0.0
0,0,6,108.86882174682374,Suburban,0,Multichannel,0,0,0.0
0,0,1,54.29961088237923,Urban,0,Web,0,0,0.0
1,0,12,29.64390517083734,Urban,1,Phone,0,0,0.0
0,0,11,1353.4369680595992,Rural,1,Phone,0,0,0.0
0,0,7,629.6182711960448,Rural,0,Web,0,0,0.0
0,0,2,458.9496722534798,Urban,0,Web,0,0,0.0
1,0,1,15.804356636424135,Suburban,0,Multichannel,0,0,0.0
0,1,1,35.792871836724615,Rural,0,Web,0,0,0.0
0,1,4,488.020523371364,Urban,0,Phone,0,0,0.0
1,0,2,1033.0845205865319,Suburban,0,Web,0,0,0.0
1,0,7,211.86905093246955,Suburban,1,Web,0,0,0.0
1,0,6,92.76037855803409,Suburban,0,Multichannel,0,0,0.0
0,0,12,386.2762814586603,Suburban,0,Web,1,0,0.0
0,0,3,375.8659776600139,Urban,0,Web,0,0,0.0
0,1,6,66.88023004248491,Suburban,0,Web,0,0,0.0
0,1,11,162.01689708551967,Suburban,0,Web,0,0,0.0
0,0,1,13.913524362169964,Rural,1,Multichannel,0,0,0.0
0,0,10,208.69069748415342,Suburban,1,Web,0,0,0.0
0,0,11,100.377671011052,Rural,0,Web,0,0,0.0
1,0,5,110.2753499666693,Suburban,1,Multichannel,1,0,0.0
0,1,6,405.9760150003119,Urban,0,Web,0,0,0.0
1,0,7,31.212590758543126,Suburban,0,Web,1,1,10.0
0,0,4,217.37368596640422,Urban,0,Web,1,1,28.6966862895642
1,0,1,301.23271780517774,Urban,0,Phone,0,0,0.0
1,0,11,49.97511023057355,Suburban,1,Multichannel,0,0,0.0
1,0,3,81.32241496387151,Urban,0,Multichannel,1,0,0.0
0,0,2,244.18566562529267,Suburban,0,Multichannel,1,0,0.0
0,0,11,95.58520594484808,Suburban,0,Phone,0,0,0.0
0,0,4,29.279726084356174,Rural,0,Web,0,0,0.0
0,1,3,531.6496962305048,Suburban,0,Phone,0,0,0.0
1,0,3,376.7003841412499,Rural,0,Web,1,0,0.0
0,1,4,52.341961712390734,Suburban,1,Multichannel,0,0,0.0
0,0,2,49.58700499011945,Suburban,0,Phone,0,0,0.0
1,0,3,587.5523526074618,Urban,0,Web,1,1,85.24785763974718
0,0,2,613.5626035438848,Suburban,0,Web,1,1,10.0
1,0,11,1182.0586660622796,Urban,0,Web,0,0,0.0
1,0,4,818.662380071216,Urban,1,Web,0,0,0.0
1,0,5,135.21024869957105,Suburban,0,Multichannel,1,0,0.0
0,1,9,85.78159698967552,Rural,0,Multichannel,1,0,0.0
0,0,7,739.031026561363,Rural,0,Multichannel,1,0,0.0
1,0,3,226.77273548004186,Suburban,0,Web,0,0,0.0
1,0,12,57.18931831997857,Urban,0,Web,0,0,0.0
0,1,3,61.28055712864791,Suburban,0,Multichannel,0,0,0.0
0,1,2,147.11699436417524,Suburban,0,Multichannel,0,0,0.0
0,0,3,67.50574690872865,Urban,0,Web,0,0,0.0
1,0,5,696.9447848337222,Urban,1,Multichannel,1,1,106.49858044741525
0,0,8,391.3700240642319,Suburban,0,Web,0,0,0.0
0,0,11,101.12540465236624,Suburban,0,Web,0,0,0.0
0,0,4,58.95596675675181,Rural,0,Phone,1,0,0.0
0,1,5,371.0336132997234,Suburban,0,Web,0,0,0.0
0,1,6,10.0,Urban,0,Multichannel,0,0,0.0
1,0,5,162.03321705665292,Suburban,0,Multichannel,0,0,0.0
0,0,7,131.2741782046305,Suburban,0,Web,0,0,0.0
0,0,10,566.1027139651072,Suburban,0,Web,0,0,0.0
0,0,1,23.756719613507546,Rural,0,Web,0,0,0.0
1,0,10,316.3602008235491,Urban,0,Web,0,0,0.0
1,0,11,128.08859498378877,Suburban,0,Web,0,0,0.0
1,0,3,57.577803768590094,Urban,0,Web,0,0,0.0
0,1,11,274.80766689961837,Urban,0,Phone,0,0,0.0
0,0,4,146.31942285932845,Suburban,0,Multichannel,0,0,0.0
1,0,11,84.60820275099194,Rural,0,Web,0,0,0.0
1,0,6,174.4444650306138,Suburban,0,Phone,0,0,0.0
1,0,12,120.35369142721606,Urban,0,Phone,0,0,0.0
1,0,7,22.054948384829277,Rural,0,Phone,0,0,0.0
0,0,12,670.5490808507764,Urban,0,Web,0,0,0.0
1,0,5,27.09318509664712,Rural,1,Web,0,0,0.0
0,0,11,83.27233097026043,Suburban,0,Phone,0,0,0.0
1,0,12,639.2942210894289,Urban,1,Web,0,0,0.0
0,1,11,183.99077611360798,Urban,0,Multichannel,0,0,0.0
0,0,1,928.351567829661,Urban,0,Phone,0,0,0.0
0,1,1,90.45814086057037,Rural,0,Phone,0,0,0.0
0,1,3,58.326249441187095,Suburban,0,Web,0,0,0.0
1,0,5,207.40148002748637,Suburban,0,Web,0,0,0.0
0,0,1,178.4610902253131,Suburban,0,Phone,0,0,0.0
1,0,2,102.75511958664359,Suburban,1,Web,0,0,0.0
0,0,7,71.92946316892606,Suburban,0,Phone,0,0,0.0
0,0,5,1182.9825203196858,Suburban,0,Web,1,0,0.0
0,0,1,143.62556045008424,Urban,0,Web,0,0,0.0
1,0,5,183.7841551518267,Suburban,0,Web,0,0,0.0
0,0,7,135.58555900461724,Suburban,0,Web,0,0,0.0
0,0,11,426.2458292816377,Suburban,0,Phone,0,0,0.0
0,1,1,376.39398308471124,Rural,0,Multichannel,0,0,0.0
0,0,4,2088.7754568556047,Suburban,0,Web,0,0,0.0
0,0,6,57.70003621432414,Suburban,0,Phone,0,0,0.0
1,0,4,154.24228483729118,Suburban,0,Web,1,0,0.0
0,1,1,323.44517027180564,Suburban,0,Multichannel,1,1,16.74983259560388
1,0,11,12.082999605572228,Suburban,0,Web,1,0,0.0
0,0,4,159.6302372036987,Suburban,0,Web,0,0,0.0
0,1,11,115.20944853622602,Urban,1,Phone,0,0,0.0
0,0,1,10.0,Urban,0,Web,0,0,0.0
1,0,4,272.9405394156931,Rural,0,Web,0,0,0.0
1,0,1,167.49057942336572,Rural,0,Web,0,0,0.0
1,0,8,146.7087049365934,Rural,0,Web,0,0,0.0
0,0,1,40.90299708584865,Urban,1,Web,0,0,0.0
0,1,3,32.869920739965586,Suburban,0,Phone,1,0,0.0
0,0,11,277.3569032407056,Rural,1,Web,0,0,0.0
1,0,8,78.14036415381247,Urban,1,Web,0,0,0.0
0,0,4,171.99432806463253,Urban,0,Phone,1,0,0.0
1,0,11,37.60639695179449,Suburban,0,Multichannel,0,0,0.0
1,0,2,143.03806396186172,Suburban,0,Multichannel,0,0,0.0
1,0,1,393.3050926809833,Suburban,0,Phone,0,0,0.0
0,0,8,42.78792796819975,Suburban,1,Multichannel,0,0,0.0
0,1,6,298.78194728441485,Suburban,1,Web,1,0,0.0
0,1,3,255.97425804987924,Urban,0,Web,0,0,0.0
0,1,11,114.50718571976233,Suburban,0,Web,0,0,0.0
1,0,6,154.4421480770937,Urban,0,Web,1,0,0.0
0,0,12,53.684995160989,Rural,0,Web,0,0,0.0
0,1,12,83.05456649340802,Rural,0,Multichannel,0,0,0.0
0,1,7,89.37410898534065,Suburban,0,Web,1,0,0.0
0,0,6,171.35385678490462,Urban,0,Multichannel,0,0,0.0
0,1,11,88.20704194647841,Urban,0,Web,1,0,0.0
1,0,1,65.6274978682767,Urban,0,Web,1,0,0.0
1,0,8,88.3187202894762,Urban,0,Web,0,0,0.0
0,1,2,552.7172137714522,Urban,0,Web,0,0,0.0
0,0,4,33.29632101094296,Urban,0,Web,0,0,0.0
0,1,12,41.49394760987397,Urban,0,Web,0,0,0.0
1,0,2,209.49746233747365,Suburban,1,Web,0,0,0.0
1,0,1,326.9388442857862,Rural,0,Phone,1,0,0.0
0,0,2,65.46965893106616,Suburban,0,Multichannel,0,0,0.0
0,1,11,112.2132984540292,Urban,0,Web,0,0,0.0
0,0,5,49.66318835836483,Suburban,0,Phone,0,0,0.0
1,0,8,20.687540057108233,Suburban,0,Multichannel,0,0,0.0
0,0,5,258.3325476253107,Suburban,1,Multichannel,0,0,0.0
0,0,11,185.54789609778717,Urban,0,Web,0,0,0.0
0,0,11,74.4214204912985,Suburban,1,Web,0,0,0.0
0,1,2,304.7448690012857,Suburban,0,Web,0,0,0.0
0,1,5,146.20624577308405,Urban,0,Multichannel,1,0,0.0
0,0,2,630.3008838726671,Urban,0,Multichannel,0,0,0.0
1,0,1,58.88168335703695,Urban,0,Web,0,0,0.0
1,0,12,111.01182231159191,Suburban,0,Web,0,0,0.0
0,0,9,101.37625344107936,Urban,0,Web,1,0,0.0
1,0,12,273.93720240526,Rural,0,Multichannel,0,0,0.0
0,1,7,181.18567347384507,Suburban,0,Web,0,0,0.0
0,0,4,460.4397667152003,Suburban,0,Web,0,0,0.0
0,1,11,41.24876293152142,Suburban,0,Phone,0,0,0.0
0,1,2,30.71739816606426,Suburban,0,Phone,0,0,0.0
0,0,4,376.6858768722003,Suburban,0,Web,0,0,0.0
0,1,2,46.669741397493006,Rural,0,Web,0,0,0.0
0,1,3,77.69441122591661,Urban,0,Web,0,0,0.0
0,0,4,138.57352939051117,Urban,0,Phone,0,0,0.0
0,1,4,116.13098605363717,Suburban,1,Web,0,0,0.0
0,1,2,242.81050328590283,Urban,1,Multichannel,0,0,0.0
0,0,3,293.28670468615184,Suburban,0,Web,0,0,0.0
0,1,10,42.906582044518544,Suburban,1,Phone,1,0,0.0
0,0,6,71.84481551451213,Suburban,0,Phone,1,0,0.0
0,1,9,28.506248940873288,Rural,1,Phone,0,0,0.0
0,0,3,235.72176030501765,Rural,0,Phone,0,0,0.0
0,0,11,284.8221440370876,Rural,0,Phone,0,0,0.0
0,0,6,380.2056206409866,Urban,1,Multichannel,0,0,0.0
0,0,3,214.977931884061,Suburban,0,Multichannel,1,1,49.663039402243136
1,0,7,165.55181750073214,Rural,1,Web,0,0,0.0
0,0,2,194.08454009789358,Rural,1,Web,0,0,0.0
1,0,3,619.8278341152768,Suburban,0,Web,1,0,0.0
0,1,2,85.870630325981,Urban,1,Web,0,0,0.0
1,0,6,145.8339342100066,Rural,0,Multichannel,0,0,0.0
0,0,11,52.22555177816334,Rural,1,Web,0,0,0.0
0,1,1,306.4308556999152,Rural,0,Web,0,0,0.0
0,0,9,1456.8737474709937,Suburban,0,Phone,0,0,0.0
1,0,7,226.72238297085576,Urban,1,Web,1,1,24.36383773687727
0,0,2,322.05131965245397,Urban,0,Phone,0,0,0.0
0,1,1,452.64487913811183,Suburban,0,Web,0,0,0.0
1,0,4,135.86323367271703,Urban,0,Web,0,0,0.0
0,1,7,1134.8233857726832,Urban,0,Phone,0,0,0.0
1,0,7,415.79490557192275,Suburban,0,Multichannel,0,0,0.0
1,0,11,216.3858577008654,Suburban,0,Web,0,0,0.0
1,0,5,219.8713054521348,Suburban,0,Web,0,0,0.0
0,0,2,49.98370681774448,Rural,0,Multichannel,0,0,0.0
0,1,3,67.40156053898383,Rural,0,Web,0,0,0.0
1,0,7,146.60285333613376,Suburban,0,Web,0,0,0.0
0,0,1,16.75899598165203,Suburban,0,Phone,0,0,0.0
1,0,11,460.2194775424814,Rural,0,Multichannel,1,0,0.0
0,0,1,126.57247885658559,Suburban,0,Web,0,0,0.0
1,0,2,94.11832542048106,Rural,1,Multichannel,0,0,0.0
1,0,10,297.7356688115376,Suburban,1,Phone,0,0,0.0
0,0,10,647.3032629917533,Urban,0,Phone,0,0,0.0
0,0,4,406.24683503867084,Rural,1,Web,0,0,0.0
0,0,1,153.19293341874905,Rural,0,Web,0,0,0.0
1,0,11,497.99893815755235,Suburban,0,Web,0,0,0.0
1,0,2,166.55911697583193,Urban,0,Web,0,0,0.0
1,0,3,2006.2796549523562,Suburban,0,Web,0,0,0.0
0,0,2,697.0292575616866,Urban,0,Multichannel,0,0,0.0
0,0,10,93.4734557839058,Rural,1,Web,0,0,0.0
0,1,12,140.52209915002084,Suburban,0,Web,0,0,0.0
0,1,5,51.75196020600115,Suburban,0,Phone,0,0,0.0
0,0,11,2371.1242226680524,Urban,0,Phone,0,0,0.0
0,1,10,217.14543369853203,Suburban,0,Web,0,0,0.0
0,1,6,238.40161008778898,Rural,1,Phone,0,0,0.0
0,0,4,19.094121120976393,Urban,0,Multichannel,0,0,0.0
0,1,12,52.91998387055287,Urban,0,Web,0,0,0.0
0,1,2,601.3619463875986,Rural,0,Multichannel,0,0,0.0
0,0,1,78.780660272762,Suburban,0,Web,0,0,0.0
0,1,2,1076.2968601975535,Suburban,0,Web,1,0,0.0
0,1,10,584.9193451779158,Rural,0,Phone,0,0,0.0
0,0,2,319.24326777338615,Suburban,0,Multichannel,0,0,0.0
1,0,2,241.04332984757346,Suburban,0,Web,0,0,0.0
0,0,3,42.970088442677785,Suburban,0,Web,0,0,0.0
1,0,3,509.56741177155,Suburban,0,Web,0,0,0.0
0,1,10,268.84051823268,Rural,1,Web,0,0,0.0
0,0,9,566.2314967375157,Urban,0,Phone,0,0,0.0
1,0,6,208.9519915142531,Urban,1,Web,0,0,0.0
0,1,11,237.18024999380074,Suburban,1,Web,0,0,0.0
1,0,12,116.23130060762107,Urban,1,Web,1,0,0.0
0,1,12,153.49762343428097,Urban,0,Multichannel,0,0,0.0
0,1,4,36.21704360252015,Rural,1,Phone,1,0,0.0
0,1,12,39.68335026291691,Suburban,0,Multichannel,0,0,0.0
1,0,3,758.1351707849412,Urban,1,Web,0,0,0.0
0,0,3,62.25490065250167,Suburban,1,Web,0,0,0.0
0,1,2,51.285389757969604,Urban,0,Multichannel,0,0,0.0
0,1,11,36.71027781644556,Suburban,1,Web,0,0,0.0
1,0,3,24.003487438495643,Urban,0,Web,0,0,0.0
1,0,1,295.725038736471,Suburban,0,Phone,1,0,0.0
1,0,3,169.8812535459802,Suburban,0,Multichannel,0,0,0.0
0,0,5,52.66175391421471,Rural,0,Phone,0,0,0.0
0,1,4,67.66963021659072,Suburban,0,Web,0,0,0.0
0,1,4,311.5207049542184,Suburban,0,Multichannel,0,0,0.0
0,0,4,344.43594677410323,Urban,0,Multichannel,0,0,0.0
0,0,12,108.51675929470031,Suburban,0,Multichannel,0,0,0.0
0,1,12,853.7758180173793,Rural,0,Multichannel,0,0,0.0
0,1,12,48.51451792019176,Suburban,0,Web,0,0,0.0
0,0,1,27.371351406888483,Rural,0,Phone,1,0,0.0
1,0,11,170.2348057180564,Suburban,1,Multichannel,0,0,0.0
0,1,8,964.3512632494513,Rural,0,Phone,0,0,0.0
0,1,3,216.69820698678532,Rural,1,Web,0,0,0.0
0,0,1,614.8236147782596,Rural,0,Multichannel,0,0,0.0
0,0,4,1160.443855593041,Suburban,0,Multichannel,0,0,0.0
1,0,3,23.284256144900187,Suburban,0,Web,0,0,0.0
0,0,1,94.65400829536165,Suburban,1,Phone,0,0,0.0
0,1,4,30.374359126442346,Urban,1,Web,0,0,0.0
1,0,12,296.82031435124094,Suburban,0,Web,0,0,0.0
0,0,3,35.14349958610772,Urban,1,Multichannel,1,0,0.0
0,1,2,242.4976563944066,Urban,0,Web,0,0,0.0
0,0,3,12.969190397012227,Suburban,1,Phone,0,0,0.0
0,1,4,167.95582598874378,Urban,0,Web,0,0,0.0
0,1,3,42.47514287360156,Urban,0,Web,0,0,0.0
1,0,4,22.56884458325124,Urban,0,Multichannel,1,0,0.0
1,0,9,616.1841501059383,Suburban,1,Phone,0,0,0.0
1,0,10,35.77905623834353,Suburban,0,Phone,0,0,0.0
0,1,11,275.55555426999,Suburban,0,Web,0,0,0.0
0,0,1,247.44424404863562,Suburban,0,Web,1,1,20.55422184721502
0,1,1,145.119020770493,Suburban,0,Phone,0,0,0.0
1,0,1,501.1752323779301,Suburban,0,Web,1,0,0.0
0,1,3,47.959200660215714,Urban,0,Phone,0,0,0.0
1,0,1,367.43432369519456,Urban,0,Phone,0,0,0.0
0,1,8,55.689072656916316,Urban,0,Phone,0,0,0.0
1,0,2,224.77493430019933,Suburban,0,Multichannel,0,0,0.0
0,0,11,344.5489795581679,Urban,1,Web,1,0,0.0
1,0,4,448.41205889227854,Rural,0,Phone,0,0,0.0
0,0,1,863.8614250667517,Suburban,0,Multichannel,0,0,0.0
1,0,5,192.12684194703,Suburban,1,Phone,0,0,0.0
0,1,1,151.63225065360243,Suburban,0,Web,0,0,0.0
0,1,5,370.9003313361968,Suburban,1,Web,0,0,0.0
1,0,4,668.1663145316069,Suburban,0,Multichannel,0,0,0.0
1,0,9,49.07263901279977,Rural,0,Phone,0,0,0.0
1,0,4,33.85083867639038,Urban,1,Multichannel,0,0,0.0
0,0,4,52.8007195365687,Suburban,0,Web,0,0,0.0
1,0,4,92.62901571493245,Suburban,0,Web,0,0,0.0
0,0,10,268.04394736676994,Rural,0,Web,0,0,0.0
0,0,6,341.5266329104634,Urban,1,Phone,0,0,0.0
0,1,2,91.4530946361081,Rural,0,Web,0,0,0.0
0,0,12,114.47460414845055,Suburban,0,Web,0,0,0.0
0,0,6,589.6037971161708,Suburban,1,Multichannel,0,0,0.0
0,1,7,105.26951204491844,Suburban,1,Web,0,0,0.0
1,0,1,261.1662550523326,Urban,0,Web,0,0,0.0
0,1,4,813.2060805040285,Urban,0,Web,0,0,0.0
0,0,3,52.88407785699766,Suburban,0,Web,0,0,0.0
0,1,12,323.8469514850375,Urban,1,Phone,0,0,0.0
0,0,11,188.31776995606202,Urban,0,Multichannel,0,0,0.0
1,0,3,226.99093681471214,Suburban,0,Phone,1,0,0.0
0,1,10,41.18002108413277,Suburban,1,Web,1,0,0.0
0,1,4,204.39606915229496,Suburban,0,Web,0,0,0.0
1,0,4,62.47998190810809,Urban,0,Multichannel,0,0,0.0
1,0,2,384.21950494295754,Urban,0,Web,0,0,0.0
1,0,3,306.33527772536286,Urban,0,Phone,1,0,0.0
0,1,7,312.07538762780814,Urban,0,Multichannel,0,0,0.0
0,1,1,64.06999206638922,Suburban,0,Web,0,0,0.0
0,1,8,125.54985495206257,Suburban,0,Multichannel,0,0,0.0
0,0,3,575.5372498835508,Suburban,0,Web,0,0,0.0
1,0,12,545.4964655754313,Rural,0,Phone,0,0,0.0
1,0,3,25.41942584422051,Suburban,0,Multichannel,0,0,0.0
0,0,3,50.25514204858154,Suburban,0,Phone,0,0,0.0
1,0,1,123.47215913276746,Suburban,0,Multichannel,0,0,0.0
0,0,4,273.24458200209637,Urban,0,Multichannel,0,0,0.0
0,0,12,347.1329655630925,Suburban,0,Multichannel,0,0,0.0
0,0,1,296.58174872566053,Rural,0,Web,0,0,0.0
0,1,1,55.31259700544342,Rural,0,Multichannel,0,0,0.0
0,1,4,46.97202584265396,Suburban,1,Web,0,0,0.0
0,1,11,660.7480260486494,Suburban,0,Web,1,0,0.0
0,1,4,23.442011200353747,Suburban,0,Web,0,0,0.0
0,1,4,282.2570335293575,Suburban,0,Phone,0,0,0.0
0,0,5,196.82241077168027,Suburban,0,Web,0,0,0.0
1,0,7,508.4349859752911,Suburban,0,Multichannel,0,0,0.0
0,1,1,432.69406561203164,Suburban,0,Web,0,0,0.0
1,0,2,115.67594894896374,Suburban,0,Web,0,0,0.0
0,1,12,78.24164322384648,Urban,0,Phone,0,0,0.0
0,0,9,109.75264686532935,Suburban,0,Web,0,0,0.0
0,1,4,103.3979145675458,Suburban,0,Multichannel,0,0,0.0
0,1,6,223.53773559906074,Rural,0,Multichannel,0,0,0.0
0,0,7,68.39622498437959,Suburban,0,Phone,0,0,0.0
1,0,8,199.90888376622127,Rural,0,Web,0,0,0.0
0,0,5,180.16527168007576,Suburban,0,Multichannel,0,0,0.0
1,0,3,661.6897033332201,Suburban,0,Multichannel,0,0,0.0
0,1,8,68.53388964080875,Suburban,0,Web,0,0,0.0
1,0,2,53.80325103393429,Urban,0,Web,0,0,0.0
0,1,4,33.659755769630465,Suburban,0,Web,0,0,0.0
0,1,5,378.14519528382596,Suburban,0,Web,0,0,0.0
1,0,3,344.57030174643813,Urban,0,Multichannel,1,0,0.0
0,0,5,1127.4763988531365,Suburban,0,Web,0,0,0.0
0,1,5,61.81136331947578,Urban,0,Phone,0,0,0.0
0,0,1,83.36389131113386,Urban,0,Phone,0,0,0.0
0,1,1,179.35982859624076,Suburban,0,Web,1,0,0.0
0,0,7,70.72469534838292,Urban,1,Web,0,0,0.0
1,0,7,69.48829789362222,Urban,0,Phone,0,0,0.0
0,0,11,145.6071270862858,Rural,0,Web,0,0,0.0
0,1,9,72.44228838549344,Rural,1,Multichannel,0,0,0.0
1,0,4,1872.9763703765138,Urban,0,Web,0,0,0.0
1,0,1,127.88230000280117,Suburban,1,Web,0,0,0.0
0,1,6,369.2413024267226,Suburban,0,Multichannel,0,0,0.0
1,0,7,13.090038273767751,Urban,0,Web,0,0,0.0
0,0,2,1200.8046694636198,Urban,0,Web,0,0,0.0
1,0,10,895.0294036556485,Suburban,0,Web,0,0,0.0
0,1,1,160.75340372601656,Suburban,0,Multichannel,0,0,0.0
1,0,1,707.6864533790165,Suburban,0,Phone,1,0,0.0
0,1,2,20.49039890905387,Suburban,0,Web,1,0,0.0
0,0,2,243.9255728278098,Suburban,0,Phone,0,0,0.0
1,0,2,175.15579964097057,Suburban,0,Web,1,1,65.4762391834314
0,1,10,36.67072415125028,Suburban,1,Multichannel,1,0,0.0
0,0,10,351.04926698146477,Rural,1,Multichannel,1,0,0.0
0,1,2,48.718483402966044,Rural,0,Multichannel,0,0,0.0
0,0,1,267.4502213655291,Rural,0,Multichannel,0,0,0.0
0,1,1,781.8982451634882,Urban,0,Phone,0,0,0.0
1,0,11,155.36951981690387,Rural,0,Web,0,0,0.0
0,1,11,500.4547437313858,Suburban,1,Web,0,0,0.0
1,0,10,238.2487090272474,Rural,1,Web,0,0,0.0
0,0,4,206.19005204692064,Suburban,0,Phone,1,0,0.0
0,1,7,352.92083666611944,Rural,0,Web,0,0,0.0
0,0,11,90.71880752718735,Suburban,0,Multichannel,0,0,0.0
0,1,6,50.620578382993195,Suburban,1,Web,0,0,0.0
0,1,1,291.13622348993476,Suburban,0,Web,0,0,0.0
0,0,4,33.5254404338325,Suburban,1,Web,0,0,0.0
0,0,11,18.600314589816524,Rural,0,Multichannel,0,0,0.0
0,1,2,41.96480508122849,Suburban,0,Phone,0,0,0.0
0,1,2,898.1251347072244,Rural,0,Multichannel,0,0,0.0
1,0,12,44.029788183973665,Suburban,0,Multichannel,0,0,0.0
0,1,12,45.07123847310928,Urban,0,Multichannel,1,0,0.0
0,1,1,11.432748428134808,Urban,0,Web,0,0,0.0
0,0,4,154.84490073720778,Suburban,0,Phone,0,0,0.0
0,1,4,52.338845153456,Urban,0,Phone,0,0,0.0
0,0,2,119.2206427843781,Rural,0,Web,0,0,0.0
0,1,8,2655.1593759129487,Urban,0,Web,0,0,0.0
0,0,11,169.54943974789524,Rural,1,Phone,0,0,0.0
0,1,12,114.3612876057731,Suburban,0,Web,0,0,0.0
1,0,2,197.27988823384243,Urban,0,Web,0,0,0.0
0,1,11,56.05143273448242,Urban,0,Multichannel,0,0,0.0
0,1,4,279.2048784115404,Suburban,0,Web,0,0,0.0
0,1,8,14.700308289877317,Rural,1,Web,0,0,0.0
0,0,6,394.0631575727564,Urban,0,Web,0,0,0.0
0,1,2,36.59400892455028,Suburban,1,Multichannel,0,0,0.0
0,1,1,402.9497881649744,Urban,0,Multichannel,0,0,0.0
0,0,3,135.95946316589638,Suburban,0,Phone,0,0,0.0
0,0,7,3115.568654703542,Urban,0,Phone,0,0,0.0
0,1,2,27.339783845394212,Urban,0,Multichannel,0,0,0.0
0,1,2,114.1075965499557,Urban,0,Phone,1,0,0.0
0,0,11,10.0,Suburban,0,Web,0,0,0.0
0,0,10,38.55864896247557,Suburban,0,Multichannel,0,0,0.0
0,0,12,37.96998856340522,Rural,0,Web,1,0,0.0
0,1,3,14.109207289485559,Suburban,0,Multichannel,0,0,0.0
1,0,3,74.80714974288986,Rural,1,Phone,0,0,0.0
0,0,6,107.16581184193886,Rural,0,Web,1,0,0.0
1,0,3,599.2821178149965,Urban,0,Web,0,0,0.0
1,0,7,30.54669788920816,Suburban,0,Multichannel,0,0,0.0
0,1,12,18.15010627244342,Suburban,0,Phone,1,0,0.0
0,1,2,116.99143521784647,Suburban,0,Phone,0,0,0.0
0,0,1,118.92633401371741,Suburban,0,Multichannel,0,0,0.0
1,0,1,94.1778996719369,Suburban,1,Web,0,0,0.0
1,0,1,23.498106229697267,Urban,0,Multichannel,0,0,0.0
0,0,11,143.41160754664773,Urban,0,Phone,0,0,0.0
0,1,1,106.63147005769149,Urban,0,Multichannel,0,0,0.0
1,0,11,28.965708098506674,Suburban,0,Web,0,0,0.0
0,0,7,1029.0923985092954,Suburban,0,Web,0,0,0.0
0,0,11,18.48732702874422,Urban,1,Web,1,0,0.0
0,0,2,52.58173218780838,Rural,0,Web,0,0,0.0
0,0,7,127.05555957901412,Urban,0,Multichannel,0,0,0.0
1,0,12,514.114394935422,Urban,0,Phone,0,0,0.0
0,1,5,90.95839612381035,Suburban,0,Web,0,0,0.0
1,0,2,28.34424853072287,Rural,0,Phone,0,0,0.0
0,1,1,347.0873233349559,Rural,1,Phone,0,0,0.0
0,0,11,296.139821205062,Suburban,0,Multichannel,1,0,0.0
0,0,11,169.91386741319005,Urban,0,Multichannel,1,0,0.0
0,1,11,103.40437326486106,Rural,1,Multichannel,0,0,0.0
0,1,9,137.08807539684568,Suburban,0,Web,1,0,0.0
0,0,7,139.32436499438094,Suburban,0,Multichannel,0,0,0.0
0,0,2,177.14765958988363,Suburban,0,Multichannel,0,0,0.0
0,0,7,311.4431937552947,Suburban,0,Phone,0,0,0.0
1,0,6,290.78600344227203,Urban,1,Phone,0,0,0.0
0,0,2,435.67607855260883,Rural,0,Multichannel,0,0,0.0
0,0,7,306.8779039912863,Rural,0,Web,0,0,0.0
0,0,1,65.99067835467085,Suburban,0,Web,1,0,0.0
1,0,2,54.29687526775038,Suburban,0,Web,0,0,0.0
0,0,10,148.24830337218347,Suburban,0,Phone,0,0,0.0
0,0,2,169.67678100322829,Rural,1,Web,0,0,0.0
0,1,9,112.27842602196199,Suburban,0,Phone,0,0,0.0
0,0,4,122.2644695640225,Suburban,1,Web,1,0,0.0
1,0,11,86.94260842778527,Urban,1,Multichannel,0,0,0.0
0,0,6,967.250101615092,Suburban,0,Phone,1,0,0.0
0,0,3,217.72973365937662,Urban,0,Phone,1,0,0.0
1,0,6,204.88039854780683,Suburban,0,Multichannel,0,0,0.0
0,1,4,56.09711458117084,Rural,0,Web,1,1,30.87749454671428
0,0,4,280.5917208764233,Suburban,1,Multichannel,0,0,0.0
0,0,5,629.371391251582,Urban,0,Web,0,0,0.0
1,0,2,1009.3442387234973,Suburban,0,Phone,0,0,0.0
0,0,2,18.11532443496302,Suburban,0,Web,0,0,0.0
1,0,11,1438.042617093138,Urban,0,Web,0,0,0.0
0,1,10,71.31789768214942,Suburban,0,Multichannel,0,0,0.0
1,0,2,67.73407610610325,Suburban,0,Web,0,0,0.0
0,1,1,105.98685862953135,Suburban,1,Phone,0,0,0.0
0,0,1,44.11401631290811,Suburban,0,Multichannel,0,0,0.0
1,0,11,88.42304339208543,Suburban,0,Web,0,0,0.0
0,0,3,27.827565724667373,Suburban,0,Web,0,0,0.0
0,1,6,46.09736855609216,Suburban,0,Multichannel,0,0,0.0
1,0,2,828.9008727590718,Urban,1,Phone,0,0,0.0
0,0,3,26.296689521769306,Rural,0,Phone,0,0,0.0
1,0,6,78.09424285711371,Suburban,1,Web,0,0,0.0
0,0,7,1044.4244538876794,Suburban,0,Web,1,0,0.0
0,1,1,387.2116672250759,Urban,0,Phone,0,0,0.0
1,0,6,1392.3749004256715,Rural,0,Multichannel,1,0,0.0
0,1,2,81.13819830661659,Urban,1,Web,0,0,0.0
0,0,7,617.1140938049026,Suburban,0,Web,0,0,0.0
0,0,2,85.85784368042425,Urban,0,Web,1,0,0.0
0,1,4,131.98068469777326,Rural,0,Multichannel,0,0,0.0
0,0,3,77.63401587289724,Suburban,0,Multichannel,0,0,0.0
0,0,12,1779.6087927227347,Suburban,0,Multichannel,0,0,0.0
1,0,1,1721.360943011137,Rural,0,Web,0,0,0.0
0,0,4,122.14822236511436,Suburban,0,Multichannel,0,0,0.0
0,1,1,520.0583931428417,Urban,0,Multichannel,0,0,0.0
0,0,11,161.20765664293828,Suburban,0,Web,0,0,0.0
1,0,2,12.95882054671281,Suburban,0,Web,0,0,0.0
0,1,11,20.94786883316036,Urban,0,Multichannel,0,0,0.0
0,0,11,114.21680345065953,Rural,0,Web,0,0,0.0
1,0,9,81.16602093473709,Suburban,0,Multichannel,0,0,0.0
0,0,1,27.777976759721643,Suburban,0,Web,0,0,0.0
0,1,1,64.91081310814411,Suburban,1,Multichannel,0,0,0.0
0,0,10,180.66360902568118,Suburban,0,Multichannel,0,0,0.0
0,0,7,1004.384276959679,Urban,0,Web,0,0,0.0
0,0,2,385.95250496687174,Urban,0,Web,1,0,0.0
1,0,4,358.98036747957104,Suburban,0,Phone,0,0,0.0
1,0,3,131.58771969337462,Rural,0,Web,0,0,0.0
0,0,2,264.6970848772623,Suburban,0,Web,0,0,0.0
0,0,5,295.90946979782956,Suburban,0,Multichannel,0,0,0.0
0,1,4,33.58335563058685,Rural,0,Multichannel,0,0,0.0
0,0,11,605.6504853430577,Urban,0,Multichannel,0,0,0.0
0,0,3,17.641096828455787,Urban,0,Phone,1,0,0.0
1,0,2,399.5375785949122,Suburban,0,Phone,0,0,0.0
1,0,5,1055.4275828234147,Suburban,1,Phone,0,0,0.0
0,1,6,35.425250286065584,Suburban,0,Multichannel,0,0,0.0
0,0,12,206.87573647505917,Suburban,0,Multichannel,0,0,0.0
1,0,1,482.7122759862336,Suburban,0,Multichannel,1,1,19.84603932767061
1,0,1,129.62543947940387,Suburban,1,Phone,1,0,0.0
0,1,11,70.51797164322689,Rural,0,Multichannel,1,0,0.0
0,0,1,176.3172677265585,Rural,0,Web,0,0,0.0
1,0,3,83.2826148377988,Urban,0,Web,0,0,0.0
0,0,2,125.49784391757333,Suburban,0,Phone,0,0,0.0
0,0,2,63.214383085658405,Urban,0,Phone,0,0,0.0
0,1,5,280.6376322813166,Rural,1,Web,0,0,0.0
0,1,10,30.482572604188363,Urban,0,Web,0,0,0.0
0,0,1,91.44648458046667,Rural,0,Web,0,0,0.0
0,0,1,51.724374734451736,Urban,1,Multichannel,1,0,0.0
1,0,2,198.98138112512004,Urban,0,Multichannel,0,0,0.0
1,0,8,246.11087930521657,Suburban,0,Web,0,0,0.0
0,1,12,68.94955655059364,Suburban,0,Web,0,0,0.0
0,0,8,346.24549994841834,Urban,0,Web,0,0,0.0
1,0,4,20.12167204100844,Suburban,1,Web,0,0,0.0
0,1,12,10.0,Suburban,0,Web,1,0,0.0
0,0,8,620.6710874566882,Suburban,1,Web,0,0,0.0
0,1,7,174.5794516399,Suburban,0,Phone,1,0,0.0
0,0,3,191.67919449724207,Urban,0,Web,1,0,0.0
0,1,12,927.1020084138249,Rural,0,Phone,0,0,0.0
1,0,5,426.5978808120672,Urban,0,Phone,0,0,0.0
0,1,3,365.240675497669,Rural,1,Web,0,0,0.0
0,1,5,72.12670617761387,Suburban,0,Multichannel,1,0,0.0
0,1,3,110.15134746796463,Urban,0,Web,0,0,0.0
0,0,1,169.57650266054893,Suburban,1,Multichannel,0,0,0.0
0,1,11,93.11744319569134,Suburban,1,Phone,1,0,0.0
1,0,2,34.68408191598783,Rural,0,Web,0,0,0.0
0,0,5,31.63879797688008,Urban,0,Multichannel,1,0,0.0
0,0,10,198.4433495258231,Urban,0,Web,1,1,103.7867647203449
0,0,12,482.7389961288796,Suburban,1,Web,0,0,0.0
0,0,3,139.2012078969665,Rural,0,Web,0,0,0.0
0,1,2,311.5935487145297,Suburban,0,Phone,0,0,0.0
0,0,10,174.59812392968098,Suburban,0,Web,0,0,0.0
0,1,2,195.7470982531595,Suburban,0,Web,0,0,0.0
1,0,1,396.71552849151715,Urban,0,Phone,0,0,0.0
0,0,7,388.34125252441135,Suburban,0,Multichannel,0,0,0.0
1,0,9,276.85667350132303,Urban,1,Multichannel,0,0,0.0
0,1,1,170.40843298337077,Rural,0,Web,0,0,0.0
1,0,11,24.384214008376055,Urban,0,Multichannel,0,0,0.0
0,0,8,48.22988343579463,Urban,0,Web,0,0,0.0
0,0,1,17.97485098842919,Suburban,0,Web,0,0,0.0
0,0,4,1095.027006300392,Rural,0,Web,0,0,0.0
0,1,11,254.98768414851324,Urban,1,Web,0,0,0.0
0,1,9,56.95533219094796,Suburban,0,Web,1,0,0.0
0,1,3,402.6045379573503,Suburban,1,Phone,0,0,0.0
0,0,5,559.236790266945,Rural,0,Multichannel,0,0,0.0
1,0,4,19.862008489244968,Urban,0,Web,0,0,0.0
0,1,12,1051.7430054495026,Urban,0,Phone,0,0,0.0
1,0,2,62.09509305120204,Urban,0,Web,0,0,0.0
0,0,6,47.07109250589951,Urban,0,Multichannel,1,1,142.79255975720795
0,1,12,47.013799506561355,Suburban,0,Multichannel,0,0,0.0
1,0,1,17.839851386006377,Rural,0,Web,0,0,0.0
0,1,1,85.22984986016628,Suburban,0,Multichannel,0,0,0.0
0,1,4,154.44570966943746,Suburban,0,Multichannel,1,0,0.0
1,0,9,168.02605188084817,Urban,0,Phone,1,0,0.0
0,1,11,168.42511306385413,Suburban,1,Multichannel,0,0,0.0
0,1,1,330.5142655470648,Suburban,0,Web,0,0,0.0
0,1,5,88.39228534744394,Suburban,0,Web,0,0,0.0
1,0,2,158.7019456278211,Rural,0,Web,0,0,0.0
1,0,11,60.690604102862444,Suburban,1,Multichannel,0,0,0.0
0,1,8,211.8785911234908,Urban,0,Phone,0,0,0.0
0,1,8,46.440575853727545,Rural,0,Multichannel,0,0,0.0
0,0,1,22.648071705002643,Rural,0,Multichannel,0,0,0.0
0,1,4,21.079783623217867,Urban,1,Web,0,0,0.0
1,0,5,16.741640650208627,Rural,0,Web,1,1,33.951266383293316
0,0,3,14.08637416173593,Urban,0,Multichannel,0,0,0.0
0,1,1,792.2024285775146,Suburban,1,Multichannel,0,0,0.0
0,1,3,438.0723674433731,Suburban,1,Web,0,0,0.0
1,0,11,70.6400089249028,Suburban,1,Web,0,0,0.0
0,0,5,66.5693561045038,Rural,0,Phone,0,0,0.0
1,0,3,483.19250734490447,Urban,0,Multichannel,0,0,0.0
1,0,10,97.07319730950935,Suburban,0,Web,0,0,0.0
0,1,5,234.22481367283,Suburban,0,Multichannel,1,0,0.0
0,0,9,212.31092605196673,Suburban,0,Web,0,0,0.0
1,0,5,28.47242609684165,Rural,0,Multichannel,1,0,0.0
0,0,5,461.25668718823493,Urban,1,Web,0,0,0.0
1,0,2,219.56862494450544,Urban,1,Phone,0,0,0.0
0,0,3,2330.24934506998,Suburban,0,Phone,1,0,0.0
0,0,11,74.94101812628095,Suburban,1,Phone,1,0,0.0
0,1,7,40.12939570033002,Rural,0,Multichannel,0,0,0.0
1,0,2,251.92468204892634,Rural,0,Web,1,0,0.0
0,1,12,101.89448837418838,Urban,0,Web,0,0,0.0
0,0,7,300.06874343375233,Rural,0,Web,0,0,0.0
1,0,12,508.48373474373,Suburban,0,Multichannel,0,0,0.0
0,0,1,215.0785736647466,Rural,0,Web,1,0,0.0
0,0,1,76.72494522880726,Suburban,0,Web,0,0,0.0
0,0,11,143.59661211159388,Urban,0,Web,0,0,0.0
1,0,1,226.38661112879257,Suburban,0,Multichannel,0,0,0.0
0,1,2,45.095774741327446,Suburban,1,Web,0,0,0.0
0,1,12,33.577177425243754,Rural,0,Multichannel,0,0,0.0
0,1,9,33.902088024067126,Rural,0,Phone,0,0,0.0
0,0,5,176.2360416350864,Suburban,0,Web,0,0,0.0
0,0,6,1428.1058035902859,Rural,0,Phone,0,0,0.0
1,0,8,18.778602902669103,Suburban,0,Phone,0,0,0.0
0,1,10,886.484931489517,Suburban,0,Web,0,0,0.0
1,0,1,339.43109605493765,Suburban,0,Phone,0,0,0.0
1,0,2,61.615063302975265,Suburban,1,Web,0,0,0.0
0,0,5,99.02867218089615,Suburban,1,Multichannel,0,0,0.0
0,0,4,509.9845300744956,Suburban,0,Web,0,0,0.0
0,0,1,23.788728983367466,Suburban,0,Phone,1,0,0.0
0,0,6,117.2103254496806,Urban,0,Phone,0,0,0.0
0,1,3,329.2477197312406,Suburban,1,Multichannel,1,0,0.0
1,0,1,57.36556178476581,Urban,0,Web,0,0,0.0
0,1,1,108.44610837918889,Suburban,1,Web,0,0,0.0
1,0,12,140.09613917820172,Suburban,0,Multichannel,0,0,0.0
0,0,2,535.2801968920113,Urban,0,Multichannel,0,0,0.0
0,1,2,10.878015882023687,Suburban,0,Phone,0,0,0.0
1,0,2,181.7408404199535,Suburban,1,Phone,0,0,0.0
0,1,12,1150.003249481643,Suburban,1,Web,1,0,0.0
0,1,12,16.67786460369522,Suburban,0,Web,1,1,41.614218843599005
1,0,10,71.65916508594597,Urban,0,Multichannel,0,0,0.0
1,0,3,20.92272150030227,Suburban,0,Web,0,0,0.0
0,1,12,103.32479685464311,Suburban,0,Multichannel,0,0,0.0
1,0,7,196.49614995958063,Rural,0,Phone,0,0,0.0
0,0,1,151.13060830979973,Urban,0,Web,0,0,0.0
0,0,11,64.97869448872453,Suburban,1,Web,0,0,0.0
0,1,8,488.24528883469196,Urban,0,Web,0,0,0.0
1,0,5,1495.331348683358,Urban,0,Web,1,0,0.0
0,0,11,405.7601935401073,Urban,0,Multichannel,0,0,0.0
1,0,3,174.93776374438795,Suburban,0,Multichannel,1,0,0.0
1,0,2,126.49223893425771,Suburban,0,Phone,0,0,0.0
0,0,8,90.27850760166706,Urban,0,Phone,1,0,0.0
0,1,1,56.465959538301156,Rural,1,Multichannel,0,0,0.0
1,0,8,76.0896690294516,Suburban,1,Web,0,0,0.0
0,1,9,108.86782579879893,Urban,0,Multichannel,0,0,0.0
1,0,2,179.3086656610289,Suburban,1,Web,0,0,0.0
0,1,1,25.418957299276464,Urban,0,Multichannel,0,0,0.0
0,0,3,28.962252592965584,Suburban,0,Web,0,0,0.0
0,0,4,155.41191984007023,Suburban,0,Web,0,0,0.0
1,0,6,135.48721178333963,Suburban,0,Web,0,0,0.0
1,0,1,1265.5270669138727,Suburban,0,Multichannel,0,0,0.0
0,1,1,1747.2540115973193,Suburban,0,Web,0,0,0.0
1,0,11,130.15053956411663,Suburban,1,Multichannel,0,0,0.0
0,0,9,333.02159833155196,Rural,1,Multichannel,0,0,0.0
1,0,1,270.59845008163444,Urban,0,Web,1,1,46.05234430820274
0,1,2,1480.1296648538444,Suburban,0,Web,0,0,0.0
1,0,9,376.92343872677174,Suburban,0,Multichannel,0,0,0.0
0,1,2,116.65856301649728,Rural,0,Web,0,0,0.0
0,1,4,99.0980880001508,Rural,0,Multichannel,0,0,0.0
0,1,7,2213.70499266359,Suburban,0,Web,0,0,0.0
1,0,8,67.31669246819185,Urban,1,Web,0,0,0.0
0,1,8,116.95185824351759,Urban,0,Multichannel,0,0,0.0
0,1,2,105.84623509585825,Rural,0,Web,0,0,0.0
0,1,2,178.12472981939533,Rural,0,Phone,1,1,29.90940420134986
0,0,2,147.64039281276587,Urban,0,Multichannel,0,0,0.0
1,0,3,37.41411785538383,Suburban,0,Web,0,0,0.0
0,0,1,1142.6130998953438,Suburban,0,Phone,0,0,0.0
1,0,12,23.906774527592805,Urban,1,Multichannel,0,0,0.0
0,1,6,195.7293082693301,Urban,0,Multichannel,0,0,0.0
0,0,4,112.40263707408968,Suburban,0,Web,0,0,0.0
0,0,2,83.88509880745089,Rural,0,Multichannel,0,0,0.0
0,1,10,167.96466768289272,Urban,0,Multichannel,0,0,0.0
1,0,12,77.87404281128262,Suburban,0,Web,1,0,0.0
0,1,1,183.4647326446691,Suburban,0,Multichannel,0,0,0.0
0,1,3,10.0,Suburban,1,Web,0,0,0.0
0,0,8,199.5250908136637,Rural,1,Web,0,0,0.0
0,0,1,67.00361876127329,Urban,0,Web,0,0,0.0
0,1,2,86.306725991832,Urban,0,Multichannel,0,0,0.0
0,1,7,28.60340201908191,Rural,0,Web,0,0,0.0
0,1,6,536.0154140259158,Rural,0,Web,0,0,0.0
1,0,7,345.06059063389085,Urban,0,Multichannel,1,0,0.0
1,0,11,43.913111638946845,Rural,0,Web,0,0,0.0
0,0,1,274.5335622956567,Suburban,0,Web,1,0,0.0
0,0,2,150.3078004847372,Suburban,0,Phone,1,0,0.0
1,0,11,571.2918087291351,Suburban,1,Phone,0,0,0.0
1,0,2,457.59695692067754,Suburban,0,Multichannel,0,0,0.0
0,0,4,134.417621064261,Rural,1,Multichannel,0,0,0.0
0,0,4,463.4890680047871,Suburban,1,Phone,0,0,0.0
0,1,1,350.1480103135186,Suburban,0,Phone,0,0,0.0
0,1,1,141.12395790326903,Urban,0,Phone,1,0,0.0
0,1,7,85.7232270006105,Suburban,0,Phone,0,0,0.0
1,0,1,296.7017002061359,Suburban,0,Web,0,0,0.0
0,1,2,150.22778853723494,Rural,0,Web,0,0,0.0
0,0,4,863.8847420286661,Urban,0,Multichannel,0,0,0.0
0,1,12,987.8385678269714,Urban,0,Multichannel,0,0,0.0
1,0,1,62.02542101643161,Urban,0,Phone,0,0,0.0
1,0,1,164.46771813323153,Suburban,0,Multichannel,0,0,0.0
0,1,12,285.2606212341517,Urban,0,Web,0,0,0.0
1,0,2,183.68304141497444,Suburban,0,Phone,0,0,0.0
0,1,11,271.41157828299396,Suburban,1,Phone,0,0,0.0
0,1,6,285.12017346864815,Suburban,1,Web,0,0,0.0
0,1,3,34.818801032130686,Suburban,0,Phone,0,0,0.0
1,0,4,378.3747942786942,Rural,0,Phone,1,0,0.0
1,0,2,98.79279740279107,Urban,0,Web,0,0,0.0
0,0,12,30.7881756235512,Suburban,1,Phone,0,0,0.0
0,0,1,75.59480909451506,Rural,0,Multichannel,0,0,0.0
0,0,1,364.1551565920502,Suburban,1,Multichannel,0,0,0.0
1,0,9,70.13027312579364,Rural,0,Phone,0,0,0.0
0,0,12,174.01398490370775,Rural,0,Web,0,0,0.0
0,0,3,144.6166959294392,Suburban,0,Web,0,0,0.0
1,0,12,287.92976956782286,Suburban,0,Web,0,0,0.0
0,0,12,105.24074876277129,Rural,0,Multichannel,0,0,0.0
0,0,12,606.4494308908138,Rural,1,Phone,0,0,0.0
0,1,2,1332.722027408808,Urban,1,Web,0,0,0.0
0,0,2,113.90408319682491,Urban,0,Web,1,0,0.0
0,1,1,1050.4831309650715,Urban,0,Web,1,0,0.0
1,0,10,117.1791426604586,Suburban,1,Web,0,0,0.0
0,0,8,933.4898032649916,Urban,0,Phone,0,0,0.0
0,0,7,273.7283185664086,Rural,0,Multichannel,0,0,0.0
1,0,2,21.315140982393643,Rural,0,Web,0,0,0.0
1,0,8,70.3820224982781,Suburban,0,Phone,0,0,0.0
1,0,7,145.11261633290692,Rural,0,Web,0,0,0.0
0,0,3,75.55437773792438,Urban,0,Phone,0,0,0.0
0,1,4,32.11208507687009,Urban,0,Web,0,0,0.0
1,0,3,72.28149597028555,Suburban,0,Multichannel,0,0,0.0
0,1,2,67.26166387481942,Rural,0,Multichannel,0,0,0.0
1,0,5,61.465789231739286,Urban,0,Web,0,0,0.0
0,1,1,28.486809423639876,Rural,0,Web,0,0,0.0
1,0,12,468.1323963336954,Urban,0,Multichannel,0,0,0.0
0,0,11,277.13900851414456,Suburban,0,Web,1,0,0.0
0,0,8,70.68511739334959,Rural,1,Multichannel,1,0,0.0
1,0,3,225.8582841626816,Urban,0,Web,0,0,0.0
0,1,8,124.01225095211123,Suburban,1,Multichannel,0,0,0.0
0,1,6,129.82062902886014,Suburban,1,Phone,0,0,0.0
0,1,4,47.84969436607278,Urban,0,Web,0,0,0.0
0,0,12,32.47760372029724,Suburban,0,Web,0,0,0.0
1,0,4,412.6476091879963,Urban,1,Web,0,0,0.0
1,0,8,10.0,Suburban,1,Web,0,0,0.0
1,0,10,72.2032660182316,Urban,0,Web,0,0,0.0
0,1,5,147.85585499084848,Urban,0,Web,0,0,0.0
1,0,4,518.7326103904296,Suburban,0,Phone,0,0,0.0
0,0,10,623.6015892671406,Suburban,0,Multichannel,0,0,0.0
0,1,6,26.626177850051672,Urban,0,Multichannel,0,0,0.0
1,0,5,60.80713706760844,Urban,0,Multichannel,1,0,0.0
0,0,3,41.53950075764612,Urban,0,Phone,0,0,0.0
1,0,3,296.8362115094563,Suburban,0,Web,0,0,0.0
0,0,10,271.7779433198799,Rural,0,Multichannel,0,0,0.0
0,0,12,99.82829780952599,Suburban,0,Web,0,0,0.0
0,1,2,42.910460353046645,Urban,1,Multichannel,1,1,10.0
0,0,8,416.056141282008,Urban,0,Multichannel,0,0,0.0
1,0,3,10.0,Suburban,0,Web,0,0,0.0
1,0,12,546.8221107802755,Suburban,0,Multichannel,1,1,20.4899410117872
1,0,10,48.25355305803817,Rural,1,Web,1,0,0.0
0,1,4,100.40217454683474,Suburban,0,Multichannel,0,0,0.0
1,0,12,1427.5871345402822,Suburban,0,Phone,0,0,0.0
0,0,12,269.9527200566334,Urban,0,Web,0,0,0.0
0,1,12,65.52716831763745,Rural,1,Web,0,0,0.0
0,0,9,116.65940337682628,Suburban,0,Web,0,0,0.0
0,0,8,121.85409341740213,Urban,0,Web,0,0,0.0
1,0,9,56.75096259244298,Urban,1,Multichannel,0,0,0.0
0,0,2,145.63666860660342,Suburban,0,Phone,0,0,0.0
0,1,12,61.681499824629654,Rural,0,Phone,1,0,0.0
1,0,3,43.45051459707721,Suburban,0,Phone,0,0,0.0
0,1,2,69.48812420138783,Urban,1,Web,0,0,0.0
0,1,7,112.13155328435111,Suburban,0,Multichannel,0,0,0.0
0,0,1,51.98007911330946,Urban,1,Web,0,0,0.0
0,0,5,770.7907813130496,Urban,1,Multichannel,0,0,0.0
1,0,10,101.3702389597173,Suburban,0,Multichannel,0,0,0.0
1,0,12,69.93437442809957,Rural,0,Web,0,0,0.0
0,0,3,56.69518147821714,Suburban,0,Multichannel,0,0,0.0
0,1,5,50.28734970704904,Urban,1,Phone,0,0,0.0
1,0,11,622.299940206332,Urban,0,Phone,0,0,0.0
0,1,12,585.5512652144082,Urban,0,Multichannel,0,0,0.0
0,0,9,80.59954904464605,Suburban,0,Web,0,0,0.0
0,0,3,227.2455157246295,Urban,0,Multichannel,1,1,10.0
1,0,4,1053.3632028445145,Urban,0,Multichannel,0,0,0.0
1,0,12,355.7147797930724,Suburban,0,Phone,1,0,0.0
1,0,1,369.7192234729246,Suburban,0,Multichannel,0,0,0.0
1,0,11,392.76313731412887,Suburban,1,Web,0,0,0.0
0,0,10,669.4383005372383,Urban,0,Web,0,0,0.0
0,1,2,99.22175026161808,Suburban,0,Web,0,0,0.0
1,0,10,23.671958836538593,Urban,0,Multichannel,0,0,0.0
1,0,7,677.3055425173561,Urban,0,Phone,0,0,0.0
0,1,1,205.76902119265543,Urban,1,Web,1,0,0.0
1,0,11,172.8155179908177,Rural,1,Multichannel,1,0,0.0
0,1,3,449.0842212417903,Suburban,0,Web,0,0,0.0
1,0,11,45.55084435288309,Suburban,0,Web,0,0,0.0
0,1,6,1282.4391962860918,Suburban,0,Multichannel,0,0,0.0
0,0,2,202.6860031828401,Suburban,0,Multichannel,0,0,0.0
0,1,12,206.25657957809682,Suburban,0,Web,0,0,0.0
1,0,2,815.0123290533651,Urban,0,Web,0,0,0.0
0,0,11,68.64046600205111,Urban,0,Web,1,0,0.0
0,1,3,174.62745583516133,Suburban,0,Web,1,0,0.0
0,0,4,41.88863699764461,Suburban,0,Web,0,0,0.0
1,0,2,33.61050973150185,Suburban,0,Multichannel,0,0,0.0
0,0,1,254.8877877593946,Suburban,0,Web,0,0,0.0
1,0,9,96.54021857023646,Urban,1,Web,1,0,0.0
0,0,5,581.6329318378731,Urban,0,Multichannel,0,0,0.0
1,0,11,326.02700620051587,Rural,0,Web,0,0,0.0
1,0,5,87.70380591649503,Suburban,0,Multichannel,0,0,0.0
1,0,1,16.92226297897266,Rural,0,Web,1,1,24.216685336832363
0,1,2,5000.0,Rural,0,Multichannel,0,0,0.0
0,1,3,782.6483152422222,Urban,0,Web,0,0,0.0
0,0,5,32.65862522411906,Suburban,1,Web,0,0,0.0
0,1,2,71.81978317128612,Suburban,0,Web,0,0,0.0
1,0,10,10.0,Rural,0,Web,0,0,0.0
0,0,12,108.08908676219599,Urban,0,Phone,1,0,0.0
0,0,11,33.45675407439253,Suburban,1,Web,0,0,0.0
1,0,11,21.800129403520323,Suburban,0,Web,0,0,0.0
0,0,4,69.74115776720448,Suburban,0,Web,0,0,0.0
1,0,9,191.4883982244721,Urban,0,Multichannel,0,0,0.0
1,0,12,39.87768941733788,Rural,0,Web,0,0,0.0
1,0,1,405.7572672963128,Rural,0,Web,0,0,0.0
0,0,3,25.00847166135787,Suburban,1,Multichannel,0,0,0.0
0,1,5,23.84793460663653,Urban,0,Web,0,0,0.0
0,0,3,46.49432187521025,Suburban,0,Multichannel,1,0,0.0
1,0,1,125.12310097500988,Rural,0,Web,0,0,0.0
1,0,6,920.1782091924802,Urban,0,Web,0,0,0.0
1,0,11,131.72422450446626,Rural,0,Multichannel,0,0,0.0
0,1,1,186.21149169361715,Rural,0,Web,0,0,0.0
0,0,12,104.3268333748166,Rural,0,Phone,0,0,0.0
0,1,1,196.56875226757612,Suburban,1,Web,0,0,0.0
1,0,5,1589.9113027374426,Suburban,1,Web,0,0,0.0
1,0,2,371.87260473849784,Urban,1,Web,0,0,0.0
1,0,1,22.327318978403078,Suburban,0,Phone,1,1,38.08450624379237
0,1,11,243.187852353908,Suburban,0,Web,0,0,0.0
0,0,6,59.21467525300357,Suburban,0,Web,0,0,0.0
0,1,6,319.9740324573988,Suburban,1,Multichannel,0,0,0.0
1,0,2,707.9719270394334,Rural,0,Web,0,0,0.0
1,0,2,44.93124616214671,Urban,0,Phone,0,0,0.0
0,1,11,40.002041299292216,Suburban,1,Phone,0,0,0.0
1,0,9,466.8846381758022,Rural,0,Multichannel,0,0,0.0
0,0,1,336.78121293368474,Urban,0,Multichannel,0,0,0.0
0,1,1,97.42104652065659,Suburban,1,Web,0,0,0.0
0,0,4,1302.2581507260345,Suburban,1,Phone,0,0,0.0
1,0,9,105.8819353537426,Urban,0,Multichannel,1,1,126.09645456211827
0,0,5,347.05679373944275,Suburban,0,Phone,0,0,0.0
1,0,4,171.80887686459778,Suburban,0,Web,0,0,0.0
1,0,2,52.124266732193604,Rural,0,Multichannel,0,0,0.0
1,0,11,324.67613079763214,Rural,0,Phone,0,0,0.0
1,0,2,82.41816145848715,Rural,0,Multichannel,0,0,0.0
1,0,6,90.39043640328089,Rural,0,Web,1,1,30.83821981449624
0,0,8,1326.3828229182811,Rural,0,Web,0,0,0.0
0,1,1,217.19585028122094,Suburban,0,Multichannel,0,0,0.0
0,0,1,228.27472227692812,Rural,0,Phone,1,1,37.936678232695996
0,0,1,102.58810870945914,Suburban,0,Multichannel,1,0,0.0
1,0,2,297.93472259964693,Suburban,0,Web,0,0,0.0
0,1,12,210.2350463874427,Suburban,1,Phone,0,0,0.0
0,1,4,209.92953439230448,Urban,1,Web,0,0,0.0
1,0,1,14.04005085520977,Urban,0,Web,1,0,0.0
0,1,8,173.2065902273852,Suburban,0,Phone,0,0,0.0
0,0,6,443.5720168163511,Suburban,0,Web,0,0,0.0
0,1,3,134.81035462345682,Urban,0,Multichannel,1,1,17.798689399217952
1,0,1,31.869506778974323,Suburban,0,Web,0,0,0.0
0,1,1,426.1660346002281,Urban,0,Web,0,0,0.0
1,0,1,109.99098033282418,Suburban,0,Web,0,0,0.0
0,1,2,368.11991411264387,Rural,0,Phone,0,0,0.0
0,1,11,18.048579616429183,Suburban,0,Phone,0,0,0.0
1,0,8,248.931127843425,Suburban,0,Multichannel,1,0,0.0
0,1,4,3265.3385381607054,Urban,1,Web,0,0,0.0
0,0,5,449.10613830360495,Suburban,0,Phone,0,0,0.0
1,0,2,16.42724850139479,Suburban,1,Web,0,0,0.0
0,0,10,176.77436074756577,Urban,0,Phone,0,0,0.0
1,0,11,124.82625881924672,Suburban,0,Multichannel,0,0,0.0
0,0,5,26.66676136296955,Suburban,0,Multichannel,0,0,0.0
1,0,3,41.96918744865244,Urban,0,Web,1,1,200.73508906819157
0,0,2,1298.0022660757757,Suburban,0,Web,0,0,0.0
1,0,6,207.43662675747956,Urban,1,Multichannel,0,0,0.0
0,1,1,195.07362184677663,Rural,0,Web,0,0,0.0
0,0,12,488.04607198951976,Urban,0,Web,0,0,0.0
1,0,4,39.424706614903904,Urban,0,Web,0,0,0.0
0,0,5,24.304736957845986,Suburban,0,Multichannel,0,0,0.0
1,0,6,195.29442036359097,Suburban,0,Web,0,0,0.0
0,0,11,679.1906058469002,Suburban,1,Multichannel,0,0,0.0
0,1,8,27.533787016451495,Suburban,0,Web,0,0,0.0
1,0,10,25.19117866333217,Suburban,0,Multichannel,0,0,0.0
0,1,11,155.8533484198321,Suburban,0,Web,0,0,0.0
0,0,11,1403.5918545555264,Suburban,0,Multichannel,1,0,0.0
0,0,6,10.0,Rural,0,Web,0,0,0.0
1,0,3,368.8914833818052,Suburban,0,Web,0,0,0.0
0,1,1,65.94217595644389,Suburban,0,Multichannel,0,0,0.0
0,1,4,86.42369166622323,Suburban,0,Multichannel,0,0,0.0
1,0,12,76.91607564323418,Suburban,0,Web,1,0,0.0
0,0,12,74.45011982405546,Urban,1,Multichannel,0,0,0.0
1,0,6,31.403178513926406,Rural,0,Web,0,0,0.0
1,0,10,93.36501363998659,Urban,1,Phone,0,0,0.0
0,0,2,1321.7066006752052,Rural,0,Multichannel,0,0,0.0
0,1,1,231.57977872722324,Urban,1,Phone,0,0,0.0
0,1,11,112.68783013499768,Rural,0,Multichannel,0,0,0.0
0,0,7,129.048418540597,Urban,1,Web,0,0,0.0
0,0,3,128.46863100483864,Suburban,0,Web,0,0,0.0
1,0,7,42.813992079831635,Rural,0,Phone,0,0,0.0
0,0,12,304.2802321697085,Urban,0,Phone,0,0,0.0
1,0,2,13.304931747720618,Suburban,0,Multichannel,0,0,0.0
0,1,1,208.02760977372643,Suburban,0,Multichannel,1,0,0.0
0,0,4,344.6671947501098,Urban,0,Multichannel,0,0,0.0
0,0,1,131.81056480569342,Rural,0,Web,0,0,0.0
0,0,6,195.32347790649925,Suburban,0,Web,0,0,0.0
1,0,4,372.51222035788,Suburban,1,Web,0,0,0.0
0,1,11,42.79892459942313,Urban,1,Web,0,0,0.0
0,0,4,938.6252494010432,Suburban,1,Web,0,0,0.0
0,1,12,26.08918486033003,Suburban,0,Web,0,0,0.0
1,0,2,99.26043668894367,Rural,1,Web,0,0,0.0
0,0,9,52.259178289943705,Rural,0,Phone,1,0,0.0
0,1,8,63.68292125952295,Suburban,0,Multichannel,0,0,0.0
0,0,2,459.6172345505858,Suburban,0,Web,0,0,0.0
1,0,5,155.35185229373263,Suburban,0,Web,1,0,0.0
0,1,7,46.74684927829376,Suburban,0,Multichannel,1,0,0.0
0,0,3,105.52371570902247,Suburban,0,Web,1,0,0.0
0,0,6,176.11520304409606,Urban,0,Phone,0,0,0.0
0,1,5,96.87755766760783,Rural,0,Phone,0,0,0.0
0,1,1,220.034930095223,Suburban,0,Multichannel,0,0,0.0
0,1,5,72.3481327716864,Urban,0,Web,0,0,0.0
0,1,2,65.65638504316578,Urban,0,Multichannel,0,0,0.0
1,0,5,121.29198553814405,Rural,0,Web,0,0,0.0
0,1,11,165.40842051444181,Suburban,0,Web,0,0,0.0
0,0,2,319.05054619320214,Suburban,0,Web,1,0,0.0
0,0,3,139.81197308594994,Rural,0,Phone,0,0,0.0
0,1,2,46.44703615344793,Urban,1,Multichannel,0,0,0.0
0,1,6,275.8611877091587,Urban,0,Phone,1,0,0.0
1,0,10,36.60396026932921,Suburban,0,Web,1,1,58.6602979629622
0,1,5,113.01631602655974,Suburban,0,Multichannel,0,0,0.0
0,1,12,360.3466187385732,Urban,0,Multichannel,1,0,0.0
0,0,1,116.62386192806878,Suburban,0,Web,0,0,0.0
1,0,4,776.1019928222139,Suburban,0,Multichannel,1,0,0.0
1,0,5,236.5164486864136,Suburban,0,Phone,0,0,0.0
0,1,1,111.87062344765191,Suburban,0,Phone,0,0,0.0
0,1,3,424.1070285296544,Suburban,0,Multichannel,1,0,0.0
0,0,11,163.82498705504557,Suburban,0,Multichannel,0,0,0.0
0,0,11,493.8108742708868,Urban,0,Multichannel,0,0,0.0
0,1,12,5000.0,Suburban,0,Multichannel,1,0,0.0
0,0,10,78.25617295708872,Urban,1,Multichannel,0,0,0.0
0,1,4,202.92631016858465,Suburban,0,Phone,0,0,0.0
0,1,4,69.66605070358108,Urban,0,Phone,0,0,0.0
0,0,3,94.68208321843458,Suburban,0,Web,0,0,0.0
0,1,4,178.5619900926534,Rural,1,Multichannel,0,0,0.0
0,1,1,471.47296615574953,Suburban,0,Web,0,0,0.0
0,0,3,95.97285206836986,Suburban,0,Phone,0,0,0.0
0,0,3,144.68030319645212,Rural,1,Web,0,0,0.0
0,1,11,66.88218417706369,Suburban,0,Phone,0,0,0.0
1,0,9,1070.7111320877048,Suburban,0,Multichannel,0,0,0.0
1,0,8,14.281076132502076,Suburban,1,Web,0,0,0.0
0,0,12,496.16644575719556,Urban,0,Web,0,0,0.0
0,0,3,603.5356074767612,Urban,0,Web,1,1,17.28221200038058
1,0,7,226.52538332046367,Rural,0,Web,0,0,0.0
0,0,9,264.3681027573312,Rural,0,Web,0,0,0.0
0,0,12,2093.9906308728346,Suburban,0,Web,0,0,0.0
0,1,5,137.0422385979376,Suburban,0,Web,1,0,0.0
1,0,3,88.09499824747888,Urban,0,Web,0,0,0.0
0,0,1,1012.1406359858163,Suburban,0,Web,0,0,0.0
0,0,3,35.37626947844376,Suburban,0,Web,1,0,0.0
1,0,12,430.45990521673934,Urban,1,Web,0,0,0.0
1,0,12,50.61969260268787,Rural,0,Web,1,0,0.0
0,1,1,89.34771544425061,Suburban,0,Web,0,0,0.0
1,0,4,43.880582076580204,Suburban,1,Web,0,0,0.0
0,1,12,33.76653492321055,Suburban,0,Web,0,0,0.0
0,0,5,50.6793335144583,Urban,1,Multichannel,0,0,0.0
0,1,5,57.54880160560813,Suburban,0,Multichannel,0,0,0.0
1,0,4,80.7283478502855,Rural,1,Multichannel,0,0,0.0
0,1,6,85.8556792966848,Urban,1,Multichannel,0,0,0.0
0,0,7,64.35843701859761,Urban,1,Web,0,0,0.0
0,1,3,444.4307777592371,Urban,0,Web,0,0,0.0
0,1,12,148.68901356237205,Suburban,1,Web,0,0,0.0
1,0,12,119.5216053447424,Urban,0,Phone,0,0,0.0
0,1,2,10.0,Urban,0,Web,0,0,0.0
0,1,12,149.18444785734982,Suburban,0,Web,0,0,0.0
1,0,3,106.12623279391606,Suburban,0,Multichannel,0,0,0.0
0,1,10,35.325912364463335,Rural,0,Multichannel,0,0,0.0
0,1,1,111.75379424653674,Suburban,0,Phone,0,0,0.0
0,1,12,59.5287741471793,Urban,0,Multichannel,0,0,0.0
0,0,7,35.787196736651325,Rural,0,Multichannel,0,0,0.0
0,0,7,324.8491376349045,Suburban,1,Phone,0,0,0.0
0,0,7,158.9706015660377,Urban,0,Multichannel,1,0,0.0
0,0,11,23.65399793431465,Suburban,0,Multichannel,0,0,0.0
1,0,7,10.0,Suburban,0,Multichannel,1,0,0.0
1,0,4,285.2530600051923,Urban,0,Multichannel,0,0,0.0
0,1,2,114.3364356366348,Urban,0,Phone,1,1,35.84916863830445
0,1,2,20.991052908961745,Suburban,0,Phone,0,0,0.0
0,1,7,213.05579731068823,Urban,0,Web,1,1,32.78395468591389
0,0,4,81.06331062489164,Suburban,0,Web,0,0,0.0
0,0,12,417.75998879120175,Urban,0,Multichannel,0,0,0.0
0,1,1,416.4794395842689,Suburban,0,Phone,1,0,0.0
0,1,1,222.840864756932,Rural,0,Multichannel,1,1,82.99355921666492
0,0,10,63.222703748835194,Suburban,0,Multichannel,0,0,0.0
0,0,1,111.40745893630587,Urban,0,Multichannel,0,0,0.0
0,0,4,82.69844093405284,Urban,1,Multichannel,0,0,0.0
0,0,3,154.99752572656098,Suburban,1,Multichannel,0,0,0.0
0,1,11,25.749973016038513,Suburban,0,Web,0,0,0.0
1,0,7,1185.5138894284019,Urban,0,Web,0,0,0.0
1,0,10,961.1548697374936,Rural,0,Multichannel,1,1,13.73523669493035
0,0,12,23.35396651330333,Rural,0,Web,0,0,0.0
0,0,12,239.44143608282124,Suburban,0,Web,0,0,0.0
1,0,1,17.720604795127016,Suburban,0,Web,1,0,0.0
0,1,5,435.3076090874809,Suburban,0,Multichannel,0,0,0.0
1,0,1,69.35020773245957,Rural,1,Phone,0,0,0.0
0,1,2,83.17522180746057,Suburban,0,Web,0,0,0.0
0,1,4,73.88064496674603,Suburban,0,Web,0,0,0.0
0,0,6,25.745578776364763,Suburban,0,Multichannel,0,0,0.0
0,0,12,267.56947509050144,Suburban,1,Web,0,0,0.0
0,1,1,100.56353242001218,Suburban,0,Web,0,0,0.0
0,1,1,10.0,Rural,0,Web,1,0,0.0
0,0,6,2039.0614316643932,Suburban,0,Web,0,0,0.0
1,0,10,164.07666492154917,Urban,0,Web,0,0,0.0
0,0,12,186.0953720843254,Suburban,0,Phone,0,0,0.0
0,1,7,170.65598997684543,Rural,1,Web,0,0,0.0
0,0,1,439.18765389329457,Rural,0,Phone,1,0,0.0
1,0,1,51.75237236075803,Suburban,0,Multichannel,0,0,0.0
1,0,2,305.3145882820678,Rural,0,Web,0,0,0.0
1,0,11,106.14590712573805,Urban,1,Phone,0,0,0.0
0,0,1,256.00576226223114,Suburban,1,Web,0,0,0.0
1,0,3,498.94701485497365,Suburban,0,Multichannel,0,0,0.0
0,0,11,728.2532849900225,Urban,1,Web,0,0,0.0
0,1,5,113.26680419063594,Rural,0,Web,1,0,0.0
0,1,7,512.0803210603359,Rural,1,Web,0,0,0.0
0,1,10,531.9945572123838,Rural,0,Web,1,0,0.0
1,0,7,58.1494431955369,Rural,1,Web,0,0,0.0
0,0,4,10.0,Urban,0,Web,0,0,0.0
0,1,2,186.96880076865648,Urban,0,Phone,0,0,0.0
1,0,10,93.98739184503182,Urban,0,Multichannel,0,0,0.0
0,0,12,142.5232791944802,Urban,1,Multichannel,0,0,0.0
1,0,6,142.02286772682587,Urban,0,Web,0,0,0.0
1,0,12,21.04171413424404,Suburban,0,Web,0,0,0.0
1,0,3,97.44121114818678,Suburban,0,Phone,0,0,0.0
0,1,6,431.7249542234429,Suburban,0,Multichannel,0,0,0.0
1,0,2,130.92783766511954,Suburban,0,Web,0,0,0.0
0,0,2,1009.0531010855586,Suburban,1,Web,0,0,0.0
1,0,1,48.55511273507762,Suburban,0,Phone,0,0,0.0
0,0,10,165.65397357282677,Urban,1,Web,0,0,0.0
1,0,4,41.12244769991517,Suburban,0,Web,0,0,0.0
0,0,4,263.7031209335476,Suburban,0,Multichannel,0,0,0.0
0,0,4,370.6494513369232,Suburban,0,Web,1,0,0.0
0,1,11,197.8340969576759,Suburban,0,Multichannel,1,0,0.0
0,0,3,190.76571470055075,Rural,0,Web,0,0,0.0
1,0,12,16.333344286994922,Urban,0,Multichannel,1,1,12.362331272710207
0,0,5,112.05675738783498,Suburban,0,Multichannel,0,0,0.0
1,0,1,205.69394642460682,Suburban,1,Multichannel,0,0,0.0
1,0,1,179.33030072342893,Suburban,0,Multichannel,0,0,0.0
0,0,7,14.908421453631481,Suburban,1,Phone,1,0,0.0
0,0,1,25.04778291021416,Suburban,0,Phone,1,0,0.0
1,0,4,169.855273720637,Suburban,0,Web,0,0,0.0
1,0,8,66.5064224998295,Urban,0,Web,1,0,0.0
1,0,11,72.17092030758022,Urban,0,Web,0,0,0.0
1,0,7,644.344412747723,Rural,0,Web,1,0,0.0
1,0,8,29.837895504607953,Suburban,0,Web,0,0,0.0
0,0,6,132.92711320152884,Suburban,0,Phone,0,0,0.0
0,1,4,26.647931471927663,Urban,0,Phone,0,0,0.0
0,0,1,136.62714682365888,Rural,0,Multichannel,0,0,0.0
0,1,11,239.9563919285424,Suburban,1,Web,0,0,0.0
0,1,2,333.4668997981039,Suburban,0,Web,1,0,0.0
1,0,12,67.32787080638482,Suburban,0,Web,0,0,0.0
0,0,2,237.08588596540497,Rural,0,Phone,1,0,0.0
0,1,12,138.74275314870587,Suburban,0,Multichannel,0,0,0.0
0,0,11,10.0,Urban,0,Multichannel,0,0,0.0
0,0,3,85.53183850372493,Suburban,0,Multichannel,0,0,0.0
0,1,11,54.7075410598782,Rural,0,Web,1,0,0.0
1,0,1,188.8258393005776,Rural,0,Phone,1,0,0.0
1,0,8,76.23772455228973,Rural,0,Multichannel,0,0,0.0
1,0,9,388.3726765283786,Rural,0,Multichannel,1,0,0.0
0,1,11,61.707928932419236,Urban,0,Multichannel,0,0,0.0
1,0,1,367.1556927535168,Rural,0,Multichannel,1,1,91.77323415280854
1,0,12,131.57710818365547,Rural,0,Web,0,0,0.0
0,1,6,83.02819700980761,Rural,0,Multichannel,1,0,0.0
0,0,5,246.31529806084154,Rural,0,Web,0,0,0.0
0,0,2,2106.9069754481934,Urban,0,Multichannel,1,0,0.0
0,0,8,481.00285194577157,Rural,1,Phone,0,0,0.0
1,0,5,31.20301474405103,Suburban,1,Phone,0,0,0.0
0,1,5,78.19504296808024,Rural,0,Web,0,0,0.0
0,0,7,333.0522946139534,Suburban,0,Web,0,0,0.0
0,0,8,627.059448040978,Suburban,0,Multichannel,0,0,0.0
0,1,9,84.71961009283174,Rural,0,Web,0,0,0.0
0,1,1,141.57436927437908,Urban,0,Web,1,0,0.0
1,0,2,20.294254041691033,Urban,0,Multichannel,1,0,0.0
1,0,2,45.77659749938014,Rural,0,Phone,0,0,0.0
0,1,1,74.33109987404328,Urban,1,Phone,1,0,0.0
0,0,3,344.14751716770365,Suburban,0,Web,0,0,0.0
1,0,9,31.973436208910808,Urban,0,Multichannel,1,0,0.0
0,1,3,123.51325004939928,Suburban,1,Multichannel,0,0,0.0
0,0,11,406.8931580640679,Suburban,0,Multichannel,1,0,0.0
0,0,4,151.38505560724917,Suburban,0,Web,0,0,0.0
0,1,5,78.12303262585769,Urban,0,Web,0,0,0.0
1,0,2,83.05352082869858,Rural,0,Phone,0,0,0.0
1,0,12,220.71323360750347,Suburban,1,Multichannel,0,0,0.0
1,0,3,50.254121683263584,Urban,0,Multichannel,1,1,10.0
1,0,2,2321.8168193469783,Urban,1,Web,0,0,0.0
0,1,11,483.01573616302954,Urban,0,Web,0,0,0.0
0,1,7,192.69718962566535,Rural,0,Multichannel,0,0,0.0
1,0,1,21.781974708707896,Urban,0,Phone,1,1,61.25092889981951
0,1,12,102.04075564707719,Rural,0,Multichannel,0,0,0.0
0,0,12,10.0,Urban,1,Web,0,0,0.0
0,0,12,73.84295944465761,Urban,0,Web,0,0,0.0
0,0,3,134.06446696725874,Rural,0,Web,0,0,0.0
0,0,6,147.44366584696579,Suburban,1,Multichannel,0,0,0.0
0,1,3,688.8608204557629,Suburban,0,Multichannel,0,0,0.0
0,0,6,198.06724024761374,Urban,0,Web,0,0,0.0
0,0,7,239.62339638304192,Urban,1,Phone,0,0,0.0
1,0,3,87.80542203411764,Suburban,0,Multichannel,0,0,0.0
0,1,7,82.8095736753025,Urban,1,Multichannel,0,0,0.0
1,0,6,304.98025152283776,Suburban,0,Web,0,0,0.0
0,0,9,208.09645146015134,Suburban,0,Phone,0,0,0.0
1,0,12,113.1937276707306,Rural,1,Web,0,0,0.0
0,1,3,33.21924382801758,Rural,0,Web,0,0,0.0
0,1,5,65.22916121686235,Rural,0,Web,0,0,0.0
0,0,8,883.4009615116096,Suburban,0,Web,0,0,0.0
0,1,12,67.52915530692329,Rural,0,Multichannel,1,0,0.0
1,0,1,120.17774410727247,Urban,1,Web,0,0,0.0
0,0,1,166.56160256715788,Urban,0,Web,0,0,0.0
1,0,1,495.71684511431437,Suburban,1,Multichannel,0,0,0.0
0,0,4,135.80587205644767,Suburban,0,Web,0,0,0.0
0,1,4,117.27732566417279,Suburban,0,Multichannel,0,0,0.0
0,1,8,178.6094301159012,Rural,1,Multichannel,0,0,0.0
0,0,2,626.3953655755305,Suburban,0,Web,0,0,0.0
0,1,11,2520.4626113091867,Suburban,1,Web,0,0,0.0
0,1,12,501.9545743611748,Urban,0,Phone,0,0,0.0
0,1,4,98.41037776239534,Suburban,0,Multichannel,1,0,0.0
0,0,4,756.403998755924,Suburban,0,Web,0,0,0.0
0,0,5,171.6087324970888,Rural,1,Web,0,0,0.0
1,0,5,62.373547092834734,Urban,0,Web,0,0,0.0
0,1,8,113.84354662926023,Urban,0,Web,0,0,0.0
0,0,10,53.062370733180366,Rural,1,Web,0,0,0.0
0,1,4,171.20854833574538,Urban,0,Phone,0,0,0.0
0,0,3,874.0215551175961,Urban,1,Web,0,0,0.0
0,0,9,122.46670568618454,Urban,0,Web,1,0,0.0
0,1,10,108.91220271552926,Rural,0,Web,0,0,0.0
0,0,1,57.803131959046574,Rural,0,Web,0,0,0.0
0,1,12,108.69751481352182,Suburban,0,Multichannel,0,0,0.0
0,1,8,95.67939589013373,Suburban,1,Web,0,0,0.0
1,0,3,169.6615644252667,Urban,0,Multichannel,0,0,0.0
0,0,4,129.50143659542007,Suburban,0,Phone,0,0,0.0
0,1,1,42.29850863087305,Suburban,0,Web,0,0,0.0
1,0,2,203.12510070021827,Suburban,0,Web,1,1,25.66402650919117
0,0,3,102.26024193336731,Suburban,1,Multichannel,0,0,0.0
0,1,2,197.45124429836798,Urban,1,Web,0,0,0.0
1,0,1,47.216546919808515,Urban,0,Web,1,0,0.0
0,1,12,540.4445645375997,Suburban,1,Web,0,0,0.0
0,1,9,490.1751614975471,Suburban,0,Web,0,0,0.0
1,0,12,326.89126847264794,Suburban,0,Web,0,0,0.0
1,0,7,159.67313768806733,Suburban,0,Web,0,0,0.0
0,1,11,88.36348885864983,Urban,0,Web,0,0,0.0
1,0,11,63.98312921944809,Rural,0,Multichannel,0,0,0.0
0,0,9,573.7631809621006,Suburban,0,Multichannel,0,0,0.0
0,0,12,632.0461503518902,Rural,0,Web,0,0,0.0
1,0,1,103.5534887154875,Suburban,0,Web,0,0,0.0
0,0,10,213.0788005055391,Suburban,1,Phone,0,0,0.0
0,0,2,97.18973998930069,Suburban,1,Web,0,0,0.0
0,0,10,100.19650777557251,Urban,0,Web,1,0,0.0
1,0,1,76.68174244506413,Urban,0,Web,0,0,0.0
1,0,4,172.40075637254967,Suburban,1,Web,0,0,0.0
0,1,9,117.38799794571571,Urban,0,Web,0,0,0.0
0,0,12,98.85053481672531,Suburban,1,Web,0,0,0.0
0,1,7,80.95960009471744,Urban,1,Web,0,0,0.0
0,0,2,63.39595878553574,Rural,1,Multichannel,0,0,0.0
0,1,9,137.54382869322058,Suburban,0,Web,0,0,0.0
1,0,12,29.960700160365565,Rural,0,Multichannel,0,0,0.0
0,1,7,199.50802920976167,Suburban,0,Multichannel,0,0,0.0
1,0,7,1258.33519563754,Suburban,0,Phone,0,0,0.0
1,0,11,20.661014508780777,Urban,0,Web,1,0,0.0
1,0,4,237.59196444750395,Urban,1,Multichannel,0,0,0.0
0,1,11,410.77863860373685,Suburban,0,Web,0,0,0.0
0,1,2,23.122362609647567,Suburban,0,Web,0,0,0.0
0,1,1,152.03038779303154,Suburban,0,Multichannel,0,0,0.0
1,0,2,389.2675759171299,Suburban,0,Phone,1,0,0.0
0,0,7,10.864470701159695,Urban,0,Web,1,0,0.0
0,0,4,431.0671158670728,Suburban,0,Phone,0,0,0.0
0,0,11,15.40768816183506,Suburban,1,Web,0,0,0.0
0,1,2,192.97305932913903,Rural,0,Phone,1,0,0.0
0,0,10,189.15121972116785,Rural,0,Multichannel,1,0,0.0
0,1,5,197.28733306273188,Urban,0,Web,1,0,0.0
0,0,4,327.4250455411222,Rural,0,Web,0,0,0.0
0,1,9,33.585539813556146,Urban,0,Multichannel,0,0,0.0
1,0,12,181.9119351979864,Urban,0,Web,0,0,0.0
0,0,11,196.75423326295194,Suburban,0,Phone,1,0,0.0
0,0,5,82.98158503709888,Urban,0,Web,0,0,0.0
0,0,8,88.56464454877752,Suburban,0,Phone,0,0,0.0
1,0,11,85.63253971459724,Suburban,1,Phone,0,0,0.0
0,0,3,226.11466206007623,Suburban,0,Web,0,0,0.0
0,0,7,252.6538808917526,Urban,1,Web,0,0,0.0
0,0,9,59.11807843124213,Rural,0,Web,0,0,0.0
0,1,6,490.68122310958734,Rural,0,Web,0,0,0.0
0,1,1,122.04216786001282,Urban,0,Multichannel,0,0,0.0
1,0,5,303.5353171645894,Suburban,1,Phone,0,0,0.0
0,1,2,21.328347044278743,Urban,0,Web,0,0,0.0
0,0,4,228.72285964178502,Rural,0,Multichannel,0,0,0.0
0,1,4,40.857688860289805,Suburban,0,Multichannel,0,0,0.0
1,0,10,109.91308128851351,Urban,0,Web,0,0,0.0
0,1,1,16.711116630067654,Suburban,0,Web,0,0,0.0
1,0,11,393.5772512948961,Urban,0,Web,0,0,0.0
0,1,11,107.09266365331551,Suburban,0,Phone,0,0,0.0
1,0,3,69.97169691449396,Suburban,0,Multichannel,0,0,0.0
0,0,2,111.61693346440872,Urban,0,Phone,1,0,0.0
0,1,12,79.1520359574954,Urban,0,Web,0,0,0.0
1,0,10,99.71289149028313,Rural,0,Web,1,0,0.0
0,0,2,10.0,Suburban,1,Web,0,0,0.0
0,0,1,202.78749781174517,Rural,1,Web,0,0,0.0
0,1,12,235.69115527654745,Suburban,1,Phone,0,0,0.0
0,1,6,210.39522482229276,Urban,1,Web,1,0,0.0
0,0,9,189.26973332506154,Suburban,0,Web,0,0,0.0
0,0,12,479.2326902660948,Suburban,0,Multichannel,0,0,0.0
1,0,5,128.00789462207788,Rural,0,Phone,0,0,0.0
0,1,8,756.1948558903671,Suburban,0,Phone,0,0,0.0
0,0,5,123.43361637170115,Suburban,0,Phone,0,0,0.0
0,0,5,287.61088736229937,Urban,0,Web,0,0,0.0
1,0,3,44.91180445966812,Urban,1,Web,0,0,0.0
0,1,12,14.175063037420081,Urban,0,Web,0,0,0.0
1,0,4,360.6100757835092,Urban,0,Phone,0,0,0.0
0,0,7,22.29268606066575,Rural,0,Web,0,0,0.0
0,1,5,20.007444282738174,Rural,0,Web,0,0,0.0
1,0,10,83.91234635328803,Suburban,0,Web,0,0,0.0
0,1,4,210.52239966243005,Suburban,0,Web,0,0,0.0
1,0,5,334.2519020434869,Suburban,0,Multichannel,1,1,16.76556568461225
0,0,2,75.69500119415686,Suburban,0,Web,0,0,0.0
0,1,1,570.8846076150569,Rural,0,Web,0,0,0.0
0,0,2,281.5160976167316,Suburban,0,Web,0,0,0.0
0,0,2,24.1651269742426,Urban,0,Web,0,0,0.0
1,0,1,10.0,Suburban,1,Web,0,0,0.0
0,1,11,67.50096122218493,Suburban,0,Multichannel,1,0,0.0
0,1,11,297.37386881542557,Suburban,0,Multichannel,0,0,0.0
0,1,3,1108.9503063113284,Suburban,0,Multichannel,0,0,0.0
1,0,12,123.19651699749511,Suburban,1,Multichannel,0,0,0.0
0,1,1,24.52598455095402,Suburban,1,Phone,0,0,0.0
1,0,3,28.277972708361645,Urban,0,Multichannel,1,1,43.90621992693855
0,0,2,235.84607289636932,Suburban,1,Multichannel,0,0,0.0
1,0,3,110.50469326439534,Rural,0,Multichannel,0,0,0.0
1,0,7,2125.561317867046,Urban,0,Phone,0,0,0.0
0,0,8,762.4925959539124,Rural,0,Web,0,0,0.0
0,0,1,342.74938097574716,Rural,0,Web,0,0,0.0
1,0,2,110.84232736724412,Suburban,0,Web,0,0,0.0
1,0,6,440.2654247002471,Urban,0,Multichannel,1,0,0.0
0,1,5,673.2479347238193,Urban,0,Web,0,0,0.0
0,0,5,196.4432679522602,Rural,1,Web,0,0,0.0
1,0,10,37.385729976185665,Rural,1,Phone,0,0,0.0
0,0,5,131.8407697934317,Suburban,0,Phone,0,0,0.0
0,0,12,44.58905631753862,Suburban,0,Web,1,1,16.061407646862534
1,0,1,82.60209868149813,Urban,0,Multichannel,0,0,0.0
0,1,1,209.15008816867817,Rural,0,Multichannel,0,0,0.0
0,0,8,287.9616954026438,Urban,0,Web,1,0,0.0
0,0,4,34.78429762125032,Urban,1,Phone,0,0,0.0
1,0,1,342.91893232317085,Suburban,0,Multichannel,0,0,0.0
0,0,1,26.675400204776974,Urban,0,Multichannel,0,0,0.0
1,0,3,13.342459926719028,Urban,0,Web,1,0,0.0
0,0,2,26.381917895647792,Suburban,0,Phone,1,0,0.0
1,0,7,172.6599367980859,Urban,1,Multichannel,0,0,0.0
0,1,7,51.685763937438225,Suburban,0,Phone,0,0,0.0
0,0,7,483.34754950235,Suburban,0,Web,0,0,0.0
1,0,12,161.66586557644655,Rural,1,Web,0,0,0.0
0,1,12,73.67334891778424,Rural,0,Web,0,0,0.0
0,0,7,52.183709930424136,Suburban,0,Web,0,0,0.0
0,1,2,1839.8626250505001,Urban,0,Phone,0,0,0.0
0,1,6,32.50872182772993,Suburban,0,Web,1,0,0.0
0,1,1,30.45403946482111,Urban,0,Web,0,0,0.0
1,0,12,95.34136855965149,Urban,0,Multichannel,0,0,0.0
0,1,3,34.31851452971832,Suburban,1,Web,0,0,0.0
0,0,2,69.59439384806197,Rural,0,Web,0,0,0.0
1,0,7,13.095153455181906,Suburban,0,Web,1,0,0.0
1,0,5,528.8063338523455,Suburban,0,Web,0,0,0.0
0,1,6,98.80975253430837,Urban,0,Multichannel,0,0,0.0
0,1,9,10.0,Suburban,1,Multichannel,0,0,0.0
0,0,2,115.47578675158871,Suburban,0,Web,0,0,0.0
1,0,11,209.38049391385803,Urban,1,Phone,0,0,0.0
0,1,6,502.7919773512328,Urban,0,Web,0,0,0.0
1,0,8,454.12320074284776,Suburban,1,Web,0,0,0.0
0,0,2,1846.5595527767202,Rural,0,Phone,0,0,0.0
0,0,2,133.9083016208022,Rural,1,Web,0,0,0.0
1,0,1,867.0289723691508,Urban,0,Web,0,0,0.0
0,0,3,64.17621681035857,Urban,0,Multichannel,0,0,0.0
0,0,2,19.840723097230928,Rural,0,Multichannel,0,0,0.0
0,0,2,35.71213839133387,Rural,0,Web,0,0,0.0
1,0,12,76.92033825293552,Rural,0,Multichannel,1,0,0.0
1,0,3,17.937096735496436,Urban,0,Web,0,0,0.0
0,1,12,26.962269786404953,Suburban,0,Web,0,0,0.0
0,1,1,80.55775281622938,Suburban,1,Multichannel,0,0,0.0
0,1,1,40.23616092697875,Rural,0,Web,0,0,0.0
0,0,2,630.2146263894043,Urban,0,Multichannel,0,0,0.0
0,0,9,136.79690883433707,Suburban,0,Phone,0,0,0.0
1,0,12,22.13402290349326,Rural,1,Web,0,0,0.0
0,1,2,98.0471826904341,Urban,1,Multichannel,0,0,0.0
0,1,12,34.52902486837198,Urban,1,Multichannel,0,0,0.0
0,1,11,50.28204426650411,Urban,0,Multichannel,0,0,0.0
0,0,4,185.7160060103503,Urban,0,Web,0,0,0.0
0,0,3,52.45781075858511,Suburban,0,Multichannel,1,0,0.0
0,1,12,192.73913308480425,Urban,0,Web,0,0,0.0
0,1,5,112.32405220022315,Suburban,0,Multichannel,0,0,0.0
1,0,1,375.5403833037732,Urban,0,Multichannel,0,0,0.0
0,1,4,112.7596466740332,Suburban,1,Multichannel,1,0,0.0
0,1,11,50.7408361686398,Rural,0,Multichannel,0,0,0.0
1,0,1,373.4251087749427,Urban,0,Web,1,1,10.0
1,0,1,43.68875432258778,Suburban,0,Web,0,0,0.0
0,1,7,139.09790536806702,Urban,0,Multichannel,0,0,0.0
1,0,12,26.484167018080647,Suburban,1,Web,0,0,0.0
0,0,5,138.1176836253308,Rural,0,Web,0,0,0.0
0,0,2,37.230265569234284,Rural,0,Web,0,0,0.0
0,0,1,154.5640480285221,Urban,0,Web,0,0,0.0
1,0,7,64.01702046290532,Suburban,0,Phone,0,0,0.0
1,0,12,49.41102893207289,Rural,0,Phone,0,0,0.0
0,1,4,72.92298912046631,Suburban,1,Web,0,0,0.0
0,1,9,283.0663694830285,Suburban,0,Web,0,0,0.0
1,0,6,52.48722247843079,Urban,0,Multichannel,0,0,0.0
0,0,3,12.498079927909158,Urban,0,Web,0,0,0.0
0,1,10,222.51291769105694,Suburban,0,Phone,0,0,0.0
0,0,1,220.413715818392,Suburban,1,Multichannel,0,0,0.0
1,0,5,300.2298757168249,Urban,0,Phone,0,0,0.0
0,1,6,91.99731123065907,Rural,0,Multichannel,0,0,0.0
0,1,4,65.90282626590952,Urban,1,Multichannel,0,0,0.0
1,0,9,972.3072025613744,Suburban,1,Multichannel,0,0,0.0
0,0,8,1817.696105051609,Suburban,0,Web,1,0,0.0
0,0,2,63.88685504903898,Urban,0,Web,0,0,0.0
0,0,11,12.898623255420896,Rural,0,Web,0,0,0.0
1,0,1,234.59189097468214,Urban,0,Web,0,0,0.0
0,1,8,15.50301017129572,Suburban,0,Web,1,0,0.0
1,0,3,105.26327716331294,Suburban,0,Phone,0,0,0.0
0,0,8,60.62213632892933,Rural,0,Web,0,0,0.0
0,0,1,220.96406268181414,Urban,0,Multichannel,0,0,0.0
1,0,12,287.94889991696544,Suburban,0,Multichannel,0,0,0.0
0,0,12,328.99693271465384,Suburban,0,Web,0,0,0.0
0,1,2,173.53319341577412,Suburban,0,Web,1,0,0.0
0,1,5,645.1562885745011,Rural,0,Web,0,0,0.0
0,1,1,47.67132621699209,Rural,0,Multichannel,0,0,0.0
1,0,3,24.678243379847597,Suburban,0,Phone,0,0,0.0
0,1,12,777.1156200457223,Suburban,0,Multichannel,0,0,0.0
1,0,1,42.88006029725113,Rural,1,Phone,0,0,0.0
1,0,3,113.69906588019664,Rural,0,Multichannel,1,1,111.3139538229525
1,0,7,71.31604957076495,Suburban,0,Multichannel,1,1,16.22902571120666
0,1,9,730.1617714643231,Rural,0,Web,0,0,0.0
1,0,1,559.3848228053408,Suburban,1,Multichannel,1,0,0.0
1,0,4,38.19988690327584,Suburban,0,Web,1,0,0.0
0,0,1,193.34998774697996,Urban,0,Phone,0,0,0.0
0,1,2,168.6327910684066,Suburban,0,Web,1,0,0.0
0,0,11,66.18140398979403,Suburban,0,Multichannel,0,0,0.0
0,1,11,28.95551033733287,Suburban,0,Multichannel,0,0,0.0
0,0,12,41.47178555527366,Rural,0,Web,0,0,0.0
0,0,5,31.99982514079752,Suburban,0,Web,0,0,0.0
0,0,6,644.7902810756221,Suburban,0,Multichannel,1,0,0.0
0,0,1,162.95996205391802,Urban,0,Web,0,0,0.0
0,1,5,123.12641911185337,Urban,0,Multichannel,0,0,0.0
0,1,10,45.90048577391829,Urban,0,Web,1,0,0.0
0,0,7,319.13818492569146,Urban,0,Web,0,0,0.0
0,1,4,27.276502978312635,Urban,0,Web,0,0,0.0
0,1,3,195.07588940906723,Suburban,0,Phone,1,0,0.0
0,1,11,74.83762794969893,Suburban,0,Multichannel,0,0,0.0
0,0,5,396.169218064557,Suburban,0,Web,1,0,0.0
1,0,11,2742.464369213107,Suburban,1,Web,0,0,0.0
0,1,7,118.73153046943384,Suburban,0,Phone,0,0,0.0
0,1,12,107.79639308343755,Rural,0,Multichannel,0,0,0.0
0,0,3,108.85658115537596,Suburban,0,Multichannel,1,0,0.0
0,0,4,157.57381615097873,Suburban,0,Web,0,0,0.0
1,0,2,235.05774507751562,Suburban,0,Phone,0,0,0.0
0,0,1,126.55969179931577,Urban,0,Phone,0,0,0.0
1,0,11,89.16046938219809,Urban,0,Multichannel,0,0,0.0
1,0,7,159.1606978038543,Urban,0,Web,0,0,0.0
1,0,8,786.6415016732426,Suburban,1,Phone,0,0,0.0
1,0,3,216.19180604980224,Suburban,1,Web,0,0,0.0
0,0,1,75.63978399381067,Urban,0,Web,0,0,0.0
1,0,9,85.65269207006294,Urban,0,Web,0,0,0.0
0,0,5,30.176780204815707,Suburban,1,Web,0,0,0.0
0,0,6,28.838214422003308,Rural,0,Multichannel,1,0,0.0
0,0,4,644.5073350078987,Suburban,0,Web,0,0,0.0
0,0,9,327.0428518711149,Suburban,0,Multichannel,0,0,0.0
0,1,5,1118.3820921918036,Urban,0,Multichannel,0,0,0.0
0,1,9,330.4583965186212,Suburban,0,Web,0,0,0.0
0,0,3,89.48534534973962,Suburban,0,Multichannel,0,0,0.0
0,0,6,168.37673251798063,Suburban,0,Web,1,0,0.0
0,1,5,116.34339925893823,Suburban,0,Web,0,0,0.0
1,0,11,54.34001483384162,Suburban,0,Phone,0,0,0.0
1,0,3,52.295939090262344,Rural,1,Multichannel,0,0,0.0
0,0,1,1275.1437764853551,Urban,0,Web,0,0,0.0
0,0,12,435.9707527545675,Rural,0,Phone,0,0,0.0
0,1,12,658.7505146638384,Suburban,1,Web,0,0,0.0
1,0,10,49.64197129156689,Suburban,1,Web,0,0,0.0
1,0,2,394.5889260541263,Urban,0,Multichannel,0,0,0.0
0,0,1,130.85088068872145,Suburban,0,Multichannel,0,0,0.0
0,1,1,196.9312941973421,Suburban,0,Phone,0,0,0.0
0,0,1,106.53019109702004,Suburban,1,Web,0,0,0.0
0,0,2,945.8640227917031,Suburban,1,Web,0,0,0.0
0,1,5,22.54971992260523,Rural,0,Web,0,0,0.0
1,0,3,371.1202449484143,Urban,1,Web,0,0,0.0
0,1,2,11.630817411770117,Rural,0,Multichannel,1,1,53.17267745037992
0,1,1,355.00763540541215,Suburban,0,Web,0,0,0.0
0,1,1,84.98270446645148,Suburban,0,Web,0,0,0.0
0,1,5,425.6765401777975,Suburban,0,Multichannel,0,0,0.0
1,0,6,519.4760364929775,Suburban,0,Web,1,0,0.0
0,0,4,305.6017260953292,Suburban,0,Multichannel,0,0,0.0
1,0,1,5000.0,Urban,0,Phone,1,1,197.98941701845868
0,0,2,142.84235887829686,Suburban,0,Multichannel,0,0,0.0
0,1,1,128.18035213578685,Urban,0,Phone,0,0,0.0
1,0,8,62.550765445174136,Rural,0,Phone,0,0,0.0
0,0,1,66.83234503613181,Rural,0,Phone,0,0,0.0
0,1,1,1339.9868356230052,Suburban,0,Multichannel,1,0,0.0
0,1,1,333.77248223073764,Suburban,0,Web,0,0,0.0
0,0,8,249.33727469099037,Suburban,0,Phone,0,0,0.0
1,0,4,55.59175180170747,Suburban,0,Phone,0,0,0.0
0,0,11,400.6580594795261,Suburban,1,Web,1,0,0.0
0,0,7,310.12603574831786,Urban,1,Phone,0,0,0.0
1,0,1,399.03698328956926,Suburban,0,Web,0,0,0.0
1,0,11,49.55551536717094,Suburban,0,Web,1,1,23.226146526946422
0,1,12,485.46221634196314,Suburban,0,Web,0,0,0.0
0,1,10,22.743993505432304,Urban,1,Web,0,0,0.0
1,0,10,629.8800517799232,Rural,0,Multichannel,0,0,0.0
0,0,3,143.0610399200289,Rural,1,Web,0,0,0.0
1,0,3,34.2193793511255,Rural,0,Web,0,0,0.0
0,1,10,179.87828824923528,Rural,0,Phone,1,0,0.0
1,0,4,554.4469074215856,Suburban,0,Multichannel,1,0,0.0
1,0,6,114.11931874259356,Suburban,0,Web,0,0,0.0
1,0,1,377.7516363373997,Suburban,1,Phone,0,0,0.0
0,1,1,188.84092945530048,Rural,0,Phone,1,0,0.0
1,0,8,47.726295677746805,Suburban,0,Web,0,0,0.0
0,0,4,21.811649997821323,Urban,0,Multichannel,0,0,0.0
1,0,5,454.28104291856124,Suburban,1,Phone,0,0,0.0
0,0,1,189.48206901116444,Rural,0,Multichannel,1,1,33.32592235144508
1,0,2,77.76918526998458,Rural,0,Multichannel,1,1,33.81848599338387
0,1,11,122.42486887646771,Suburban,0,Phone,0,0,0.0
0,0,12,1092.661244589317,Urban,0,Web,0,0,0.0
0,0,4,179.17016438201932,Urban,0,Multichannel,0,0,0.0
0,1,1,40.98157412074105,Urban,0,Web,0,0,0.0
0,0,12,225.1425342604528,Urban,0,Web,0,0,0.0
1,0,11,2972.2237224575474,Urban,0,Web,0,0,0.0
1,0,6,58.65619502596475,Rural,1,Multichannel,0,0,0.0
1,0,2,18.136817209930914,Suburban,0,Web,0,0,0.0
0,0,8,106.50910502160004,Suburban,0,Multichannel,0,0,0.0
0,1,2,177.15085338125058,Suburban,0,Web,0,0,0.0
0,1,2,190.70897081606108,Urban,0,Multichannel,1,1,27.037398082855812
0,1,12,171.61076664526857,Rural,0,Phone,0,0,0.0
0,1,11,152.51156787108854,Rural,0,Phone,0,0,0.0
0,0,11,224.65569818723367,Suburban,0,Phone,0,0,0.0
1,0,1,242.41435921966843,Urban,0,Web,0,0,0.0
0,1,11,142.33148680567714,Urban,0,Multichannel,0,0,0.0
1,0,9,20.034958606492946,Suburban,0,Phone,1,0,0.0
0,0,9,186.8871158774822,Suburban,0,Web,0,0,0.0
0,0,4,521.740223278432,Rural,1,Multichannel,0,0,0.0
0,0,5,213.567083454746,Urban,0,Phone,0,0,0.0
1,0,2,231.43470440135414,Urban,0,Multichannel,0,0,0.0
1,0,3,21.327159010145422,Suburban,0,Web,0,0,0.0
1,0,3,10.0,Rural,1,Multichannel,0,0,0.0
0,1,1,36.68826955073614,Suburban,0,Phone,0,0,0.0
0,1,1,127.18331447371499,Suburban,0,Phone,1,0,0.0
0,1,4,75.48485723805022,Rural,0,Phone,1,1,38.14000444229228
1,0,3,56.50964586572896,Suburban,0,Web,0,0,0.0
0,1,4,66.43148232376281,Suburban,0,Multichannel,0,0,0.0
0,1,9,114.7429475084931,Urban,0,Phone,0,0,0.0
0,1,5,422.4133547202411,Urban,0,Multichannel,1,1,61.15915490815191
0,1,3,866.6446385622924,Suburban,0,Multichannel,0,0,0.0
1,0,2,126.26017583764387,Rural,0,Web,0,0,0.0
0,0,8,151.02902935309123,Rural,0,Multichannel,0,0,0.0
0,0,1,436.597388753251,Suburban,0,Web,0,0,0.0
1,0,3,596.8235490272235,Suburban,1,Web,1,1,16.014682545942204
1,0,12,238.06623101532355,Rural,0,Web,0,0,0.0
0,0,4,264.9388507990979,Urban,0,Web,0,0,0.0
1,0,7,362.8450962238444,Suburban,1,Multichannel,0,0,0.0
0,1,2,124.71947109364837,Rural,0,Web,0,0,0.0
0,0,1,274.67415991221117,Suburban,0,Multichannel,0,0,0.0
1,0,7,250.59991662402902,Suburban,1,Web,0,0,0.0
1,0,6,480.5914021605981,Suburban,0,Multichannel,1,0,0.0
0,0,2,65.56595896446721,Suburban,0,Multichannel,0,0,0.0
0,0,1,44.24724430855593,Suburban,0,Phone,1,1,32.07939265553123
1,0,9,164.046995675221,Urban,0,Phone,0,0,0.0
0,0,2,552.9934181107701,Rural,0,Web,0,0,0.0
0,1,3,376.2146558505183,Rural,0,Phone,1,1,21.73095110494934
0,0,3,27.141425820202937,Suburban,0,Web,0,0,0.0
0,1,4,114.27508184099969,Suburban,0,Web,0,0,0.0
0,0,8,607.5545738153709,Suburban,1,Web,1,0,0.0
1,0,11,422.46641835219464,Urban,1,Multichannel,0,0,0.0
0,1,11,64.21295126332262,Urban,1,Web,0,0,0.0
0,1,1,582.8956004866701,Urban,0,Web,0,0,0.0
0,0,1,48.99798508602881,Suburban,0,Web,0,0,0.0
1,0,1,10.331859418382203,Suburban,0,Phone,0,0,0.0
1,0,3,27.955427254824013,Suburban,0,Web,0,0,0.0
0,1,4,50.05428611885992,Rural,1,Multichannel,0,0,0.0
0,1,4,37.97950350815647,Suburban,0,Web,0,0,0.0
0,0,4,188.35551195631234,Suburban,0,Web,1,0,0.0
1,0,8,142.72004082141035,Urban,0,Phone,0,0,0.0
0,1,12,373.0613324641317,Rural,1,Multichannel,1,0,0.0
1,0,9,310.3502230383313,Rural,0,Multichannel,0,0,0.0
0,1,11,1388.4540335521303,Rural,0,Phone,0,0,0.0
0,1,1,510.3233237603186,Rural,0,Web,0,0,0.0
0,1,3,73.11625126997019,Suburban,0,Phone,0,0,0.0
0,1,11,1485.748210387746,Urban,0,Phone,0,0,0.0
0,0,10,417.378172226884,Suburban,1,Web,0,0,0.0
0,1,2,504.8288468515226,Rural,0,Web,0,0,0.0
0,1,2,73.60351448778775,Suburban,0,Web,0,0,0.0
0,1,6,117.90813130152424,Rural,0,Web,0,0,0.0
0,1,3,88.59817080029539,Suburban,0,Web,0,0,0.0
0,0,3,64.82632787333766,Rural,0,Web,0,0,0.0
0,0,11,40.41197511538388,Suburban,0,Web,0,0,0.0
0,0,1,154.53872814515663,Rural,0,Web,1,0,0.0
0,0,2,533.7751678306925,Urban,0,Phone,0,0,0.0
0,0,1,141.66948500952057,Suburban,0,Multichannel,0,0,0.0
0,0,5,18.337606670905952,Urban,0,Multichannel,0,0,0.0
1,0,1,13.191179741911078,Urban,0,Web,0,0,0.0
0,0,5,515.3825657420866,Rural,1,Web,0,0,0.0
0,0,2,204.34156310188325,Suburban,0,Phone,0,0,0.0
0,0,1,382.5923944198066,Rural,0,Web,1,1,10.0
0,1,2,98.8181019692754,Suburban,0,Web,1,0,0.0
0,0,1,112.9930941180444,Rural,0,Multichannel,0,0,0.0
0,0,5,304.91794017777625,Rural,1,Web,0,0,0.0
0,0,5,438.63059734608504,Urban,0,Phone,0,0,0.0
1,0,7,81.44097725941174,Urban,0,Web,0,0,0.0
0,0,4,231.69409316604313,Suburban,0,Phone,0,0,0.0
0,1,7,46.37893781834927,Suburban,0,Web,0,0,0.0
0,0,1,235.97126692935035,Suburban,1,Web,0,0,0.0
0,1,7,26.716660636714607,Suburban,1,Multichannel,0,0,0.0
0,0,11,766.0450629374272,Suburban,0,Multichannel,0,0,0.0
0,0,8,557.4248718769202,Rural,0,Phone,0,0,0.0
1,0,3,92.13523130461908,Suburban,0,Web,0,0,0.0
0,1,2,500.6675037659504,Rural,0,Multichannel,0,0,0.0
0,1,3,189.17268141415465,Rural,0,Multichannel,0,0,0.0
0,0,3,243.96636610225076,Suburban,1,Multichannel,0,0,0.0
1,0,12,54.456482293255554,Urban,1,Phone,0,0,0.0
0,0,3,89.32981913937196,Urban,0,Web,0,0,0.0
0,1,5,40.563152123838655,Suburban,0,Web,0,0,0.0
0,1,7,205.46954392634603,Suburban,1,Multichannel,0,0,0.0
0,0,7,340.439433069728,Urban,0,Web,0,0,0.0
1,0,11,50.43313384379238,Suburban,0,Web,0,0,0.0
0,0,1,120.43703795512945,Urban,0,Web,0,0,0.0
0,0,7,78.35132716208841,Suburban,1,Multichannel,0,0,0.0
0,0,1,31.079590610878387,Rural,0,Multichannel,0,0,0.0
0,1,3,151.22317643430077,Rural,0,Web,0,0,0.0
0,1,9,585.1220816432883,Rural,0,Web,0,0,0.0
0,0,5,63.11965180606931,Suburban,0,Web,1,0,0.0
0,1,6,844.7241290060474,Urban,1,Multichannel,0,0,0.0
0,1,9,168.5904207430584,Rural,0,Web,0,0,0.0
0,0,1,80.0615126147191,Urban,0,Multichannel,0,0,0.0
0,1,7,174.34134621303153,Urban,0,Web,0,0,0.0
1,0,10,73.20435899617223,Urban,1,Phone,0,0,0.0
1,0,1,288.97270058704817,Suburban,0,Web,0,0,0.0
1,0,9,84.30167637275947,Urban,1,Web,1,0,0.0
0,0,12,205.83663542592396,Rural,0,Multichannel,0,0,0.0
1,0,7,486.0889145321203,Suburban,0,Multichannel,0,0,0.0
1,0,4,262.49090328771354,Urban,0,Web,0,0,0.0
1,0,1,24.933206546695033,Suburban,0,Multichannel,1,0,0.0
0,1,4,526.8176191635722,Suburban,0,Web,0,0,0.0
1,0,11,150.99553571469244,Rural,0,Web,1,0,0.0
0,0,1,75.66054175833821,Rural,0,Web,1,0,0.0
0,0,11,85.3366770754893,Suburban,0,Multichannel,0,0,0.0
0,1,1,77.75375207526022,Suburban,0,Multichannel,1,1,46.8321775851649
1,0,7,15.406935305954734,Urban,0,Web,0,0,0.0
0,1,12,62.64029946576776,Rural,0,Web,0,0,0.0
0,1,7,84.13913701650202,Urban,0,Phone,0,0,0.0
1,0,7,80.82599580702804,Suburban,0,Web,0,0,0.0
0,0,1,362.883772547687,Urban,0,Multichannel,1,0,0.0
1,0,12,310.57651852644267,Rural,0,Web,0,0,0.0
1,0,2,84.93721048205111,Suburban,0,Multichannel,0,0,0.0
1,0,9,14.155265719945925,Urban,1,Web,0,0,0.0
1,0,10,334.5472177859015,Rural,0,Phone,0,0,0.0
1,0,2,43.98572442270319,Urban,0,Multichannel,1,0,0.0
1,0,4,81.80900765899456,Suburban,0,Multichannel,0,0,0.0
0,1,6,747.8974244362589,Suburban,0,Phone,0,0,0.0
0,1,10,66.21931236523595,Urban,0,Phone,0,0,0.0
0,0,7,481.1794403301406,Suburban,0,Phone,0,0,0.0
0,1,10,1324.9747734512673,Rural,0,Web,0,0,0.0
0,0,12,182.37741517950656,Suburban,0,Web,1,0,0.0
1,0,11,441.91924256244494,Suburban,0,Multichannel,0,0,0.0
0,0,12,380.4187567348535,Suburban,0,Web,0,0,0.0
1,0,8,18.51983688628556,Suburban,0,Phone,0,0,0.0
0,0,11,2482.915768558777,Urban,0,Phone,0,0,0.0
0,0,12,39.54446048567346,Suburban,0,Multichannel,0,0,0.0
0,0,12,25.852909543780356,Suburban,1,Web,0,0,0.0
1,0,6,336.60254651378114,Suburban,0,Multichannel,0,0,0.0
0,0,2,72.62990518625386,Urban,0,Web,0,0,0.0
0,0,1,1764.583794069784,Suburban,0,Web,0,0,0.0
0,1,2,110.43269170323387,Urban,0,Web,0,0,0.0
0,0,7,299.32706849875484,Suburban,0,Web,0,0,0.0
0,1,12,49.34838183927632,Rural,0,Multichannel,0,0,0.0
1,0,1,184.36235164078934,Suburban,0,Multichannel,0,0,0.0
0,1,11,69.97757867927137,Suburban,0,Phone,0,0,0.0
1,0,2,672.1901226597035,Suburban,0,Multichannel,1,0,0.0
0,1,4,72.59125625051404,Rural,0,Multichannel,1,1,44.87504870814678
1,0,8,196.3690684282315,Rural,0,Web,0,0,0.0
0,0,1,743.0454098503571,Suburban,0,Web,0,0,0.0
0,0,3,10.068682484033145,Urban,0,Phone,0,0,0.0
0,0,2,22.20502570269369,Urban,1,Phone,0,0,0.0
1,0,3,185.57932699882602,Urban,0,Web,0,0,0.0
1,0,1,20.452900199292994,Urban,0,Web,0,0,0.0
0,1,5,723.4868512468678,Suburban,0,Web,0,0,0.0
0,1,12,333.5358766002712,Suburban,0,Multichannel,0,0,0.0
0,0,1,384.0284100442709,Urban,0,Web,0,0,0.0
0,1,2,119.39582608046379,Suburban,1,Web,0,0,0.0
0,1,1,396.2102797093616,Suburban,0,Web,0,0,0.0
1,0,5,45.07956343158123,Suburban,0,Multichannel,0,0,0.0
0,0,1,156.80978332588276,Urban,0,Web,0,0,0.0
1,0,2,236.83476355547148,Suburban,0,Multichannel,1,1,163.53619657635903
1,0,3,129.1705463031019,Suburban,0,Multichannel,1,1,15.997912153996747
0,0,12,140.49479702742164,Urban,0,Web,0,0,0.0
0,1,1,432.0017146143138,Suburban,0,Web,0,0,0.0
0,1,1,74.85588279439287,Urban,0,Multichannel,0,0,0.0
0,0,11,217.11421120807094,Suburban,0,Multichannel,0,0,0.0
0,1,6,17.52887625583312,Urban,0,Web,0,0,0.0
1,0,6,1417.336433564489,Urban,0,Web,1,0,0.0
1,0,4,328.25853196125,Suburban,0,Multichannel,0,0,0.0
1,0,2,76.72102956767893,Urban,1,Multichannel,1,0,0.0
1,0,12,100.41808338636636,Rural,0,Phone,1,0,0.0
0,0,1,36.16300273839065,Rural,0,Phone,1,0,0.0
0,0,5,41.168165836893785,Suburban,0,Multichannel,1,0,0.0
0,1,9,151.69407267132485,Suburban,0,Multichannel,1,0,0.0
0,1,1,369.58692545970416,Suburban,0,Web,0,0,0.0
0,0,1,656.5246048913484,Suburban,0,Multichannel,0,0,0.0
0,0,11,214.3131865038239,Urban,0,Web,0,0,0.0
1,0,10,58.14186605241422,Rural,0,Multichannel,0,0,0.0
0,0,12,95.20418005669697,Suburban,0,Web,0,0,0.0
1,0,2,422.4535061768591,Suburban,0,Web,1,1,27.59823491756185
1,0,11,434.9910958977353,Urban,0,Phone,1,0,0.0
1,0,12,28.712113413407458,Suburban,0,Web,0,0,0.0
0,1,3,253.58479598776375,Suburban,0,Multichannel,0,0,0.0
0,0,11,1287.7576084471589,Suburban,1,Web,0,0,0.0
0,1,7,2640.5599253930513,Suburban,0,Phone,0,0,0.0
1,0,3,69.1407426611967,Suburban,0,Web,0,0,0.0
0,0,4,24.689972568080837,Rural,0,Multichannel,1,0,0.0
0,0,2,566.2986141656809,Rural,0,Multichannel,0,0,0.0
0,1,2,141.59065067935578,Urban,0,Web,0,0,0.0
1,0,3,3404.9870507959035,Urban,1,Web,1,0,0.0
0,0,10,21.297418701839756,Urban,0,Web,0,0,0.0
0,0,7,255.99664273596926,Suburban,0,Phone,0,0,0.0
1,0,10,157.8896556946032,Urban,0,Web,1,0,0.0
0,1,5,1275.110290998351,Urban,0,Multichannel,0,0,0.0
1,0,12,58.288266555236305,Suburban,0,Web,1,0,0.0
1,0,11,72.77250695353644,Suburban,0,Phone,0,0,0.0
1,0,1,1253.2435731831729,Suburban,0,Web,0,0,0.0
0,1,7,119.92654067341248,Suburban,0,Multichannel,0,0,0.0
0,0,4,622.3004353138538,Urban,0,Web,0,0,0.0
0,1,6,28.0483280376038,Urban,0,Web,0,0,0.0
1,0,8,467.8235595926148,Rural,0,Multichannel,0,0,0.0
1,0,2,601.7671080230602,Suburban,0,Web,0,0,0.0
1,0,3,91.53990838604985,Rural,0,Phone,0,0,0.0
0,0,2,20.63278529834203,Urban,0,Multichannel,0,0,0.0
1,0,8,131.80393643495577,Suburban,0,Web,0,0,0.0
1,0,10,130.15159664578292,Suburban,0,Web,0,0,0.0
0,1,1,257.04862577395346,Suburban,1,Web,1,0,0.0
1,0,1,167.112558914895,Urban,0,Multichannel,0,0,0.0
1,0,4,17.36615247702997,Suburban,0,Web,0,0,0.0
0,1,2,113.4259899060772,Urban,0,Web,0,0,0.0
0,1,4,185.15314274348975,Suburban,0,Multichannel,0,0,0.0
0,0,12,52.20340990722471,Urban,0,Phone,0,0,0.0
0,1,11,78.24498623937463,Urban,0,Web,0,0,0.0
1,0,7,48.582192171051496,Suburban,0,Web,0,0,0.0
1,0,7,462.1634372697907,Urban,0,Phone,1,0,0.0
0,0,1,627.9104981634183,Suburban,0,Multichannel,0,0,0.0
0,1,2,343.5815937484148,Rural,1,Phone,0,0,0.0
1,0,11,164.5522144174132,Rural,1,Web,1,0,0.0
0,0,8,112.73302715612536,Rural,0,Web,0,0,0.0
1,0,11,35.22225502630568,Urban,0,Web,0,0,0.0
0,1,1,909.3667487826326,Urban,0,Web,0,0,0.0
0,0,1,129.99651447027867,Rural,0,Web,0,0,0.0
0,0,8,211.19897891449094,Urban,0,Web,0,0,0.0
1,0,12,39.364391118826966,Suburban,0,Web,1,0,0.0
0,0,1,176.57350999556468,Suburban,0,Phone,0,0,0.0
0,0,1,129.57404599695718,Suburban,0,Web,1,0,0.0
0,1,6,44.74571673489755,Suburban,1,Web,0,0,0.0
0,1,9,171.44372123717648,Urban,0,Web,0,0,0.0
1,0,7,352.0730250449596,Rural,0,Web,0,0,0.0
0,1,6,116.47615366992733,Suburban,0,Multichannel,0,0,0.0
0,1,5,81.07757870104645,Urban,0,Web,0,0,0.0
0,0,11,84.65328941350434,Urban,0,Web,0,0,0.0
0,0,4,86.41720425603327,Suburban,0,Multichannel,0,0,0.0
0,0,7,51.15600392905131,Rural,0,Multichannel,0,0,0.0
0,0,3,66.94219076981389,Rural,1,Web,0,0,0.0
0,0,2,84.1363847719626,Urban,0,Web,0,0,0.0
1,0,9,219.07663656101641,Suburban,0,Web,0,0,0.0
1,0,1,348.92516164804056,Suburban,0,Web,0,0,0.0
0,0,12,648.3145451978443,Urban,0,Phone,0,0,0.0
0,0,10,22.775245820078336,Urban,0,Multichannel,0,0,0.0
1,0,1,119.92659586729621,Suburban,0,Phone,0,0,0.0
0,1,2,176.1487132976925,Suburban,1,Web,0,0,0.0
0,0,9,209.8557039797363,Urban,1,Phone,0,0,0.0
0,0,1,73.0700529201632,Suburban,0,Multichannel,1,0,0.0
0,0,4,495.33491828126984,Rural,0,Web,0,0,0.0
1,0,4,229.08495750886414,Suburban,0,Multichannel,0,0,0.0
0,0,6,139.26150745745292,Urban,0,Web,0,0,0.0
1,0,3,28.980857926424058,Suburban,1,Web,0,0,0.0
0,0,2,20.559052531380747,Rural,1,Phone,0,0,0.0
0,1,4,869.2344478172328,Urban,0,Web,0,0,0.0
0,1,8,19.505437054331534,Suburban,0,Web,0,0,0.0
1,0,12,193.50233625688364,Suburban,0,Multichannel,0,0,0.0
1,0,3,34.52342031739085,Urban,0,Web,0,0,0.0
0,1,9,160.57398891908485,Suburban,1,Web,0,0,0.0
1,0,4,38.60870908084349,Suburban,0,Multichannel,0,0,0.0
0,1,10,30.067384757772714,Suburban,1,Phone,0,0,0.0
1,0,1,52.7614994885408,Urban,0,Web,0,0,0.0
0,0,3,503.06427346963847,Urban,0,Phone,0,0,0.0
0,0,4,210.4139734809345,Urban,1,Multichannel,1,0,0.0
0,1,5,152.8147517202477,Rural,0,Multichannel,0,0,0.0
0,1,9,51.02337378567633,Rural,0,Multichannel,0,0,0.0
0,1,1,199.74024355222613,Suburban,1,Web,0,0,0.0
0,0,1,32.66721809706682,Suburban,0,Web,0,0,0.0
0,1,11,147.97997706895862,Urban,0,Web,1,0,0.0
0,1,2,292.70643673320825,Urban,0,Web,0,0,0.0
0,1,2,24.495601822869823,Suburban,0,Multichannel,0,0,0.0
0,1,1,130.52222040783968,Urban,0,Multichannel,0,0,0.0
0,1,9,169.14484233075527,Rural,1,Multichannel,0,0,0.0
1,0,10,132.05589967838594,Rural,1,Web,0,0,0.0
1,0,12,98.14906542541746,Rural,0,Web,0,0,0.0
1,0,4,75.4696097318298,Urban,0,Phone,1,1,51.51881937802603
0,1,6,118.59778111354142,Suburban,0,Multichannel,0,0,0.0
0,1,11,102.07328850187046,Suburban,0,Phone,0,0,0.0
0,1,7,290.64181940781265,Suburban,0,Multichannel,0,0,0.0
1,0,9,212.31375340980708,Urban,1,Web,0,0,0.0
0,0,2,109.19890487504203,Urban,0,Web,0,0,0.0
1,0,4,68.62143563091153,Suburban,0,Multichannel,0,0,0.0
1,0,6,234.97955138688877,Suburban,1,Web,0,0,0.0
1,0,7,1852.6594680535898,Suburban,0,Web,0,0,0.0
1,0,1,257.2399918777601,Rural,0,Web,0,0,0.0
0,1,11,53.422115261732934,Suburban,0,Multichannel,0,0,0.0
0,1,2,277.48913119680077,Rural,0,Multichannel,0,0,0.0
1,0,1,144.3628737337096,Rural,0,Multichannel,0,0,0.0
1,0,5,649.9862241001322,Suburban,0,Multichannel,0,0,0.0
1,0,1,200.85916302721256,Suburban,0,Web,0,0,0.0
1,0,5,113.95278016379133,Suburban,0,Web,1,0,0.0
1,0,5,3574.1764506797495,Urban,0,Phone,0,0,0.0
0,0,12,98.52478078976193,Rural,0,Web,0,0,0.0
1,0,3,87.44418066972148,Suburban,0,Multichannel,0,0,0.0
0,1,11,122.48816975420063,Rural,0,Multichannel,0,0,0.0
0,0,12,369.94123011356237,Suburban,0,Multichannel,0,0,0.0
1,0,6,159.13901078064472,Suburban,0,Web,0,0,0.0
0,1,3,120.1723359286319,Suburban,0,Multichannel,0,0,0.0
0,0,5,111.09591503249972,Urban,0,Web,0,0,0.0
1,0,11,206.9169048974563,Rural,0,Web,0,0,0.0
0,0,12,24.064623962476666,Suburban,0,Phone,0,0,0.0
0,1,1,582.4494190258572,Urban,1,Web,0,0,0.0
0,1,1,29.43217194241489,Suburban,0,Multichannel,0,0,0.0
0,1,5,10.0,Suburban,0,Web,0,0,0.0
0,1,1,26.171023505452066,Urban,0,Web,0,0,0.0
0,0,1,109.54233437341783,Suburban,0,Web,0,0,0.0
1,0,10,23.18683101638765,Suburban,1,Web,1,0,0.0
0,1,8,46.30485059869622,Rural,0,Multichannel,0,0,0.0
1,0,7,102.80446572811827,Urban,0,Multichannel,0,0,0.0
1,0,3,163.677966528066,Suburban,0,Web,0,0,0.0
1,0,7,101.64919916287207,Rural,0,Multichannel,0,0,0.0
0,0,3,18.578296052797096,Urban,0,Multichannel,0,0,0.0
1,0,6,153.5195710557069,Suburban,1,Multichannel,1,0,0.0
0,1,4,311.3404222729481,Suburban,0,Multichannel,0,0,0.0
1,0,12,101.89220229554242,Rural,1,Web,0,0,0.0
1,0,7,262.4079482270141,Suburban,0,Phone,0,0,0.0
1,0,1,91.10563923451971,Urban,1,Multichannel,1,0,0.0
0,1,2,120.66653216505338,Urban,1,Multichannel,0,0,0.0
1,0,11,97.54144116229948,Urban,0,Multichannel,0,0,0.0
0,0,2,5000.0,Suburban,1,Phone,1,0,0.0
0,1,5,72.69024475731185,Suburban,0,Multichannel,0,0,0.0
0,0,12,327.7073057706989,Suburban,0,Phone,0,0,0.0
0,0,5,303.4220481851816,Suburban,0,Web,0,0,0.0
0,0,11,408.77114143060106,Urban,0,Phone,0,0,0.0
0,1,4,252.36625935776095,Urban,0,Web,0,0,0.0
0,0,3,82.97032745415551,Suburban,0,Web,0,0,0.0
0,0,11,219.13891083582018,Rural,0,Web,0,0,0.0
0,0,12,40.541008460612666,Urban,0,Multichannel,0,0,0.0
0,0,7,18.06274927842491,Urban,1,Web,1,0,0.0
0,1,3,38.1791380361902,Suburban,1,Phone,0,0,0.0
0,1,7,661.1820180290605,Suburban,0,Web,0,0,0.0
0,0,3,179.04379857819777,Rural,0,Phone,0,0,0.0
0,1,9,17.030137071878993,Suburban,0,Phone,0,0,0.0
0,0,7,50.13652594338636,Rural,0,Web,0,0,0.0
1,0,1,133.92598873025148,Urban,0,Multichannel,0,0,0.0
1,0,1,201.15971333482813,Suburban,0,Multichannel,0,0,0.0
0,1,3,109.85007221317423,Suburban,0,Phone,1,0,0.0
0,0,6,84.29218730131993,Rural,0,Web,0,0,0.0
0,1,3,151.8822045852188,Rural,0,Web,0,0,0.0
0,0,7,539.4646062586529,Suburban,0,Multichannel,0,0,0.0
0,0,1,270.01166305125685,Suburban,0,Multichannel,0,0,0.0
0,1,12,38.51047540038525,Urban,0,Phone,1,0,0.0
1,0,6,64.18191556193013,Suburban,0,Web,0,0,0.0
1,0,2,20.809995013162833,Rural,1,Web,0,0,0.0
0,1,11,105.88882165634173,Rural,0,Web,0,0,0.0
0,1,1,1677.4455975210908,Suburban,0,Web,0,0,0.0
0,0,12,188.8889341537237,Rural,1,Web,0,0,0.0
0,0,5,108.71170790860995,Urban,0,Phone,0,0,0.0
0,1,7,35.527503294631536,Rural,0,Web,0,0,0.0
0,0,12,45.47071232067755,Rural,1,Phone,0,0,0.0
0,1,5,109.05756539213556,Rural,1,Web,0,0,0.0
0,0,3,203.22014322928223,Rural,1,Multichannel,1,0,0.0
0,0,4,290.2131242398301,Suburban,0,Web,1,0,0.0
0,1,3,530.7241280329708,Urban,0,Web,0,0,0.0
1,0,10,278.8864650395344,Suburban,1,Multichannel,0,0,0.0
1,0,4,99.18902607065122,Suburban,1,Multichannel,1,0,0.0
1,0,1,45.22405575828575,Rural,0,Multichannel,1,0,0.0
0,0,3,60.14592065925856,Suburban,1,Web,0,0,0.0
0,0,1,35.46600882984239,Urban,0,Multichannel,0,0,0.0
0,0,8,320.53542585713825,Rural,0,Phone,0,0,0.0
1,0,3,40.4583977670499,Urban,0,Multichannel,1,0,0.0
0,0,4,64.54662013436375,Rural,0,Web,0,0,0.0
0,0,1,55.97743815109188,Urban,0,Web,1,0,0.0
1,0,4,72.76811986274733,Rural,0,Phone,0,0,0.0
0,0,1,229.79734260169946,Suburban,0,Multichannel,0,0,0.0
1,0,6,82.55651862065065,Rural,0,Phone,0,0,0.0
1,0,6,47.37454602340214,Suburban,1,Phone,0,0,0.0
0,1,4,44.14455556973587,Suburban,0,Multichannel,1,0,0.0
1,0,11,169.06793151321577,Urban,0,Multichannel,0,0,0.0
0,0,7,194.88754079433227,Suburban,1,Multichannel,0,0,0.0
0,1,4,87.86987020036155,Rural,0,Web,0,0,0.0
1,0,7,197.7826291963079,Rural,0,Web,0,0,0.0
1,0,6,891.2563703279012,Suburban,0,Web,0,0,0.0
0,1,2,163.5288125593637,Rural,0,Phone,0,0,0.0
0,0,11,1273.492858751017,Urban,0,Web,0,0,0.0
0,0,6,50.43164886339383,Suburban,0,Web,0,0,0.0
0,1,7,35.68054726147558,Suburban,1,Multichannel,0,0,0.0
0,0,5,270.2678819751365,Rural,0,Multichannel,0,0,0.0
1,0,9,367.47142755974653,Urban,1,Multichannel,0,0,0.0
0,0,4,162.01200003954426,Rural,0,Web,0,0,0.0
0,1,5,553.3030309568554,Suburban,1,Phone,0,0,0.0
0,1,1,56.33647664138809,Suburban,0,Web,0,0,0.0
0,0,7,112.4773489653476,Suburban,0,Web,0,0,0.0
1,0,6,81.42109260085797,Suburban,0,Phone,0,0,0.0
1,0,2,27.916269613431897,Suburban,0,Web,0,0,0.0
0,0,10,173.94183343449413,Suburban,0,Phone,1,0,0.0
0,0,1,374.7691103479815,Suburban,0,Web,0,0,0.0
0,0,6,102.62320650601363,Urban,1,Web,0,0,0.0
0,0,2,962.6499320830329,Suburban,0,Web,0,0,0.0
1,0,3,58.7708533246209,Urban,1,Multichannel,0,0,0.0
0,0,7,338.50711074444536,Rural,0,Web,1,0,0.0
1,0,12,400.84843110264177,Suburban,0,Phone,0,0,0.0
0,0,1,1433.6803443514323,Suburban,0,Multichannel,0,0,0.0
1,0,1,63.546973942074835,Urban,1,Multichannel,0,0,0.0
0,1,2,1554.3402264020635,Suburban,1,Web,0,0,0.0
0,1,2,241.715426575206,Urban,0,Web,0,0,0.0
0,0,1,137.23496420166674,Suburban,0,Multichannel,0,0,0.0
0,0,11,148.87485893919813,Rural,0,Web,0,0,0.0
0,0,6,62.42716448683853,Rural,0,Multichannel,0,0,0.0
0,0,1,132.00343342950717,Urban,0,Web,0,0,0.0
1,0,2,482.5432091419812,Rural,0,Web,0,0,0.0
0,1,11,597.3619413201343,Urban,0,Web,0,0,0.0
0,0,6,636.0678280457919,Suburban,0,Web,1,0,0.0
0,0,12,141.0489369042724,Rural,0,Web,0,0,0.0
0,1,3,238.87552674585103,Urban,0,Phone,0,0,0.0
0,1,12,113.73858025768469,Suburban,0,Web,0,0,0.0
0,1,4,11.797765496128543,Rural,0,Phone,1,1,33.01401121591274
0,0,10,369.0077769802487,Suburban,1,Phone,0,0,0.0
0,0,4,13.528695228184455,Suburban,0,Phone,0,0,0.0
0,0,9,113.90087197168965,Suburban,0,Web,0,0,0.0
0,1,8,59.324741609219245,Urban,0,Web,1,0,0.0
0,0,6,34.49734864678749,Urban,0,Web,0,0,0.0
0,1,5,549.1059789584258,Suburban,0,Multichannel,0,0,0.0
0,0,10,62.55251420822386,Urban,0,Phone,0,0,0.0
0,0,5,38.380922692342125,Suburban,1,Web,0,0,0.0
0,0,12,32.66882958125948,Urban,0,Web,1,0,0.0
0,1,4,330.81370342863386,Urban,0,Multichannel,0,0,0.0
1,0,12,117.78922669352623,Suburban,0,Multichannel,0,0,0.0
0,1,3,45.333166934954114,Rural,0,Phone,1,1,155.00687860415547
0,0,2,30.226924797922972,Suburban,0,Web,0,0,0.0
0,0,8,692.7923347506188,Suburban,0,Multichannel,0,0,0.0
1,0,11,192.88579407901742,Rural,0,Web,0,0,0.0
1,0,4,41.05777608966933,Suburban,1,Web,0,0,0.0
0,1,5,172.3113923547446,Suburban,0,Web,0,0,0.0
0,0,10,483.3225361137477,Rural,0,Multichannel,0,0,0.0
0,1,5,96.71181021641985,Suburban,0,Web,0,0,0.0
1,0,7,74.55188383546185,Suburban,0,Multichannel,0,0,0.0
1,0,7,704.1791292241535,Urban,0,Phone,0,0,0.0
1,0,7,493.842515236761,Urban,0,Multichannel,0,0,0.0
1,0,11,12.499360260632677,Urban,1,Web,1,0,0.0
0,0,4,37.33435566662225,Suburban,0,Web,0,0,0.0
0,0,7,479.76622255926344,Rural,0,Web,0,0,0.0
0,1,5,301.2065381079162,Suburban,1,Web,0,0,0.0
1,0,12,68.3090175218039,Urban,0,Web,1,0,0.0
0,0,10,397.8416096098226,Urban,0,Web,1,0,0.0
0,1,6,2474.938103698617,Rural,0,Web,0,0,0.0
0,0,8,806.7387323835544,Suburban,0,Web,1,0,0.0
0,1,11,48.92860141969744,Urban,1,Web,1,0,0.0
1,0,9,111.3255747446388,Rural,0,Web,0,0,0.0
1,0,3,197.38113146324676,Suburban,0,Web,0,0,0.0
0,0,7,243.0414388955417,Rural,0,Web,0,0,0.0
0,0,3,277.32854668807556,Rural,0,Web,0,0,0.0
1,0,3,129.12589810327788,Urban,0,Multichannel,1,0,0.0
1,0,12,20.867865708970278,Urban,0,Web,0,0,0.0
1,0,2,2207.9287778670214,Suburban,0,Web,0,0,0.0
1,0,8,38.99658984790325,Suburban,0,Multichannel,1,1,109.66635809184017
0,1,4,24.63703835961666,Suburban,0,Multichannel,0,0,0.0
0,0,1,1159.4288342508316,Suburban,0,Multichannel,0,0,0.0
0,0,1,63.50963722852077,Suburban,0,Web,0,0,0.0
1,0,6,1570.5717715488547,Urban,0,Phone,0,0,0.0
0,0,8,32.66301715308187,Suburban,0,Web,0,0,0.0
1,0,11,101.17172278035163,Suburban,0,Web,0,0,0.0
0,1,1,1004.9608493106251,Suburban,0,Web,1,0,0.0
0,0,2,703.0917242873073,Rural,0,Phone,1,0,0.0
0,1,8,113.5053043463285,Urban,0,Web,1,1,12.499827971939887
1,0,5,188.40750061807856,Suburban,1,Web,1,0,0.0
0,0,6,123.20927415141679,Suburban,0,Web,0,0,0.0
0,1,2,209.84940986081216,Suburban,0,Web,0,0,0.0
0,1,12,100.28974384174448,Urban,0,Web,0,0,0.0
1,0,1,116.83649281344883,Suburban,0,Multichannel,0,0,0.0
1,0,7,273.15847638755565,Rural,0,Multichannel,0,0,0.0
0,0,7,763.4722581854991,Suburban,0,Phone,0,0,0.0
0,0,4,109.70414626793581,Suburban,0,Multichannel,0,0,0.0
0,0,5,183.45986601397192,Rural,0,Phone,0,0,0.0
1,0,4,31.50457440254804,Urban,0,Web,0,0,0.0
0,0,9,2701.485323416243,Suburban,0,Web,0,0,0.0
0,0,11,199.09425274372802,Suburban,0,Multichannel,0,0,0.0
1,0,11,104.39297955389782,Rural,0,Web,0,0,0.0
0,1,1,607.6439557809467,Suburban,0,Multichannel,0,0,0.0
0,0,2,360.7158293720447,Suburban,0,Web,0,0,0.0
0,0,2,50.24472708427029,Suburban,1,Phone,1,0,0.0
0,1,12,53.28763277010206,Suburban,0,Multichannel,0,0,0.0
0,1,10,594.413322389091,Suburban,0,Multichannel,0,0,0.0
0,1,11,172.5683307761213,Urban,0,Phone,1,0,0.0
0,0,9,25.183661861097715,Suburban,0,Phone,0,0,0.0
1,0,11,86.83277359573694,Rural,0,Web,0,0,0.0
0,0,8,115.07672057342745,Urban,0,Phone,0,0,0.0
1,0,12,46.66797861066261,Suburban,0,Multichannel,0,0,0.0
1,0,1,299.8296660309536,Rural,0,Web,0,0,0.0
0,0,2,38.46931524336285,Urban,0,Multichannel,0,0,0.0
0,1,8,216.4585585759238,Urban,0,Multichannel,0,0,0.0
1,0,2,283.6837562771239,Urban,0,Multichannel,0,0,0.0
1,0,1,532.1361027193559,Rural,0,Web,0,0,0.0
0,1,5,192.3340711294967,Suburban,1,Web,0,0,0.0
0,1,5,135.52461739171298,Suburban,0,Multichannel,0,0,0.0
0,1,1,129.53781359571755,Suburban,0,Multichannel,1,1,10.0
0,1,3,78.12390095401852,Suburban,0,Phone,0,0,0.0
0,1,4,1263.616262579064,Suburban,0,Phone,1,0,0.0
0,1,1,71.87740373310955,Urban,0,Web,0,0,0.0
0,1,7,30.784853679720978,Urban,0,Web,1,0,0.0
1,0,3,96.11147237040602,Suburban,0,Web,0,0,0.0
0,0,8,215.78567222296985,Suburban,0,Phone,0,0,0.0
0,0,1,5000.0,Urban,1,Multichannel,0,0,0.0
0,1,11,226.2127882505392,Rural,0,Web,0,0,0.0
0,0,3,257.30138665090914,Urban,1,Multichannel,0,0,0.0
0,1,8,1396.52468712211,Suburban,0,Phone,0,0,0.0
0,1,7,670.1903575199052,Suburban,0,Multichannel,0,0,0.0
0,1,3,98.6077820842599,Suburban,1,Web,0,0,0.0
0,0,2,61.29655216303216,Rural,0,Multichannel,1,0,0.0
1,0,1,45.13903537045125,Suburban,0,Web,1,0,0.0
0,0,12,31.559059261447526,Suburban,0,Web,0,0,0.0
1,0,1,281.5127865507224,Rural,1,Multichannel,0,0,0.0
0,1,4,1270.7772234626198,Urban,1,Phone,1,0,0.0
0,1,1,114.15132407225286,Urban,1,Multichannel,0,0,0.0
0,0,1,248.77027053990994,Suburban,0,Web,0,0,0.0
1,0,7,354.81630982398514,Urban,0,Web,1,1,12.17398611725409
0,1,10,141.11730010203945,Urban,0,Multichannel,0,0,0.0
0,0,4,104.12044026025623,Suburban,0,Multichannel,0,0,0.0
0,0,2,94.16761991967732,Urban,1,Multichannel,0,0,0.0
0,1,6,29.95551136250161,Rural,0,Web,0,0,0.0
1,0,7,218.03743986590973,Rural,0,Phone,0,0,0.0
0,0,1,584.8745003249021,Urban,0,Web,0,0,0.0
0,1,7,86.94041425170107,Suburban,0,Phone,1,0,0.0
0,1,1,75.70431106484348,Suburban,0,Phone,0,0,0.0
0,0,5,234.75337311988653,Suburban,1,Web,0,0,0.0
1,0,2,121.8868254860906,Rural,0,Phone,0,0,0.0
1,0,11,1303.5306315436596,Rural,1,Phone,0,0,0.0
1,0,5,304.00269836033914,Rural,1,Web,1,0,0.0
0,1,9,532.7759478986329,Urban,0,Web,0,0,0.0
1,0,11,18.87893482009396,Suburban,0,Web,0,0,0.0
0,0,6,808.208973205194,Urban,0,Multichannel,0,0,0.0
0,0,12,203.3217827036174,Urban,0,Web,1,0,0.0
0,1,6,357.65936252175646,Urban,0,Multichannel,0,0,0.0
0,1,2,140.51620659916676,Suburban,0,Phone,0,0,0.0
0,0,4,19.922508848060918,Urban,0,Phone,0,0,0.0
0,1,1,10.753171935788677,Suburban,0,Multichannel,0,0,0.0
1,0,11,212.7375738999489,Suburban,0,Web,0,0,0.0
1,0,7,32.62609484579921,Suburban,0,Multichannel,0,0,0.0
0,0,6,303.73136229701754,Urban,0,Web,0,0,0.0
1,0,5,87.80775472083339,Suburban,0,Web,0,0,0.0
0,1,4,353.41445637829065,Rural,0,Phone,0,0,0.0
1,0,3,1256.2442798111217,Suburban,0,Web,0,0,0.0
1,0,3,133.27176942085552,Suburban,0,Phone,1,0,0.0
0,0,5,58.584645750084775,Suburban,0,Web,0,0,0.0
0,0,4,436.61162602962827,Suburban,0,Web,0,0,0.0
1,0,11,136.54863277437087,Suburban,1,Phone,0,0,0.0
0,0,1,631.7824937002773,Suburban,0,Web,0,0,0.0
0,1,9,585.8166603970926,Urban,0,Phone,0,0,0.0
1,0,6,231.36656773913361,Suburban,0,Multichannel,1,0,0.0
0,0,2,127.11788008156176,Suburban,0,Multichannel,0,0,0.0
0,1,3,202.12057725839182,Suburban,0,Phone,0,0,0.0
0,1,4,126.61720224207262,Rural,1,Web,0,0,0.0
0,1,1,24.85107489770468,Urban,0,Phone,1,1,23.259726533663518
0,0,9,90.68886109347457,Suburban,1,Web,0,0,0.0
0,0,6,130.40622864180202,Suburban,1,Web,0,0,0.0
0,0,1,59.38464843681068,Urban,0,Web,0,0,0.0
0,1,1,126.7941188170129,Suburban,1,Web,0,0,0.0
0,1,1,2115.3110947651544,Urban,0,Web,0,0,0.0
0,1,1,237.1279268776535,Suburban,0,Multichannel,0,0,0.0
0,0,5,158.25717848896906,Rural,0,Web,0,0,0.0
1,0,1,109.74525637484138,Suburban,0,Web,0,0,0.0
1,0,8,106.50461527099183,Rural,1,Web,0,0,0.0
0,1,1,66.56026123590068,Suburban,0,Web,0,0,0.0
0,1,3,5000.0,Urban,0,Web,1,1,14.349647234155444
1,0,3,306.97132724814406,Urban,0,Web,0,0,0.0
0,1,7,38.35095865775598,Suburban,0,Phone,0,0,0.0
0,0,5,1152.1399327324302,Urban,0,Web,1,0,0.0
1,0,12,20.76569338244488,Suburban,1,Phone,0,0,0.0
0,1,7,956.2960277709383,Suburban,0,Web,1,0,0.0
1,0,8,1282.2486313427505,Urban,0,Phone,0,0,0.0
0,1,7,412.5092301778989,Suburban,0,Phone,0,0,0.0
0,1,8,146.74162016757208,Suburban,0,Web,0,0,0.0
0,1,4,59.39148587561789,Urban,0,Multichannel,0,0,0.0
1,0,6,185.81082185104273,Urban,0,Web,0,0,0.0
1,0,6,482.4031785502429,Suburban,0,Web,0,0,0.0
1,0,12,60.200576216702615,Rural,0,Web,0,0,0.0
0,0,11,281.9016807717882,Suburban,0,Web,1,0,0.0
0,1,2,79.54249755624511,Suburban,0,Multichannel,0,0,0.0
0,0,10,158.0717054413569,Urban,0,Web,0,0,0.0
0,1,3,63.536872642065866,Urban,0,Web,1,0,0.0
0,0,4,58.90851762648228,Suburban,0,Multichannel,0,0,0.0
1,0,3,15.87406705730025,Urban,0,Phone,0,0,0.0
1,0,2,268.004059128631,Rural,0,Multichannel,1,1,15.539956552271924
1,0,8,1322.1468151370748,Suburban,0,Phone,0,0,0.0
0,0,6,427.1990230725397,Rural,1,Web,0,0,0.0
0,1,4,896.4402958276437,Rural,0,Web,0,0,0.0
0,0,2,66.34418152972688,Suburban,0,Multichannel,0,0,0.0
0,0,4,114.46831077641995,Urban,0,Phone,0,0,0.0
1,0,4,99.60788666899393,Urban,0,Multichannel,0,0,0.0
0,1,5,376.07607898523196,Suburban,0,Web,0,0,0.0
0,1,3,268.55985265150554,Suburban,1,Multichannel,0,0,0.0
1,0,8,165.57659445926754,Rural,0,Multichannel,0,0,0.0
0,1,11,81.07911113916386,Suburban,0,Web,0,0,0.0
0,1,11,170.76386793415506,Rural,0,Web,0,0,0.0
1,0,4,47.0462675516092,Suburban,0,Phone,0,0,0.0
1,0,11,137.46343508185916,Rural,0,Web,0,0,0.0
0,1,2,4604.272872647481,Rural,0,Multichannel,0,0,0.0
0,1,3,173.26511160623312,Urban,1,Web,0,0,0.0
1,0,5,2023.009913856823,Rural,0,Multichannel,0,0,0.0
0,1,7,204.5696726037912,Suburban,0,Phone,1,1,38.87703119352165
1,0,2,21.95854716501151,Urban,0,Phone,0,0,0.0
0,0,12,377.80274253985465,Suburban,0,Web,0,0,0.0
0,1,11,125.84754074283421,Suburban,0,Web,0,0,0.0
0,1,10,58.99171712744167,Rural,0,Web,0,0,0.0
0,1,7,24.031662911666267,Suburban,0,Phone,0,0,0.0
0,0,8,133.79786922607806,Suburban,0,Web,1,1,17.813528207216148
0,1,6,205.14291998799737,Suburban,0,Multichannel,0,0,0.0
0,0,11,138.92693127033317,Urban,0,Phone,0,0,0.0
1,0,11,876.886381534006,Urban,0,Web,0,0,0.0
1,0,6,1122.7006568652973,Suburban,0,Web,1,0,0.0
1,0,6,143.34990277143007,Suburban,0,Web,0,0,0.0
0,1,6,439.3681538884126,Rural,1,Web,0,0,0.0
1,0,5,86.03357084025409,Urban,0,Web,0,0,0.0
0,0,9,16.47291470569603,Suburban,0,Multichannel,0,0,0.0
0,0,1,139.1609082931298,Suburban,0,Phone,0,0,0.0
1,0,5,672.725842380273,Suburban,1,Web,0,0,0.0
0,0,5,107.83886120646896,Suburban,0,Multichannel,0,0,0.0
0,0,5,170.95403788462724,Suburban,0,Web,0,0,0.0
1,0,8,282.3941016230026,Urban,0,Web,1,0,0.0
0,0,1,43.962529968202915,Suburban,0,Phone,0,0,0.0
0,0,1,73.28462340457375,Suburban,1,Phone,0,0,0.0
0,1,11,43.540999852368735,Rural,0,Multichannel,0,0,0.0
1,0,2,74.27900951876076,Suburban,0,Multichannel,0,0,0.0
0,0,1,166.0211908062648,Suburban,0,Web,0,0,0.0
0,0,12,303.92482464255437,Suburban,1,Multichannel,0,0,0.0
1,0,7,207.81912863561783,Suburban,0,Phone,0,0,0.0
0,0,1,90.42612244558114,Suburban,0,Phone,0,0,0.0
0,1,1,89.03356228744774,Urban,0,Phone,1,0,0.0
1,0,12,541.3068365583882,Rural,0,Web,0,0,0.0
0,0,10,456.1756665334719,Rural,0,Phone,0,0,0.0
1,0,3,262.7400573246946,Rural,0,Phone,0,0,0.0
0,0,12,57.320021538000354,Rural,0,Web,0,0,0.0
1,0,11,229.2626827936827,Urban,0,Multichannel,0,0,0.0
1,0,1,27.44296495001308,Urban,0,Web,0,0,0.0
0,0,11,65.75891100773494,Rural,0,Web,0,0,0.0
0,1,2,322.3528408398958,Suburban,0,Web,0,0,0.0
0,1,12,41.68065104382998,Suburban,0,Web,0,0,0.0
0,1,6,649.050919038345,Rural,0,Multichannel,1,1,75.04472438006417
1,0,3,697.4188810943211,Urban,0,Web,0,0,0.0
0,0,12,269.8279366387398,Rural,0,Web,0,0,0.0
0,0,1,63.34056501946124,Suburban,0,Web,1,1,39.40121150103555
0,0,3,134.15702084423083,Suburban,0,Web,0,0,0.0
1,0,6,49.24703821367893,Rural,0,Multichannel,1,1,33.00421194909776
0,0,1,158.80937943917402,Rural,0,Web,1,0,0.0
0,1,3,16.358336484102335,Rural,0,Phone,0,0,0.0
0,1,6,73.23895825181368,Urban,0,Phone,0,0,0.0
0,1,1,474.28042225019425,Suburban,0,Web,0,0,0.0
0,1,2,67.58021579968916,Suburban,0,Web,1,0,0.0
1,0,1,109.76115253423166,Suburban,0,Multichannel,0,0,0.0
1,0,4,98.68600869007483,Suburban,0,Web,0,0,0.0
1,0,1,237.85033449080237,Suburban,0,Web,0,0,0.0
0,0,8,47.57131890481701,Rural,0,Phone,0,0,0.0
0,1,11,39.7955172874808,Urban,0,Multichannel,0,0,0.0
1,0,5,1974.9486891742458,Urban,0,Web,0,0,0.0
0,0,1,54.15019767689506,Suburban,0,Phone,0,0,0.0
0,0,5,197.18926244247035,Suburban,0,Multichannel,0,0,0.0
0,1,12,1022.6554422719423,Rural,0,Multichannel,0,0,0.0
0,1,6,154.31375716015788,Rural,0,Multichannel,1,0,0.0
0,1,10,284.660861032386,Suburban,0,Multichannel,0,0,0.0
0,0,7,38.221080353901414,Suburban,0,Web,0,0,0.0
1,0,11,116.0878077636354,Suburban,0,Web,0,0,0.0
0,1,3,148.4971557681778,Suburban,0,Web,0,0,0.0
0,0,1,115.28964061781546,Urban,0,Phone,0,0,0.0
0,1,4,281.5011511822641,Urban,0,Phone,0,0,0.0
0,1,11,23.676363714395606,Suburban,0,Web,0,0,0.0
0,1,10,56.2873511547416,Suburban,0,Web,0,0,0.0
0,1,9,90.53386196283806,Suburban,0,Web,0,0,0.0
0,0,2,79.62438107108436,Rural,0,Web,0,0,0.0
1,0,5,182.54002322510618,Rural,1,Multichannel,0,0,0.0
1,0,10,28.219521362272815,Suburban,0,Web,0,0,0.0
0,0,5,144.25946873261285,Suburban,1,Web,0,0,0.0
0,1,2,10.0,Suburban,0,Web,0,0,0.0
0,0,2,41.41971400364938,Urban,0,Phone,1,0,0.0
1,0,12,407.3191375582772,Urban,0,Web,0,0,0.0
1,0,3,128.2508517215961,Urban,1,Phone,0,0,0.0
1,0,4,34.10861662416839,Urban,0,Web,0,0,0.0
0,1,12,61.43786243680783,Suburban,0,Web,0,0,0.0
0,1,11,10.0,Suburban,0,Web,0,0,0.0
0,1,10,81.56310542659679,Urban,0,Web,0,0,0.0
0,1,8,245.49092823515744,Suburban,0,Web,1,0,0.0
1,0,4,601.910131731691,Urban,0,Web,0,0,0.0
0,1,10,101.18190138102662,Suburban,0,Multichannel,0,0,0.0
0,0,1,589.2920991037494,Urban,0,Web,0,0,0.0
0,1,1,90.61132126254279,Suburban,0,Web,0,0,0.0
1,0,2,122.22204195059433,Suburban,0,Phone,1,0,0.0
1,0,8,33.773220161993905,Urban,0,Phone,1,0,0.0
1,0,11,268.9847001843204,Suburban,0,Web,0,0,0.0
0,0,11,27.911761225958216,Rural,0,Phone,0,0,0.0
0,0,3,142.85455803060722,Urban,0,Web,0,0,0.0
0,0,8,98.37028421075331,Rural,0,Web,0,0,0.0
1,0,10,58.1184567798359,Urban,0,Phone,0,0,0.0
0,0,5,2057.300728192634,Urban,0,Web,0,0,0.0
1,0,1,529.9348994729176,Urban,0,Web,0,0,0.0
0,0,10,11.260275402643906,Urban,0,Web,0,0,0.0
0,0,2,34.64506797093008,Suburban,0,Web,0,0,0.0
1,0,4,836.759155079067,Urban,1,Web,1,0,0.0
0,1,12,70.23810868600351,Rural,0,Multichannel,0,0,0.0
0,1,10,471.9731101550608,Suburban,1,Phone,0,0,0.0
0,0,1,23.68379544531166,Urban,1,Multichannel,0,0,0.0
1,0,3,952.3585182674126,Urban,0,Phone,1,0,0.0
0,1,6,72.96680122319816,Rural,0,Web,0,0,0.0
1,0,11,1205.0960197655775,Urban,0,Phone,0,0,0.0
0,1,2,154.6540970075151,Suburban,0,Multichannel,0,0,0.0
0,0,9,522.1171308474146,Urban,0,Web,0,0,0.0
1,0,5,691.8001690910153,Suburban,0,Web,0,0,0.0
1,0,11,179.99714672815037,Rural,0,Multichannel,0,0,0.0
0,1,2,68.41326100186194,Urban,1,Web,0,0,0.0
0,0,6,116.73546035914902,Suburban,1,Web,0,0,0.0
0,1,8,515.6182956773105,Suburban,0,Phone,0,0,0.0
1,0,12,55.8298645255976,Rural,0,Multichannel,1,0,0.0
0,1,3,95.40843746249631,Urban,0,Web,0,0,0.0
0,0,12,404.14379592878265,Suburban,1,Phone,0,0,0.0
0,0,10,126.24850920430497,Urban,1,Phone,0,0,0.0
0,1,12,296.383777151362,Rural,0,Phone,0,0,0.0
1,0,2,1065.9255262414079,Suburban,0,Web,0,0,0.0
0,1,10,1468.253820799178,Rural,0,Multichannel,1,0,0.0
1,0,4,621.1940321366816,Urban,0,Phone,0,0,0.0
0,1,11,28.82935854150518,Suburban,0,Web,0,0,0.0
0,0,11,59.15255386722519,Urban,0,Phone,0,0,0.0
0,1,2,35.612854140746954,Urban,0,Phone,0,0,0.0
0,0,12,251.35237051072826,Rural,0,Multichannel,1,0,0.0
1,0,12,29.30892158087448,Suburban,1,Web,1,0,0.0
1,0,4,320.9776832208542,Urban,0,Web,0,0,0.0
0,0,1,41.69393435279136,Rural,0,Web,0,0,0.0
0,1,12,103.73093891419293,Suburban,1,Web,0,0,0.0
1,0,1,245.020599644491,Suburban,0,Web,0,0,0.0
0,0,3,120.18666829003223,Urban,0,Web,0,0,0.0
0,0,12,36.11590974149986,Suburban,0,Multichannel,0,0,0.0
1,0,4,241.44932042230755,Urban,0,Web,0,0,0.0
0,0,4,97.06689030152816,Suburban,0,Multichannel,0,0,0.0
0,0,11,537.0243639177743,Suburban,1,Multichannel,0,0,0.0
1,0,7,61.075024323678235,Rural,0,Multichannel,0,0,0.0
1,0,12,97.82854218271125,Suburban,0,Phone,0,0,0.0
0,0,9,60.20406912597448,Urban,0,Web,0,0,0.0
0,0,6,11.809863097774715,Suburban,0,Web,1,0,0.0
0,1,8,10.0,Rural,0,Web,0,0,0.0
0,1,7,85.935392658779,Suburban,1,Web,0,0,0.0
0,0,3,434.30723067501424,Suburban,1,Multichannel,0,0,0.0
0,1,3,129.2062322495536,Suburban,0,Web,0,0,0.0
1,0,2,157.24614072359665,Suburban,0,Web,0,0,0.0
1,0,7,734.5928797832457,Rural,0,Multichannel,0,0,0.0
0,0,3,36.559238455381816,Suburban,1,Multichannel,0,0,0.0
0,1,2,213.53227960474325,Rural,0,Web,0,0,0.0
1,0,1,38.023889616542135,Urban,0,Phone,0,0,0.0
0,0,2,43.759124758181315,Urban,0,Web,1,0,0.0
0,1,8,62.72835262304916,Rural,1,Web,0,0,0.0
1,0,5,29.09392306105807,Suburban,0,Web,0,0,0.0
0,1,4,143.3654977327742,Rural,0,Phone,0,0,0.0
0,1,7,771.9919745158553,Rural,0,Phone,1,0,0.0
0,0,12,148.39136768526865,Urban,0,Web,0,0,0.0
0,0,10,710.8755029622807,Suburban,1,Web,0,0,0.0
0,0,12,1018.3779561570612,Suburban,0,Web,0,0,0.0
0,0,10,109.5777826927807,Urban,0,Web,0,0,0.0
1,0,12,38.83510729332483,Suburban,0,Multichannel,1,1,63.32797532181245
0,1,3,718.6576458857418,Suburban,0,Web,1,1,24.17841141093922
0,0,3,518.8509200114294,Rural,0,Web,0,0,0.0
0,1,10,176.95921824241063,Suburban,0,Multichannel,0,0,0.0
0,1,11,83.97374152017758,Urban,0,Web,0,0,0.0
0,0,11,173.36956616183897,Suburban,0,Web,0,0,0.0
0,0,9,935.9232339402289,Rural,0,Phone,0,0,0.0
0,1,10,1017.8472375873396,Suburban,0,Phone,0,0,0.0
1,0,8,40.60115821873542,Suburban,0,Multichannel,0,0,0.0
0,0,2,33.68913054109678,Suburban,0,Web,1,0,0.0
1,0,12,798.4264076594603,Urban,1,Multichannel,0,0,0.0
1,0,3,255.24052968433946,Suburban,0,Phone,1,1,37.292187655224524
0,1,2,535.4433560922972,Suburban,0,Web,0,0,0.0
0,0,4,322.10673163545437,Suburban,0,Multichannel,1,1,69.70717944610594
0,0,11,61.83990905188898,Urban,1,Web,0,0,0.0
0,1,11,51.86370489084387,Suburban,1,Multichannel,0,0,0.0
0,1,4,815.7708352659874,Suburban,0,Multichannel,0,0,0.0
0,0,11,238.78970268437445,Suburban,0,Web,0,0,0.0
0,0,6,207.43837047557497,Rural,0,Phone,0,0,0.0
0,1,1,95.73068943087499,Rural,0,Phone,0,0,0.0
1,0,12,329.5981864204721,Suburban,0,Web,0,0,0.0
0,0,2,394.8435252894118,Rural,0,Web,0,0,0.0
1,0,12,141.03806131992505,Urban,1,Phone,0,0,0.0
0,0,7,115.49806801710827,Urban,0,Web,1,0,0.0
0,0,7,33.56731225866082,Urban,0,Multichannel,0,0,0.0
1,0,5,85.63508134586253,Suburban,0,Web,0,0,0.0
0,1,11,39.64405322482459,Suburban,0,Multichannel,1,0,0.0
0,0,1,93.21461407493987,Rural,0,Web,1,0,0.0
1,0,1,110.79951534204594,Urban,0,Multichannel,1,0,0.0
0,1,8,808.5820215914586,Rural,1,Web,0,0,0.0
0,1,4,111.19725531015868,Urban,0,Web,0,0,0.0
0,0,8,165.4048328480314,Rural,0,Web,0,0,0.0
0,0,1,154.0993509857783,Suburban,0,Phone,0,0,0.0
0,0,10,2543.737989867758,Suburban,0,Web,0,0,0.0
0,0,1,175.37508036367345,Suburban,1,Multichannel,0,0,0.0
0,0,4,247.28899201920325,Suburban,0,Web,0,0,0.0
0,0,2,1557.1352645021418,Urban,0,Web,0,0,0.0
0,1,2,136.05116691454873,Rural,0,Web,0,0,0.0
0,0,2,58.80207900278866,Suburban,0,Web,1,1,26.715856734101724
1,0,3,1502.572126685388,Rural,0,Web,1,0,0.0
1,0,9,852.5305938199758,Suburban,0,Multichannel,1,0,0.0
1,0,10,52.74624025801815,Suburban,0,Web,0,0,0.0
0,1,7,1254.478277520485,Suburban,0,Multichannel,0,0,0.0
1,0,11,22.748313541434467,Urban,0,Multichannel,0,0,0.0
0,0,3,585.8721034710821,Suburban,0,Web,0,0,0.0
0,0,5,1066.9742903569063,Suburban,0,Web,0,0,0.0
1,0,2,250.69306986733378,Rural,0,Web,0,0,0.0
0,0,4,240.89543910568156,Urban,0,Web,0,0,0.0
1,0,3,140.84367178278055,Suburban,0,Web,1,1,33.53099618213724
0,1,7,533.1524269721392,Urban,1,Multichannel,1,0,0.0
0,0,3,305.0261922217074,Suburban,0,Web,0,0,0.0
0,0,6,45.669430861369655,Rural,1,Phone,0,0,0.0
0,1,3,76.02061074391408,Suburban,0,Web,0,0,0.0
0,1,4,43.00315473747545,Rural,1,Web,0,0,0.0
1,0,11,122.81558828801673,Suburban,1,Phone,0,0,0.0
0,0,8,751.1486644583051,Suburban,1,Web,0,0,0.0
1,0,6,352.59034197575505,Suburban,0,Multichannel,0,0,0.0
0,0,3,51.57722796336932,Rural,0,Phone,0,0,0.0
1,0,1,19.938487688886635,Rural,1,Multichannel,0,0,0.0
0,1,3,329.55452248244563,Rural,1,Multichannel,0,0,0.0
1,0,2,558.4356013228684,Urban,0,Web,1,1,18.699339635002957
0,0,12,42.75758423895584,Urban,1,Web,1,0,0.0
0,0,6,413.4028311828546,Urban,0,Web,1,0,0.0
0,1,7,130.4023637348004,Urban,1,Web,0,0,0.0
0,1,11,58.408887866741274,Suburban,0,Web,0,0,0.0
0,1,11,215.52650254856525,Suburban,0,Web,0,0,0.0
0,1,2,308.547214823267,Suburban,1,Phone,0,0,0.0
1,0,3,91.50980561385268,Urban,0,Multichannel,0,0,0.0
0,0,6,53.78310378235862,Rural,0,Multichannel,0,0,0.0
0,0,4,1043.0625309315562,Suburban,0,Web,0,0,0.0
0,0,1,249.9773706394153,Suburban,0,Web,0,0,0.0
1,0,5,99.25595683547802,Suburban,0,Web,0,0,0.0
0,1,1,51.16188135130038,Rural,0,Multichannel,0,0,0.0
0,0,7,4716.24716301027,Suburban,0,Multichannel,0,0,0.0
1,0,2,401.77150902107917,Rural,1,Phone,0,0,0.0
0,1,3,409.9312806791207,Suburban,0,Web,1,0,0.0
0,0,1,487.46489126276595,Suburban,0,Web,1,0,0.0
0,0,2,139.16554672439588,Rural,1,Phone,0,0,0.0
1,0,1,211.80536603098335,Urban,0,Web,0,0,0.0
1,0,4,57.18504242826356,Suburban,1,Web,1,0,0.0
0,0,1,57.55524541214157,Urban,1,Web,1,0,0.0
0,0,6,64.66018317049381,Suburban,1,Web,0,0,0.0
0,0,8,67.19922967978353,Urban,0,Web,0,0,0.0
0,0,12,141.67286063179472,Rural,1,Web,0,0,0.0
1,0,4,33.23818002312562,Suburban,0,Web,0,0,0.0
0,1,6,37.8727543297842,Urban,1,Web,0,0,0.0
0,1,5,263.743329644723,Urban,0,Multichannel,0,0,0.0
1,0,1,56.16912039121722,Rural,0,Phone,0,0,0.0
0,0,1,767.4885013351011,Suburban,0,Web,0,0,0.0
0,0,12,134.4448003940336,Suburban,1,Phone,0,0,0.0
1,0,4,732.2556698589763,Urban,1,Phone,1,0,0.0
1,0,3,311.71909819953214,Suburban,0,Web,1,1,42.7911516690495
0,0,8,424.31781460362146,Urban,0,Web,0,0,0.0
0,1,5,77.17403863790561,Urban,0,Multichannel,0,0,0.0
0,1,3,80.0529822644355,Suburban,0,Web,0,0,0.0
0,0,11,502.2897862348359,Suburban,0,Multichannel,0,0,0.0
0,0,2,999.8093980302604,Suburban,1,Multichannel,0,0,0.0
1,0,11,40.48848578591715,Rural,1,Phone,0,0,0.0
0,1,7,102.81900605176551,Rural,0,Web,0,0,0.0
0,1,1,546.9264654788475,Urban,0,Multichannel,0,0,0.0
1,0,2,107.00413687196553,Suburban,0,Web,0,0,0.0
0,1,11,24.20816718283466,Urban,0,Web,0,0,0.0
0,0,5,82.1564303713916,Suburban,0,Phone,1,0,0.0
0,0,10,87.3455840185132,Rural,1,Web,0,0,0.0
1,0,12,839.996975913217,Urban,0,Phone,0,0,0.0
0,0,5,183.03415594714423,Rural,0,Multichannel,0,0,0.0
0,0,5,100.72682621512179,Suburban,0,Phone,0,0,0.0
0,1,12,200.24624825670986,Suburban,0,Phone,0,0,0.0
0,0,2,435.33046342374604,Urban,1,Web,0,0,0.0
0,0,3,152.45856749901336,Suburban,0,Multichannel,1,0,0.0
0,0,1,60.626140318435276,Suburban,0,Web,1,0,0.0
0,0,5,32.912896227223,Rural,0,Phone,0,0,0.0
0,1,9,980.2806910458337,Suburban,0,Web,0,0,0.0
1,0,2,428.1620543556386,Suburban,0,Web,0,0,0.0
0,1,3,67.80199062431754,Rural,0,Web,0,0,0.0
1,0,8,162.3017259314959,Suburban,0,Web,0,0,0.0
1,0,5,1285.4085505052296,Suburban,0,Phone,0,0,0.0
0,1,2,33.954288594633816,Urban,0,Phone,1,1,52.70738287569377
1,0,11,114.76542473911186,Suburban,0,Phone,0,0,0.0
1,0,5,44.30310207056134,Urban,1,Multichannel,0,0,0.0
1,0,12,172.40540519438244,Suburban,0,Multichannel,0,0,0.0
1,0,1,265.7358020211005,Urban,1,Phone,1,0,0.0
0,0,11,688.7006833888547,Rural,0,Phone,0,0,0.0
0,0,1,154.9691784961377,Suburban,0,Phone,0,0,0.0
0,0,12,548.8853751352358,Urban,0,Web,0,0,0.0
0,0,10,98.78013878090249,Urban,0,Web,1,0,0.0
0,0,6,36.196700120774686,Rural,1,Multichannel,1,0,0.0
0,0,1,84.75455716477857,Suburban,0,Web,1,1,41.85451718211111
0,0,6,161.30210405671545,Urban,0,Web,0,0,0.0
0,0,4,25.61245238425169,Rural,0,Phone,0,0,0.0
1,0,11,648.9291041861061,Rural,0,Web,0,0,0.0
1,0,1,91.67923869763926,Urban,0,Multichannel,1,1,28.206209221980288
0,1,2,81.76307315956994,Rural,1,Web,0,0,0.0
0,0,10,617.1344428533163,Suburban,0,Web,0,0,0.0
1,0,6,207.71729847878382,Suburban,0,Web,0,0,0.0
1,0,1,78.76067023756161,Urban,0,Multichannel,0,0,0.0
1,0,1,29.555129982964715,Urban,0,Web,0,0,0.0
0,1,6,50.60669332699296,Urban,0,Web,0,0,0.0
0,1,9,144.5596393872516,Urban,0,Phone,0,0,0.0
0,0,2,53.49917209890304,Suburban,0,Web,0,0,0.0
0,0,6,827.8748400308837,Suburban,1,Phone,0,0,0.0
0,0,2,384.16132787515585,Suburban,0,Web,0,0,0.0
0,1,5,128.191862780731,Urban,0,Web,0,0,0.0
1,0,1,203.49158437366367,Suburban,0,Multichannel,1,0,0.0
1,0,5,286.43920211510624,Rural,0,Phone,0,0,0.0
0,0,4,183.00058388512218,Suburban,0,Multichannel,0,0,0.0
0,1,5,158.79426480936542,Suburban,0,Web,0,0,0.0
1,0,2,253.81107204617697,Rural,0,Phone,1,1,68.59846664153464
0,0,2,292.49774657130166,Urban,0,Phone,0,0,0.0
0,1,4,47.07369556240056,Suburban,0,Multichannel,0,0,0.0
0,0,4,164.90912719967815,Urban,0,Web,0,0,0.0
1,0,7,278.137283580669,Urban,0,Web,1,0,0.0
0,0,2,497.7660305634329,Rural,1,Web,0,0,0.0
1,0,3,528.3624136909662,Urban,0,Web,0,0,0.0
0,1,4,247.37500133814316,Urban,0,Multichannel,1,0,0.0
1,0,3,148.35495313716365,Suburban,1,Web,1,0,0.0
0,0,3,324.4653415291566,Rural,0,Multichannel,0,0,0.0
1,0,2,771.0641704378471,Urban,0,Web,1,0,0.0
0,1,8,85.30032841056841,Suburban,0,Web,0,0,0.0
1,0,10,28.42431800183581,Suburban,1,Phone,0,0,0.0
1,0,4,71.52351179324911,Suburban,0,Multichannel,1,0,0.0
1,0,7,147.82295154870997,Suburban,1,Web,0,0,0.0
0,0,8,49.77442339680154,Suburban,0,Web,0,0,0.0
0,1,10,395.7031121528639,Urban,1,Phone,1,0,0.0
0,0,11,522.0134160479383,Urban,1,Phone,0,0,0.0
0,1,12,1468.3737272279436,Urban,1,Multichannel,0,0,0.0
0,0,6,76.66734463020178,Suburban,0,Web,0,0,0.0
1,0,1,98.59239494724665,Rural,0,Web,0,0,0.0
0,1,12,215.88920635904879,Suburban,1,Multichannel,0,0,0.0
1,0,2,79.998642203634,Urban,0,Web,0,0,0.0
0,1,1,896.7537276176356,Urban,0,Web,1,1,34.5666521807448
0,1,5,119.05839818235724,Suburban,0,Web,0,0,0.0
1,0,9,122.91123576952,Suburban,0,Phone,0,0,0.0
1,0,10,234.0548946329373,Suburban,0,Multichannel,0,0,0.0
0,0,2,278.06993537901883,Suburban,0,Web,0,0,0.0
0,0,6,24.438227718763176,Urban,0,Web,0,0,0.0
0,0,5,78.7760462845423,Urban,0,Multichannel,0,0,0.0
1,0,6,167.40364363759898,Suburban,0,Web,0,0,0.0
1,0,1,41.51835501211664,Suburban,0,Multichannel,0,0,0.0
0,0,5,96.89540379095955,Urban,0,Web,0,0,0.0
0,0,1,164.70861685491596,Urban,0,Phone,0,0,0.0
0,0,1,89.45082228913307,Suburban,0,Phone,0,0,0.0
0,0,11,550.4475373880306,Urban,0,Web,1,0,0.0
0,1,11,85.68518988078297,Suburban,0,Web,1,0,0.0
1,0,3,54.160265191892606,Suburban,1,Multichannel,0,0,0.0
0,0,5,285.8508843122238,Suburban,0,Web,0,0,0.0
0,0,7,10.0,Suburban,0,Multichannel,0,0,0.0
0,0,12,102.02450235275843,Suburban,1,Web,1,0,0.0
0,0,11,172.30365602601617,Urban,1,Multichannel,0,0,0.0
0,0,3,423.7772603466846,Rural,0,Web,0,0,0.0
1,0,9,204.6747761109105,Urban,0,Web,0,0,0.0
1,0,9,318.3372838659387,Suburban,0,Web,0,0,0.0
1,0,1,54.316240230352044,Suburban,0,Multichannel,0,0,0.0
0,1,12,60.45696347159577,Urban,0,Multichannel,0,0,0.0
1,0,7,88.49021424720625,Rural,1,Web,1,0,0.0
0,1,4,11.300124536673108,Urban,0,Web,0,0,0.0
0,0,3,494.9321863985131,Suburban,0,Web,0,0,0.0
1,0,2,80.18298929810456,Urban,0,Web,0,0,0.0
0,0,8,270.5759687285369,Suburban,0,Web,0,0,0.0
0,0,1,47.81196087545002,Suburban,0,Multichannel,0,0,0.0
0,1,12,10.0,Urban,0,Phone,0,0,0.0
0,1,12,77.07501232050316,Urban,0,Web,0,0,0.0
1,0,2,529.4250264363957,Urban,0,Phone,0,0,0.0
0,0,5,28.360817768930552,Rural,0,Web,0,0,0.0
0,1,1,121.05767730787574,Urban,0,Phone,0,0,0.0
0,1,2,21.696271332380654,Urban,0,Multichannel,0,0,0.0
0,1,8,504.8477826379083,Urban,0,Phone,0,0,0.0
0,0,8,464.87103515702466,Urban,0,Web,1,0,0.0
0,1,4,79.31102067905353,Suburban,0,Web,0,0,0.0
0,0,11,117.16522897158481,Suburban,0,Phone,0,0,0.0
1,0,3,1140.330262248141,Suburban,0,Multichannel,0,0,0.0
1,0,6,617.6116150740984,Suburban,0,Multichannel,0,0,0.0
0,0,11,225.91141305546913,Rural,0,Web,1,0,0.0
0,1,1,5000.0,Suburban,1,Web,1,0,0.0
0,1,1,71.05256736866421,Suburban,0,Web,0,0,0.0
1,0,12,278.9524171352958,Suburban,1,Web,1,0,0.0
0,0,4,140.66694842104098,Urban,0,Multichannel,0,0,0.0
0,1,8,628.5282530588366,Urban,0,Web,0,0,0.0
0,1,11,894.2365986402599,Urban,0,Multichannel,0,0,0.0
1,0,6,602.677111378592,Suburban,0,Phone,0,0,0.0
1,0,11,123.47373574894742,Urban,0,Multichannel,0,0,0.0
0,1,12,5000.0,Rural,0,Web,0,0,0.0
0,0,12,1404.6786203710521,Suburban,0,Multichannel,0,0,0.0
0,0,1,25.51919418665332,Urban,0,Web,0,0,0.0
1,0,3,822.2532173470645,Suburban,0,Multichannel,0,0,0.0
0,0,11,334.3569348589497,Urban,0,Phone,0,0,0.0
0,0,9,134.63834404084514,Suburban,0,Multichannel,0,0,0.0
1,0,5,411.2723632312643,Rural,0,Web,0,0,0.0
0,1,7,112.64740160558081,Suburban,0,Phone,0,0,0.0
1,0,1,94.08151889956027,Suburban,1,Multichannel,1,1,207.28685776808294
1,0,8,150.58388580197993,Rural,0,Multichannel,0,0,0.0
0,1,8,526.4511490494591,Suburban,0,Web,1,0,0.0
0,0,12,333.39674800814373,Urban,0,Web,0,0,0.0
0,0,9,44.24633575899744,Urban,0,Phone,0,0,0.0
1,0,5,855.4787345763955,Urban,0,Web,1,0,0.0
1,0,5,135.65697989092547,Suburban,0,Web,0,0,0.0
0,0,9,103.69519940630771,Suburban,0,Web,0,0,0.0
1,0,1,1698.6144273983114,Suburban,0,Web,1,1,10.0
1,0,10,35.78996443488647,Suburban,0,Web,0,0,0.0
0,1,5,30.127471735037485,Suburban,0,Web,0,0,0.0
0,1,10,243.49970902803335,Suburban,0,Web,0,0,0.0
0,1,10,40.95110180780671,Suburban,1,Web,0,0,0.0
0,0,12,357.7620668769222,Suburban,0,Web,0,0,0.0
0,0,4,163.4895130118157,Suburban,0,Multichannel,0,0,0.0
0,0,3,132.9882465176941,Suburban,0,Web,1,0,0.0
1,0,7,1871.6750049433015,Suburban,1,Web,1,0,0.0
1,0,6,443.12945649449847,Rural,0,Multichannel,0,0,0.0
1,0,3,1779.7167156688029,Suburban,1,Web,0,0,0.0
0,1,5,38.411055652758265,Suburban,0,Multichannel,0,0,0.0
0,1,1,607.2078323831665,Rural,0,Multichannel,1,1,16.88660465132668
0,0,1,19.064401485722293,Suburban,0,Phone,0,0,0.0
1,0,2,88.93696844872238,Suburban,0,Phone,1,0,0.0
1,0,1,24.251594353795504,Suburban,0,Multichannel,1,0,0.0
0,1,4,141.1086208714854,Suburban,0,Multichannel,0,0,0.0
1,0,2,443.50510077937963,Rural,0,Web,0,0,0.0
0,1,7,277.3961335757891,Rural,0,Phone,0,0,0.0
0,0,10,1183.4659807218657,Suburban,1,Multichannel,0,0,0.0
0,1,7,116.0710817176658,Urban,0,Web,0,0,0.0
0,0,1,78.39288641974093,Rural,1,Multichannel,1,0,0.0
0,1,1,198.48358410611775,Rural,0,Phone,1,0,0.0
0,1,5,72.69295920301413,Suburban,0,Phone,0,0,0.0
0,1,12,411.7065061080727,Urban,0,Multichannel,0,0,0.0
0,1,1,56.44130201518913,Suburban,0,Multichannel,0,0,0.0
0,1,1,47.4669829214232,Suburban,1,Phone,0,0,0.0
1,0,3,90.71743503836768,Suburban,0,Web,1,0,0.0
0,0,4,19.7768581272168,Urban,0,Web,0,0,0.0
1,0,2,685.8441060066874,Urban,0,Web,0,0,0.0
1,0,6,216.44325815446751,Suburban,0,Multichannel,0,0,0.0
0,0,11,359.56954410885385,Urban,0,Phone,0,0,0.0
0,0,2,98.04232403160091,Suburban,0,Web,0,0,0.0
1,0,1,261.3149977683441,Urban,0,Web,0,0,0.0
0,1,2,117.79931343237698,Suburban,1,Phone,0,0,0.0
1,0,7,77.38465685321704,Suburban,0,Multichannel,1,0,0.0
0,0,1,46.443691744099795,Urban,1,Web,0,0,0.0
0,0,2,5000.0,Suburban,0,Web,0,0,0.0
0,1,4,1372.167300276006,Urban,0,Phone,1,1,319.81140419768485
0,1,3,188.7694403207193,Urban,0,Web,0,0,0.0
1,0,3,729.8208415898499,Suburban,0,Web,1,0,0.0
1,0,7,79.42367438390629,Urban,0,Web,0,0,0.0
0,0,1,266.42752512637594,Suburban,1,Web,0,0,0.0
0,1,5,448.3198535877369,Suburban,0,Phone,0,0,0.0
1,0,6,642.4390762215933,Suburban,1,Web,0,0,0.0
1,0,8,222.09596670416667,Rural,0,Web,0,0,0.0
0,0,10,41.62717639677048,Urban,1,Web,0,0,0.0
1,0,5,57.78010814261552,Suburban,0,Phone,0,0,0.0
0,1,4,530.3825803762717,Urban,0,Web,0,0,0.0
1,0,4,121.62066755591435,Suburban,0,Phone,0,0,0.0
1,0,5,100.278290196551,Suburban,0,Web,0,0,0.0
0,0,10,63.61582962109188,Suburban,1,Phone,0,0,0.0
0,1,4,166.33621515747754,Urban,0,Multichannel,0,0,0.0
0,1,3,323.9784491896322,Urban,0,Multichannel,0,0,0.0
1,0,2,252.25151680914996,Urban,0,Web,0,0,0.0
0,0,5,122.02850567127695,Urban,0,Phone,0,0,0.0
0,0,3,45.42024060477013,Rural,0,Phone,1,0,0.0
0,0,10,463.02991543824527,Suburban,0,Web,0,0,0.0
1,0,12,30.590339111985546,Suburban,1,Web,0,0,0.0
1,0,11,326.27975892828937,Suburban,1,Web,0,0,0.0
0,1,5,83.59591928611722,Suburban,0,Multichannel,1,0,0.0
0,1,3,49.54933759197927,Suburban,1,Web,0,0,0.0
0,1,1,136.06638345355645,Suburban,1,Web,1,0,0.0
0,1,11,200.11011688980904,Urban,0,Web,0,0,0.0
0,0,4,356.949745576595,Rural,0,Web,0,0,0.0
0,1,11,30.095429432394557,Suburban,0,Web,0,0,0.0
1,0,1,128.99013125291958,Suburban,0,Phone,0,0,0.0
0,0,6,84.3379305066331,Rural,0,Phone,0,0,0.0
0,1,1,414.80779249652454,Suburban,1,Web,0,0,0.0
0,1,5,169.9276088319882,Suburban,0,Web,1,1,17.450824996042996
1,0,1,22.49199741032279,Rural,0,Web,1,1,22.75886959580683
1,0,1,129.874072343743,Urban,1,Multichannel,0,0,0.0
0,1,3,52.78868918020939,Rural,0,Web,0,0,0.0
1,0,12,152.93196669015597,Rural,0,Web,0,0,0.0
0,1,7,59.00310358107389,Suburban,1,Multichannel,1,0,0.0
1,0,11,84.0562540627199,Suburban,0,Web,0,0,0.0
1,0,3,266.55009101986167,Suburban,0,Multichannel,1,0,0.0
1,0,8,72.79690242190046,Suburban,1,Web,1,0,0.0
0,1,3,1439.2715264653016,Urban,0,Multichannel,1,0,0.0
0,1,11,1061.0563712810413,Rural,1,Web,0,0,0.0
0,1,3,193.80848609720232,Urban,0,Web,0,0,0.0
0,0,1,271.1030190878544,Suburban,0,Web,0,0,0.0
1,0,12,173.36136461206138,Urban,0,Multichannel,0,0,0.0
1,0,11,328.446315689223,Urban,0,Web,0,0,0.0
1,0,6,157.85080980173495,Rural,0,Web,0,0,0.0
0,0,4,2194.53181362841,Rural,0,Web,0,0,0.0
0,0,7,513.6911414575371,Rural,0,Web,0,0,0.0
1,0,9,214.06761766601755,Suburban,0,Web,0,0,0.0
0,0,1,402.87119478261417,Urban,0,Web,0,0,0.0
0,1,5,38.12337046489834,Suburban,0,Multichannel,0,0,0.0
0,1,12,87.686800869271,Suburban,0,Multichannel,0,0,0.0
0,1,3,386.2621289513123,Rural,0,Web,0,0,0.0
0,0,12,193.07976212419055,Suburban,0,Phone,0,0,0.0
1,0,8,606.0617953542987,Rural,0,Web,0,0,0.0
0,0,4,115.55356309062411,Urban,0,Web,0,0,0.0
1,0,9,22.956325360041777,Rural,0,Web,0,0,0.0
0,0,12,29.265643870779964,Suburban,1,Web,1,0,0.0
1,0,6,205.47018363503776,Suburban,0,Web,0,0,0.0
0,1,11,55.755596280176206,Urban,0,Web,1,0,0.0
0,0,10,281.94318516055614,Suburban,0,Web,0,0,0.0
1,0,9,387.6271886327984,Urban,1,Web,0,0,0.0
1,0,3,61.85985544354262,Urban,1,Web,0,0,0.0
0,1,7,32.28776593892566,Suburban,0,Multichannel,0,0,0.0
0,0,1,49.57179893792217,Suburban,0,Web,0,0,0.0
0,0,9,619.0537895199401,Urban,0,Phone,0,0,0.0
1,0,6,261.29732239009803,Urban,0,Web,0,0,0.0
0,0,7,24.783246759602626,Rural,0,Web,0,0,0.0
0,1,6,328.401063544307,Suburban,0,Multichannel,0,0,0.0
0,0,1,109.04039236263493,Suburban,1,Phone,1,0,0.0
1,0,7,817.802600850104,Suburban,0,Web,0,0,0.0
1,0,12,325.1922027718051,Urban,0,Web,0,0,0.0
0,1,3,316.1063541335417,Rural,1,Multichannel,0,0,0.0
1,0,2,146.55539255595522,Suburban,0,Phone,0,0,0.0
0,1,1,118.31256755339433,Suburban,1,Web,0,0,0.0
1,0,3,26.309444592881093,Urban,0,Web,0,0,0.0
0,0,3,203.50746329701457,Rural,0,Phone,0,0,0.0
1,0,6,133.25727881794117,Suburban,0,Multichannel,0,0,0.0
0,1,6,604.804399037697,Rural,0,Web,0,0,0.0
0,0,8,91.10738780073436,Suburban,0,Multichannel,0,0,0.0
0,1,3,283.40876508619465,Urban,0,Multichannel,0,0,0.0
0,0,8,276.3704200180049,Suburban,0,Web,1,0,0.0
0,1,3,275.58348354672387,Suburban,1,Web,0,0,0.0
1,0,4,863.0858458530656,Suburban,0,Web,0,0,0.0
0,0,10,107.90189486091333,Suburban,0,Multichannel,0,0,0.0
0,0,5,198.76342023463093,Suburban,0,Web,0,0,0.0
0,1,10,211.0015752746246,Urban,1,Phone,0,0,0.0
1,0,7,367.7533553097577,Suburban,0,Multichannel,0,0,0.0
0,1,7,61.477783249422636,Suburban,1,Multichannel,0,0,0.0
0,1,12,710.5262293773002,Suburban,1,Multichannel,0,0,0.0
0,1,8,156.16349101259482,Suburban,0,Web,0,0,0.0
0,1,4,851.6795993072976,Suburban,0,Multichannel,0,0,0.0
0,0,3,21.739346286319208,Suburban,0,Phone,0,0,0.0
0,1,8,36.36254394812668,Urban,0,Web,0,0,0.0
0,0,11,641.3059557909086,Suburban,0,Phone,0,0,0.0
1,0,5,360.7417648626628,Urban,0,Web,1,0,0.0
0,1,1,110.13623287225028,Suburban,0,Multichannel,1,1,71.59970267233612
0,1,5,928.124912996229,Urban,0,Multichannel,0,0,0.0
1,0,4,23.69249263345028,Suburban,0,Web,0,0,0.0
0,0,1,90.32874108058938,Suburban,0,Phone,0,0,0.0
1,0,5,256.9136713270328,Suburban,1,Multichannel,0,0,0.0
1,0,8,42.292893618082125,Urban,0,Phone,0,0,0.0
0,1,2,162.8045874630499,Suburban,0,Phone,0,0,0.0
1,0,1,116.19500503548593,Rural,0,Multichannel,0,0,0.0
1,0,1,581.3664171714405,Suburban,0,Web,1,1,16.54009269285055
1,0,4,37.00073496618447,Suburban,1,Web,0,0,0.0
1,0,2,120.2761080481216,Urban,1,Web,0,0,0.0
0,0,11,288.1999185390314,Urban,1,Web,0,0,0.0
0,1,2,56.11482078138891,Suburban,0,Web,0,0,0.0
0,1,2,954.9093081791817,Rural,0,Web,0,0,0.0
1,0,1,74.12092454430194,Urban,0,Web,0,0,0.0
0,0,11,186.01024629578228,Suburban,0,Multichannel,0,0,0.0
0,0,4,213.90487451730272,Suburban,0,Web,0,0,0.0
0,0,3,131.94010118485673,Urban,0,Web,0,0,0.0
0,1,4,318.4478640001039,Suburban,0,Phone,0,0,0.0
0,0,1,417.02803832916095,Suburban,0,Multichannel,1,1,39.16998014417777
1,0,12,398.2573836496011,Urban,1,Web,1,0,0.0
0,1,8,377.54942914187234,Suburban,0,Web,0,0,0.0
0,0,11,37.398642471254085,Suburban,0,Phone,1,0,0.0
0,1,8,135.3210183754082,Urban,0,Web,0,0,0.0
1,0,10,21.483688075172665,Suburban,0,Web,0,0,0.0
0,1,10,185.44272522781776,Suburban,0,Web,0,0,0.0
0,0,12,89.13553576802838,Suburban,1,Web,0,0,0.0
1,0,11,353.7848297561121,Suburban,0,Web,0,0,0.0
0,1,1,95.69341413142361,Rural,0,Web,1,1,16.221429437741477
0,1,7,100.1779204418124,Suburban,0,Web,1,0,0.0
0,0,2,85.7765476002846,Urban,0,Web,0,0,0.0
0,0,11,42.14628908524481,Urban,0,Web,0,0,0.0
0,0,3,363.8051075643394,Suburban,0,Multichannel,0,0,0.0
0,1,4,326.8310050470423,Suburban,0,Phone,0,0,0.0
0,1,3,214.00273430125438,Rural,0,Web,0,0,0.0
0,1,4,551.1653591878769,Suburban,0,Phone,0,0,0.0
0,1,11,498.3389451793075,Rural,0,Phone,0,0,0.0
0,0,7,319.5938493296036,Rural,0,Web,0,0,0.0
1,0,5,138.18744838433503,Suburban,0,Phone,0,0,0.0
1,0,12,415.48581638547927,Urban,0,Web,0,0,0.0
1,0,2,213.68675699005138,Urban,0,Web,1,0,0.0
1,0,11,202.44134606550952,Suburban,1,Web,1,0,0.0
1,0,5,10.0,Urban,0,Web,0,0,0.0
0,0,1,90.15195853152233,Suburban,0,Web,1,1,103.59909268012142
0,1,3,49.56903700489544,Suburban,1,Web,0,0,0.0
1,0,12,598.4020120828504,Urban,0,Web,0,0,0.0
1,0,1,196.21522582213032,Urban,0,Web,0,0,0.0
1,0,12,387.82982824488425,Suburban,0,Web,0,0,0.0
1,0,3,508.2932037570737,Urban,0,Phone,0,0,0.0
1,0,10,94.15920533007211,Rural,0,Web,0,0,0.0
0,0,8,560.607401316277,Urban,0,Web,0,0,0.0
0,1,8,173.76204504488055,Suburban,0,Web,0,0,0.0
1,0,11,583.4351292394093,Suburban,0,Multichannel,1,1,30.23869974038099
0,1,12,263.4316844847859,Urban,1,Web,0,0,0.0
0,0,7,348.4144187243661,Urban,0,Web,0,0,0.0
1,0,4,529.4216669208819,Urban,1,Web,1,0,0.0
0,0,11,23.11502583187936,Suburban,0,Web,0,0,0.0
0,1,4,508.9593501896488,Suburban,0,Web,0,0,0.0
1,0,8,552.7479600588947,Suburban,0,Multichannel,0,0,0.0
0,0,10,22.12124933827878,Urban,1,Multichannel,0,0,0.0
0,0,11,2482.5059894133155,Urban,0,Web,0,0,0.0
0,0,4,1450.054874784684,Suburban,0,Web,0,0,0.0
0,1,5,260.5406049131102,Suburban,0,Phone,0,0,0.0
1,0,6,344.78219774822384,Suburban,1,Phone,0,0,0.0
0,0,12,57.23269225436044,Rural,1,Phone,1,0,0.0
1,0,8,77.29109328381354,Urban,0,Multichannel,0,0,0.0
1,0,6,46.939829455903094,Suburban,0,Phone,0,0,0.0
0,1,1,25.849984422325587,Urban,0,Web,0,0,0.0
0,1,7,33.911573466832,Urban,1,Phone,0,0,0.0
0,1,1,34.3122163695701,Suburban,0,Phone,0,0,0.0
0,1,2,774.6302489864123,Suburban,0,Multichannel,0,0,0.0
0,1,8,234.198263430438,Suburban,0,Web,0,0,0.0
0,1,2,74.4503777557641,Rural,0,Web,0,0,0.0
0,0,11,180.487078055439,Suburban,0,Web,0,0,0.0
0,0,10,120.86895469009261,Suburban,0,Web,0,0,0.0
1,0,1,103.01698190021116,Urban,1,Web,0,0,0.0
0,1,4,370.8843567970642,Rural,0,Phone,1,0,0.0
0,1,9,134.9541080500628,Suburban,0,Web,0,0,0.0
0,1,11,489.946869950938,Suburban,0,Multichannel,0,0,0.0
0,1,6,40.9043967243201,Suburban,0,Phone,0,0,0.0
1,0,1,625.4168021583937,Suburban,0,Multichannel,0,0,0.0
1,0,1,154.58785350762656,Rural,1,Multichannel,0,0,0.0
1,0,2,193.11278232426113,Urban,0,Web,0,0,0.0
0,1,3,1600.0892319114535,Suburban,1,Web,0,0,0.0
1,0,8,42.379037148626196,Urban,0,Multichannel,0,0,0.0
1,0,11,53.14603026513851,Suburban,0,Web,0,0,0.0
1,0,5,139.1462617459298,Urban,0,Web,1,0,0.0
0,0,11,431.0490563377032,Suburban,0,Multichannel,0,0,0.0
0,0,6,79.72747565619935,Rural,0,Multichannel,0,0,0.0
0,0,2,20.431028554512487,Suburban,0,Multichannel,0,0,0.0
0,0,11,119.88455419881278,Suburban,0,Web,0,0,0.0
1,0,12,86.2721429161399,Suburban,0,Web,0,0,0.0
1,0,2,14.135911577369052,Suburban,0,Web,0,0,0.0
1,0,7,130.08818995998806,Urban,0,Web,0,0,0.0
0,0,3,324.7969828707699,Urban,0,Web,1,0,0.0
0,0,6,10.704715537323313,Urban,0,Web,0,0,0.0
1,0,12,52.61656813657834,Rural,0,Multichannel,0,0,0.0
0,0,11,48.02214339774698,Suburban,0,Web,0,0,0.0
0,0,10,19.00448048918235,Suburban,0,Web,0,0,0.0
0,1,1,711.1320251190516,Rural,0,Web,0,0,0.0
0,0,4,122.16224178376282,Suburban,0,Multichannel,1,0,0.0
0,0,5,353.15619925536356,Suburban,0,Web,0,0,0.0
0,0,5,52.56525375068082,Rural,1,Phone,0,0,0.0
0,0,6,16.154514341088504,Rural,0,Web,0,0,0.0
0,1,4,390.0233135762921,Suburban,0,Web,0,0,0.0
1,0,2,61.033529215212454,Suburban,1,Multichannel,0,0,0.0
0,1,1,313.6380088793991,Suburban,0,Multichannel,0,0,0.0
1,0,1,67.39933246941494,Suburban,0,Multichannel,0,0,0.0
1,0,8,47.4883000121731,Rural,1,Phone,0,0,0.0
0,1,5,123.64519333985945,Rural,0,Web,0,0,0.0
0,1,11,402.27612869840516,Suburban,1,Web,0,0,0.0
1,0,5,10.789334317374594,Suburban,1,Web,0,0,0.0
0,0,1,323.1589859535235,Rural,0,Multichannel,0,0,0.0
0,1,7,600.8391651661879,Rural,0,Multichannel,0,0,0.0
1,0,3,712.6772902267151,Rural,1,Web,1,0,0.0
1,0,1,526.6757429034237,Suburban,0,Multichannel,0,0,0.0
0,0,6,81.93377983090777,Rural,0,Web,0,0,0.0
1,0,12,114.45446980778335,Suburban,0,Web,1,0,0.0
0,1,2,40.28523364027117,Rural,0,Web,0,0,0.0
0,1,3,161.5486291080757,Urban,0,Multichannel,0,0,0.0
0,1,3,224.2413880345322,Suburban,0,Multichannel,0,0,0.0
0,1,1,179.68190621759695,Suburban,0,Web,0,0,0.0
0,0,12,87.50300264206652,Suburban,0,Web,1,0,0.0
1,0,3,83.91349934224377,Rural,0,Phone,0,0,0.0
0,0,8,83.08766924499133,Suburban,0,Multichannel,0,0,0.0
0,0,8,198.8352218602992,Rural,0,Web,0,0,0.0
0,1,6,519.7902262820031,Suburban,0,Web,1,0,0.0
1,0,3,79.38148914837831,Rural,0,Web,0,0,0.0
0,0,2,151.88722636862872,Urban,0,Web,0,0,0.0
0,1,8,64.08733376110669,Urban,0,Web,0,0,0.0
0,1,3,101.46547362416545,Suburban,1,Web,0,0,0.0
0,0,2,717.1331290011485,Rural,1,Web,1,0,0.0
0,0,7,44.24434286117044,Suburban,0,Web,0,0,0.0
1,0,6,216.49521065439734,Urban,1,Web,0,0,0.0
0,1,4,71.1924637240888,Suburban,0,Multichannel,0,0,0.0
0,0,1,180.06149043013073,Suburban,0,Phone,0,0,0.0
0,0,11,167.41004531434146,Urban,0,Multichannel,0,0,0.0
1,0,3,233.67008234775176,Urban,0,Phone,0,0,0.0
0,1,2,26.843696186183756,Urban,0,Web,0,0,0.0
0,1,3,277.697886774158,Rural,0,Multichannel,0,0,0.0
0,0,4,10.0,Suburban,0,Web,0,0,0.0
0,1,11,26.9110663709467,Rural,0,Multichannel,0,0,0.0
1,0,12,502.0987459696789,Urban,1,Web,0,0,0.0
0,0,1,181.10458139231653,Urban,0,Multichannel,0,0,0.0
0,1,3,1071.6425785083752,Suburban,1,Web,0,0,0.0
1,0,5,425.1696171957172,Urban,0,Multichannel,0,0,0.0
0,1,6,33.19396393389964,Urban,1,Multichannel,0,0,0.0
1,0,3,453.61619243840244,Suburban,0,Web,1,1,51.842952264634434
1,0,1,95.78508250741126,Suburban,1,Multichannel,0,0,0.0
0,1,4,222.40744338685695,Rural,1,Web,0,0,0.0
0,0,4,378.91417159506176,Rural,0,Phone,0,0,0.0
0,1,5,84.64657365005894,Suburban,0,Multichannel,0,0,0.0
0,1,1,10.0,Suburban,0,Web,1,1,31.100537947267867
0,1,1,402.6034197748541,Suburban,0,Multichannel,0,0,0.0
0,0,1,160.38164016619123,Rural,1,Phone,0,0,0.0
0,1,8,75.79737999264941,Rural,0,Multichannel,0,0,0.0
1,0,7,1551.544739266259,Suburban,1,Web,0,0,0.0
1,0,12,346.9198601625551,Suburban,0,Web,0,0,0.0
1,0,6,940.0859108627399,Urban,1,Web,0,0,0.0
1,0,11,515.0706859016121,Urban,0,Multichannel,0,0,0.0
1,0,7,107.52537974037078,Urban,0,Web,0,0,0.0
1,0,9,53.585460415306486,Suburban,0,Web,1,1,21.01777977351709
0,0,1,29.445304526970048,Urban,0,Multichannel,0,0,0.0
0,0,9,249.18019678627422,Urban,0,Phone,0,0,0.0
1,0,8,350.47311115826756,Suburban,1,Web,0,0,0.0
1,0,11,83.0291355172204,Suburban,0,Web,0,0,0.0
1,0,3,269.2682513433157,Urban,0,Multichannel,0,0,0.0
0,1,9,30.439548866633096,Rural,0,Phone,0,0,0.0
0,1,5,247.36517053859498,Suburban,0,Multichannel,1,1,10.0
0,1,3,27.604910981731173,Suburban,0,Phone,1,0,0.0
1,0,4,242.31614978718224,Suburban,0,Web,0,0,0.0
0,1,7,324.8238893372333,Rural,0,Multichannel,0,0,0.0
1,0,5,55.327057566687444,Suburban,1,Phone,0,0,0.0
0,0,11,189.1137828085853,Suburban,0,Web,0,0,0.0
1,0,3,73.18981607650773,Suburban,1,Web,0,0,0.0
0,1,11,65.49626399968051,Rural,0,Multichannel,0,0,0.0
0,0,6,436.6000171599552,Urban,0,Web,0,0,0.0
0,1,5,593.9845576492803,Rural,0,Multichannel,0,0,0.0
0,0,7,103.01347170188374,Suburban,0,Web,0,0,0.0
1,0,4,30.147287715280115,Suburban,0,Web,1,0,0.0
0,1,5,757.1844511193659,Suburban,0,Web,0,0,0.0
1,0,6,158.3684990147862,Urban,0,Multichannel,0,0,0.0
0,0,2,70.1745958611018,Suburban,0,Phone,0,0,0.0
0,1,6,385.129841140099,Urban,0,Multichannel,0,0,0.0
0,1,1,448.7869033770699,Suburban,1,Web,0,0,0.0
1,0,3,81.19087120629416,Urban,0,Web,0,0,0.0
1,0,12,75.892783485702,Suburban,0,Phone,0,0,0.0
1,0,2,146.6147019706037,Suburban,0,Web,0,0,0.0
0,1,1,1001.8837781926505,Urban,0,Phone,1,0,0.0
1,0,12,116.13321056740567,Suburban,0,Web,0,0,0.0
1,0,4,553.0167359184763,Urban,0,Multichannel,1,0,0.0
0,1,12,741.23437537885,Suburban,1,Web,1,0,0.0
1,0,2,300.93697179387425,Suburban,0,Multichannel,1,0,0.0
1,0,8,776.0151157706584,Suburban,0,Multichannel,1,0,0.0
0,0,9,101.53684661468446,Suburban,0,Multichannel,0,0,0.0
1,0,2,48.97090693287974,Urban,1,Web,0,0,0.0
1,0,5,189.49640968652227,Suburban,0,Web,0,0,0.0
0,1,1,61.79524395999307,Suburban,0,Web,0,0,0.0
0,1,4,87.37333246290169,Suburban,0,Web,0,0,0.0
0,0,1,46.50989282131899,Suburban,0,Web,0,0,0.0
0,1,10,42.63887421460422,Rural,0,Web,0,0,0.0
0,1,3,195.89452588818608,Suburban,0,Multichannel,0,0,0.0
0,0,11,24.06496600471782,Suburban,0,Multichannel,0,0,0.0
0,1,7,390.57567642296937,Suburban,0,Web,0,0,0.0
0,0,12,203.38175663039553,Suburban,0,Web,0,0,0.0
1,0,3,106.30113224130474,Suburban,0,Multichannel,0,0,0.0
1,0,2,70.24211835468093,Rural,0,Web,0,0,0.0
0,0,11,50.22617169852946,Urban,0,Web,1,0,0.0
0,1,1,60.93029963993666,Urban,0,Web,0,0,0.0
1,0,1,28.807099654918172,Suburban,1,Web,0,0,0.0
1,0,5,4705.343790041602,Urban,0,Phone,0,0,0.0
0,1,12,197.12912431976804,Rural,0,Multichannel,0,0,0.0
0,0,2,104.74429394527014,Rural,1,Multichannel,0,0,0.0
0,0,11,742.3744404483174,Urban,0,Web,0,0,0.0
0,1,12,150.1717320387174,Urban,0,Web,0,0,0.0
0,0,2,33.053996124913844,Suburban,0,Web,0,0,0.0
0,1,2,28.02672632277863,Rural,0,Web,0,0,0.0
0,0,1,22.864417073426637,Rural,0,Web,0,0,0.0
0,0,3,79.01241747090279,Rural,0,Phone,0,0,0.0
0,1,11,1226.0220901640982,Urban,1,Web,0,0,0.0
0,1,11,32.929363390542626,Urban,1,Phone,0,0,0.0
0,1,8,100.8864407619502,Urban,1,Web,0,0,0.0
0,1,4,73.89226317736409,Suburban,0,Web,0,0,0.0
0,1,6,377.91007166832475,Rural,1,Web,0,0,0.0
0,0,7,1172.9739597535806,Suburban,0,Multichannel,0,0,0.0
0,0,1,23.722139826000742,Suburban,1,Web,0,0,0.0
1,0,4,88.26701859578213,Suburban,0,Web,0,0,0.0
0,0,5,262.53583696890877,Urban,0,Web,0,0,0.0
1,0,3,335.9030252261296,Suburban,1,Web,0,0,0.0
0,1,12,10.0,Urban,0,Web,0,0,0.0
1,0,2,43.17121909186329,Rural,0,Web,0,0,0.0
1,0,9,419.86776764970625,Suburban,0,Web,0,0,0.0
0,1,9,46.356543376543996,Suburban,0,Web,0,0,0.0
1,0,11,1519.8687024889146,Rural,0,Web,0,0,0.0
0,1,1,1668.5636541821198,Suburban,1,Multichannel,0,0,0.0
0,1,3,602.407081455301,Suburban,0,Web,1,1,30.732762680594586
1,0,1,29.78980214308031,Rural,0,Web,0,0,0.0
0,0,1,72.49651263329967,Rural,0,Web,0,0,0.0
1,0,5,304.7236479122575,Suburban,1,Web,0,0,0.0
0,1,12,27.18295290180548,Urban,1,Phone,0,0,0.0
0,0,11,21.11184848063902,Suburban,0,Web,0,0,0.0
1,0,3,433.4026445557838,Urban,1,Web,1,0,0.0
1,0,2,165.1377109803348,Rural,0,Web,0,0,0.0
0,0,12,1751.2288938075335,Suburban,0,Web,1,0,0.0
0,0,12,349.49952177675925,Suburban,0,Web,0,0,0.0
0,0,5,303.4365613107309,Urban,0,Multichannel,0,0,0.0
0,0,2,60.18304198380858,Suburban,0,Web,0,0,0.0
0,0,1,36.10043209329247,Urban,0,Multichannel,0,0,0.0
0,0,3,330.4444144092992,Rural,0,Web,1,0,0.0
0,1,9,241.69210943896948,Rural,0,Multichannel,0,0,0.0
1,0,3,18.7071011579361,Rural,0,Web,0,0,0.0
0,1,10,123.53841763610619,Suburban,1,Phone,1,0,0.0
0,0,12,140.36333162525926,Suburban,0,Multichannel,0,0,0.0
0,1,1,90.65581107458985,Suburban,0,Web,0,0,0.0
1,0,4,34.28814927533385,Suburban,1,Multichannel,1,0,0.0
0,1,9,630.2852597964359,Suburban,0,Phone,0,0,0.0
1,0,4,4779.609435147594,Urban,0,Multichannel,1,0,0.0
0,0,10,99.20953730590966,Suburban,0,Phone,0,0,0.0
0,0,9,64.52659420842686,Suburban,0,Multichannel,0,0,0.0
0,1,3,78.01192560991717,Suburban,1,Multichannel,0,0,0.0
0,0,3,81.90433780935615,Urban,0,Multichannel,0,0,0.0
0,1,5,43.08893519445111,Suburban,0,Multichannel,0,0,0.0
0,0,12,195.9531036691419,Suburban,0,Phone,0,0,0.0
0,1,1,357.60440614569814,Suburban,0,Multichannel,0,0,0.0
0,1,5,92.6413475782156,Suburban,1,Phone,0,0,0.0
0,1,3,73.09605515684817,Suburban,0,Web,1,0,0.0
0,0,1,357.9125380941596,Rural,0,Multichannel,0,0,0.0
0,1,3,244.57765040026652,Urban,1,Web,0,0,0.0
0,0,8,279.67636128394116,Suburban,0,Web,0,0,0.0
0,0,4,39.687070358360536,Suburban,0,Web,0,0,0.0
0,0,4,1348.9242159138823,Rural,1,Web,0,0,0.0
0,1,3,829.8847670915495,Urban,0,Web,0,0,0.0
0,1,12,120.51160204260509,Urban,0,Web,0,0,0.0
1,0,2,133.65631476891147,Urban,0,Multichannel,0,0,0.0
0,1,12,461.28741711060616,Urban,0,Phone,1,0,0.0
0,1,12,47.384347713439396,Suburban,0,Multichannel,0,0,0.0
0,1,5,182.4831966660049,Suburban,0,Multichannel,0,0,0.0
0,1,1,138.2792073152794,Urban,0,Web,0,0,0.0
1,0,4,120.97525147264285,Urban,1,Phone,0,0,0.0
1,0,4,109.8031355749045,Rural,0,Web,0,0,0.0
0,0,8,57.822288259443454,Suburban,0,Web,0,0,0.0
0,0,5,37.37059987895661,Suburban,0,Web,1,0,0.0
0,0,2,456.71885442526815,Rural,0,Web,0,0,0.0
1,0,11,95.09439307022396,Urban,0,Multichannel,1,1,20.394969498330703
1,0,5,221.6168202524483,Suburban,1,Multichannel,0,0,0.0
1,0,11,213.91928952541755,Urban,0,Phone,0,0,0.0
0,1,10,394.32464289421785,Suburban,0,Multichannel,0,0,0.0
0,1,9,44.490638066124596,Suburban,1,Web,0,0,0.0
0,0,3,60.51502618442668,Suburban,0,Web,0,0,0.0
0,0,6,17.31359069374695,Urban,0,Phone,0,0,0.0
0,0,8,102.3776930481333,Suburban,0,Web,0,0,0.0
0,0,2,494.16128315317394,Urban,0,Phone,0,0,0.0
1,0,2,200.68048479426997,Rural,0,Web,0,0,0.0
0,0,12,202.93796721075284,Suburban,0,Multichannel,1,0,0.0
1,0,1,86.31615618485561,Urban,0,Multichannel,0,0,0.0
1,0,11,407.8367753018682,Urban,0,Web,1,0,0.0
1,0,5,337.28256622582666,Suburban,1,Web,0,0,0.0
1,0,1,480.55959789321645,Suburban,1,Multichannel,0,0,0.0
0,1,4,375.6549421353047,Rural,1,Multichannel,0,0,0.0
0,0,1,70.57276345968008,Suburban,0,Web,0,0,0.0
0,1,12,966.7999439323672,Rural,0,Web,0,0,0.0
0,1,1,52.74971241567367,Suburban,1,Web,0,0,0.0
1,0,11,164.2193127013716,Suburban,0,Web,0,0,0.0
0,1,2,401.8718903969508,Suburban,0,Web,0,0,0.0
0,0,6,69.35851301667685,Urban,0,Phone,0,0,0.0
0,1,5,56.59629389104009,Urban,0,Multichannel,0,0,0.0
1,0,1,110.21003635813992,Suburban,0,Web,1,0,0.0
1,0,1,177.19618187534633,Rural,0,Web,0,0,0.0
0,1,8,193.70623052721314,Rural,0,Web,1,0,0.0
0,1,7,176.80781095802965,Suburban,0,Web,1,0,0.0
0,0,3,128.0864038895511,Suburban,0,Multichannel,0,0,0.0
0,0,1,73.46672720289494,Suburban,0,Phone,0,0,0.0
0,1,12,69.13211750684982,Suburban,0,Web,0,0,0.0
1,0,5,303.63808427590595,Suburban,0,Web,0,0,0.0
0,0,11,448.46267144495357,Urban,1,Phone,0,0,0.0
0,1,3,185.0267270224117,Suburban,0,Web,0,0,0.0
0,0,1,206.23111848454428,Suburban,0,Multichannel,0,0,0.0
0,1,12,641.0800564509393,Urban,1,Web,0,0,0.0
0,1,5,20.642396660923136,Urban,0,Web,1,0,0.0
0,0,11,210.8315514638242,Suburban,1,Phone,0,0,0.0
0,0,12,57.14509686338943,Suburban,0,Multichannel,1,0,0.0
0,0,7,212.02806004088595,Urban,1,Multichannel,0,0,0.0
0,1,6,264.21088905550255,Suburban,0,Web,0,0,0.0
1,0,10,178.11897632257828,Suburban,0,Web,0,0,0.0
1,0,6,132.66823750386698,Suburban,0,Phone,0,0,0.0
0,1,1,102.40096588159692,Urban,0,Multichannel,0,0,0.0
0,1,12,42.23551699533374,Urban,0,Phone,1,0,0.0
1,0,3,78.88411435053195,Suburban,0,Multichannel,1,0,0.0
1,0,2,38.313145009952464,Urban,0,Multichannel,1,1,33.403252054969435
1,0,8,111.18123541353455,Rural,0,Web,1,0,0.0
0,1,11,100.18256366594902,Suburban,0,Web,0,0,0.0
0,0,3,142.52548976394846,Urban,1,Phone,1,1,38.85583394223927
1,0,4,99.79052186405467,Rural,0,Web,0,0,0.0
0,1,7,253.75928789204218,Rural,0,Web,0,0,0.0
1,0,3,34.581525948562344,Rural,0,Multichannel,1,0,0.0
0,1,8,204.76241490371683,Rural,0,Multichannel,0,0,0.0
1,0,1,577.9518185336311,Rural,0,Web,0,0,0.0
0,0,11,184.03577341804504,Suburban,1,Phone,0,0,0.0
0,0,3,39.261209345151045,Rural,0,Web,0,0,0.0
1,0,9,100.26027102605735,Suburban,0,Web,0,0,0.0
1,0,1,155.17184908681156,Urban,0,Web,0,0,0.0
0,0,2,199.72379180892952,Urban,1,Web,0,0,0.0
0,1,11,28.011451675370683,Suburban,1,Phone,0,0,0.0
0,1,7,52.102522224232054,Suburban,0,Web,0,0,0.0
1,0,12,54.398150934790536,Suburban,0,Web,0,0,0.0
0,0,3,133.55496604490338,Suburban,0,Multichannel,1,1,65.86497596570354
0,0,12,67.35664654524129,Suburban,0,Web,0,0,0.0
0,1,1,129.49383818561378,Suburban,0,Web,1,0,0.0
0,0,1,89.55188872978745,Suburban,0,Multichannel,0,0,0.0
0,1,10,96.92213288413706,Suburban,0,Web,0,0,0.0
0,0,2,83.94459740841727,Suburban,0,Multichannel,1,0,0.0
1,0,2,110.52140017008843,Suburban,0,Phone,0,0,0.0
0,0,11,412.1066496250097,Suburban,0,Multichannel,0,0,0.0
0,1,9,560.2697371162618,Suburban,1,Web,0,0,0.0
0,0,9,105.71049522439063,Urban,0,Phone,0,0,0.0
0,0,5,193.77441287359787,Urban,1,Web,0,0,0.0
0,0,11,106.67527319274245,Urban,1,Web,0,0,0.0
1,0,10,35.15451495072029,Rural,0,Multichannel,0,0,0.0
1,0,9,99.0704591844159,Suburban,0,Phone,1,0,0.0
1,0,12,290.4040332673857,Rural,0,Multichannel,0,0,0.0
0,0,1,124.81717753663543,Suburban,0,Multichannel,0,0,0.0
1,0,5,152.5857563185516,Suburban,0,Phone,0,0,0.0
1,0,2,252.86247588207905,Suburban,0,Web,0,0,0.0
0,1,2,88.05228513832292,Urban,0,Multichannel,0,0,0.0
1,0,6,465.2752467264302,Urban,0,Multichannel,1,0,0.0
0,1,6,34.73045408116777,Urban,0,Web,0,0,0.0
1,0,5,106.98194168704453,Urban,1,Multichannel,0,0,0.0
0,1,2,129.29719569431626,Suburban,0,Multichannel,0,0,0.0
0,0,11,862.2612668569797,Rural,1,Multichannel,0,0,0.0
0,1,8,136.22077066238984,Suburban,0,Web,0,0,0.0
0,1,4,384.0153450678059,Suburban,0,Multichannel,0,0,0.0
0,0,3,173.23869620823965,Urban,1,Multichannel,0,0,0.0
1,0,1,166.826006324322,Suburban,1,Web,0,0,0.0
0,1,4,142.4575365134865,Urban,0,Web,0,0,0.0
0,0,1,40.986046533591534,Rural,1,Multichannel,0,0,0.0
0,0,6,64.02906681874222,Suburban,0,Multichannel,0,0,0.0
1,0,1,375.77977002807825,Urban,0,Multichannel,0,0,0.0
0,0,5,166.4771129941724,Suburban,1,Phone,0,0,0.0
0,0,8,97.22761940016575,Rural,0,Phone,0,0,0.0
0,1,11,446.0068007168219,Urban,0,Multichannel,0,0,0.0
1,0,12,815.8144263224744,Suburban,0,Phone,1,0,0.0
0,1,10,301.9565639790405,Urban,0,Web,0,0,0.0
0,1,5,318.88188194098774,Rural,1,Web,0,0,0.0
1,0,10,1147.22769048591,Suburban,0,Multichannel,0,0,0.0
0,0,8,164.9110199081938,Suburban,1,Web,0,0,0.0
1,0,4,389.30306376800195,Urban,0,Multichannel,0,0,0.0
0,1,12,163.80557289494027,Rural,0,Phone,0,0,0.0
0,1,12,152.43756166063682,Suburban,1,Web,0,0,0.0
0,1,3,289.1882510101597,Urban,0,Web,0,0,0.0
1,0,2,409.98581162511823,Suburban,1,Phone,1,0,0.0
0,0,3,60.99845625338848,Suburban,0,Web,0,0,0.0
1,0,8,147.06826082683534,Rural,0,Phone,0,0,0.0
1,0,3,123.69299817503757,Suburban,0,Web,1,0,0.0
0,1,1,334.3678240480433,Suburban,0,Web,1,0,0.0
0,1,7,107.66101384398719,Rural,0,Multichannel,0,0,0.0
1,0,6,208.07417989656858,Urban,1,Web,0,0,0.0
0,0,2,234.57375241624626,Rural,0,Phone,0,0,0.0
0,1,5,107.61833732978232,Rural,0,Multichannel,0,0,0.0
0,0,9,246.491739327269,Suburban,0,Multichannel,0,0,0.0
0,0,8,215.91302954987094,Suburban,1,Phone,0,0,0.0
0,1,11,10.0,Urban,0,Web,0,0,0.0
0,0,7,421.80397156221085,Suburban,0,Multichannel,0,0,0.0
1,0,8,798.9501517945845,Suburban,0,Multichannel,0,0,0.0
0,0,11,317.7314562196695,Urban,0,Web,0,0,0.0
0,0,4,505.53995922268626,Suburban,0,Phone,1,0,0.0
0,1,3,167.35455303657642,Urban,0,Web,1,0,0.0
0,0,12,914.6273456691341,Suburban,0,Multichannel,1,0,0.0
0,1,2,487.52435875430587,Suburban,0,Multichannel,0,0,0.0
0,1,4,64.97694096644993,Suburban,0,Phone,0,0,0.0
0,0,3,202.99928517413963,Rural,0,Multichannel,0,0,0.0
0,1,2,55.93190101335737,Rural,0,Web,0,0,0.0
1,0,2,255.1112070945913,Suburban,0,Phone,0,0,0.0
0,1,1,86.6751745100349,Urban,0,Multichannel,0,0,0.0
0,1,3,74.25476975852611,Suburban,0,Web,0,0,0.0
1,0,7,81.33834675490446,Urban,0,Web,1,0,0.0
0,1,8,986.4044723151244,Suburban,0,Phone,0,0,0.0
0,1,11,736.1742142288492,Suburban,0,Web,0,0,0.0
0,0,5,17.597675244291995,Suburban,0,Multichannel,0,0,0.0
0,1,5,81.23043032746119,Rural,1,Web,0,0,0.0
0,1,10,448.3088540653834,Suburban,0,Phone,0,0,0.0
0,0,5,97.6493371854557,Suburban,0,Phone,0,0,0.0
0,1,5,13.568981092064337,Urban,0,Web,0,0,0.0
0,0,2,253.70101328131872,Suburban,1,Multichannel,1,0,0.0
0,0,8,58.46666592993014,Suburban,0,Multichannel,0,0,0.0
0,0,11,182.96960724412702,Rural,0,Web,0,0,0.0
0,1,3,513.0534061536033,Urban,0,Web,0,0,0.0
0,0,1,710.7581274159714,Rural,0,Web,0,0,0.0
0,1,5,1209.0329082695405,Rural,0,Phone,0,0,0.0
1,0,1,572.4450716138638,Urban,0,Multichannel,0,0,0.0
0,0,9,57.439571118147896,Rural,0,Web,0,0,0.0
1,0,11,88.5082938976274,Rural,0,Web,0,0,0.0
1,0,1,238.17960110616275,Suburban,1,Web,1,0,0.0
0,0,6,43.72068566339244,Rural,0,Multichannel,0,0,0.0
0,0,6,308.9249499734153,Rural,0,Web,0,0,0.0
0,0,2,77.11340742017065,Suburban,0,Multichannel,0,0,0.0
0,1,8,131.47134158034999,Urban,0,Web,0,0,0.0
0,0,7,106.28941230582758,Urban,0,Web,1,0,0.0
0,0,10,71.86483705715779,Suburban,0,Multichannel,0,0,0.0
0,1,11,94.29585669588849,Urban,0,Web,0,0,0.0
0,1,2,334.678011852555,Suburban,0,Multichannel,0,0,0.0
1,0,12,639.7373495608241,Suburban,0,Multichannel,0,0,0.0
0,1,5,147.86729893160515,Urban,0,Multichannel,0,0,0.0
1,0,1,221.32114381976785,Suburban,0,Web,1,1,26.898620659284713
1,0,6,56.13417741631804,Rural,0,Multichannel,0,0,0.0
0,1,8,356.439387764898,Urban,0,Multichannel,0,0,0.0
0,0,1,618.3879738947609,Suburban,0,Multichannel,1,0,0.0
0,1,4,292.0677389529614,Suburban,0,Web,1,1,42.858516824576164
0,0,2,238.2045589211788,Suburban,0,Phone,0,0,0.0
0,0,4,93.70832071693654,Urban,1,Web,0,0,0.0
0,1,8,55.93339821309462,Suburban,1,Web,0,0,0.0
0,1,4,150.22746352499155,Suburban,0,Web,1,0,0.0
1,0,3,71.28149235280169,Urban,1,Multichannel,0,0,0.0
1,0,12,201.71579616467068,Rural,0,Multichannel,1,0,0.0
0,0,1,23.76668799267397,Suburban,0,Web,1,1,107.06706490351063
0,1,11,340.61088877989613,Urban,0,Multichannel,0,0,0.0
0,0,3,84.96159811333759,Suburban,1,Web,0,0,0.0
1,0,10,14.066562463923217,Suburban,0,Phone,0,0,0.0
0,0,5,28.20397567809675,Suburban,1,Phone,0,0,0.0
1,0,11,354.52187228399987,Suburban,0,Multichannel,0,0,0.0
1,0,12,464.1199911096387,Rural,0,Web,0,0,0.0
1,0,5,26.31946384494391,Suburban,0,Multichannel,1,0,0.0
0,0,4,1759.8798785514527,Urban,1,Web,1,0,0.0
1,0,6,306.9972597750759,Urban,0,Multichannel,0,0,0.0
0,1,2,713.7762834976579,Suburban,0,Web,0,0,0.0
1,0,4,96.08574685081133,Suburban,0,Phone,0,0,0.0
1,0,1,29.229512604209216,Suburban,0,Phone,0,0,0.0
0,1,6,59.867654287825786,Suburban,0,Web,0,0,0.0
1,0,7,347.23659492785873,Suburban,0,Multichannel,0,0,0.0
0,0,12,291.7084957625933,Urban,0,Phone,1,0,0.0
1,0,2,92.78153100397557,Suburban,0,Phone,0,0,0.0
0,0,10,562.6246908883348,Urban,0,Phone,0,0,0.0
0,0,11,81.14954082835109,Urban,0,Multichannel,0,0,0.0
1,0,10,17.59212124077271,Suburban,1,Web,0,0,0.0
0,0,3,1875.3928804420625,Suburban,0,Multichannel,0,0,0.0
0,1,6,1481.1345559589834,Rural,1,Web,0,0,0.0
0,0,12,54.72564143952754,Suburban,0,Phone,1,0,0.0
0,0,11,412.5667695248078,Suburban,0,Web,1,0,0.0
0,1,6,36.756035208224674,Suburban,0,Phone,0,0,0.0
0,1,4,170.08813153567246,Urban,0,Web,1,0,0.0
0,0,2,27.63453258638639,Suburban,0,Phone,0,0,0.0
0,0,6,472.8005565812095,Rural,1,Phone,0,0,0.0
0,0,4,33.94885615130356,Suburban,1,Multichannel,0,0,0.0
0,0,3,378.98000883958844,Suburban,0,Web,0,0,0.0
0,1,4,142.59233265380138,Rural,0,Multichannel,1,0,0.0
0,1,6,57.484830854704825,Rural,0,Multichannel,0,0,0.0
0,0,4,83.70829763838475,Suburban,0,Web,0,0,0.0
1,0,8,193.08561578383126,Urban,0,Multichannel,0,0,0.0
0,1,1,227.4240879347295,Urban,0,Multichannel,0,0,0.0
0,0,7,36.36008326663025,Suburban,0,Multichannel,1,0,0.0
0,0,5,799.8430075436123,Urban,1,Phone,0,0,0.0
0,0,12,14.908973039203893,Suburban,0,Phone,0,0,0.0
0,1,5,1245.8801766035185,Rural,0,Web,0,0,0.0
1,0,2,115.15777622967913,Suburban,0,Web,0,0,0.0
1,0,6,299.6434643817705,Urban,1,Web,0,0,0.0
0,1,3,153.84836012645405,Suburban,0,Web,0,0,0.0
1,0,11,38.78968798736962,Suburban,0,Multichannel,1,0,0.0
0,1,3,73.7852968913386,Urban,0,Phone,1,0,0.0
1,0,11,96.12256968452249,Urban,0,Phone,1,1,29.8019589591589
0,1,10,257.46595148901764,Urban,0,Web,0,0,0.0
0,1,11,862.1272553268152,Suburban,1,Multichannel,0,0,0.0
1,0,12,386.1955885295631,Suburban,1,Multichannel,0,0,0.0
0,0,12,119.9277220356699,Suburban,0,Web,0,0,0.0
1,0,4,249.07764346883056,Urban,0,Web,0,0,0.0
0,0,3,180.1880878390751,Urban,1,Web,0,0,0.0
0,0,2,54.685115181282,Suburban,0,Web,0,0,0.0
0,0,1,61.12631964673057,Suburban,0,Multichannel,1,0,0.0
1,0,1,376.11784274192377,Suburban,0,Phone,0,0,0.0
0,1,12,39.33016776736396,Urban,1,Web,0,0,0.0
0,1,12,134.7426250609876,Suburban,0,Phone,1,0,0.0
0,1,2,51.96213471178388,Suburban,0,Phone,0,0,0.0
0,1,10,233.8334777596335,Urban,0,Web,0,0,0.0
0,0,11,114.33371464413909,Suburban,0,Multichannel,0,0,0.0
0,0,2,89.98139676089066,Rural,0,Web,0,0,0.0
0,1,2,251.60382059845492,Suburban,0,Web,1,0,0.0
0,1,1,496.4555198608313,Suburban,1,Multichannel,0,0,0.0
0,0,2,310.6736457535449,Suburban,0,Web,0,0,0.0
0,0,3,154.48738532683896,Urban,0,Web,1,0,0.0
1,0,3,659.4474484783485,Rural,0,Web,0,0,0.0
1,0,2,591.7549334275272,Rural,0,Web,1,1,11.879386105837911
0,1,5,741.5936314309586,Rural,1,Phone,0,0,0.0
0,1,11,409.280225228354,Urban,1,Multichannel,0,0,0.0
1,0,12,356.899118406869,Suburban,1,Phone,0,0,0.0
0,0,8,75.90778023533747,Suburban,1,Web,0,0,0.0
0,0,3,558.9613780668226,Suburban,0,Multichannel,0,0,0.0
1,0,6,228.63114171531174,Suburban,0,Web,1,0,0.0
1,0,3,65.24847989480836,Suburban,0,Web,0,0,0.0
0,1,1,833.5550371829528,Urban,0,Phone,0,0,0.0
0,1,5,18.766132439137976,Suburban,0,Web,0,0,0.0
1,0,11,605.7246895879955,Urban,0,Web,0,0,0.0
1,0,11,790.9106155898546,Urban,0,Web,0,0,0.0
0,0,7,22.028224184461454,Urban,1,Web,0,0,0.0
1,0,6,224.26755552538194,Suburban,0,Web,1,1,25.448195131676616
0,1,12,96.05169637851091,Urban,0,Multichannel,0,0,0.0
0,1,12,105.02268532484747,Suburban,0,Phone,0,0,0.0
0,0,11,106.61627215181745,Urban,1,Phone,0,0,0.0
1,0,5,15.975264006606176,Urban,1,Multichannel,0,0,0.0
0,1,3,87.16071049899766,Suburban,0,Phone,1,0,0.0
0,0,10,477.0200016613812,Suburban,0,Multichannel,1,0,0.0
0,0,5,37.786681364167094,Suburban,0,Web,0,0,0.0
0,1,11,201.685932130437,Urban,0,Web,1,0,0.0
1,0,2,572.9663179661165,Suburban,0,Multichannel,0,0,0.0
0,1,2,531.8207597954139,Rural,0,Web,0,0,0.0
1,0,1,350.05725149596407,Urban,0,Phone,0,0,0.0
0,1,6,845.2561042011414,Suburban,0,Web,0,0,0.0
0,0,5,10.371708590801791,Suburban,0,Web,0,0,0.0
1,0,5,93.76254706595645,Urban,0,Web,0,0,0.0
1,0,4,196.9544947425744,Suburban,1,Web,0,0,0.0
0,1,3,71.4970950050566,Suburban,0,Web,0,0,0.0
0,1,12,34.40778518403649,Urban,0,Phone,0,0,0.0
1,0,4,83.61919464731221,Rural,0,Web,0,0,0.0
0,0,6,639.2105139868781,Suburban,0,Multichannel,0,0,0.0
0,0,9,54.248718501111014,Rural,0,Multichannel,0,0,0.0
0,1,1,446.5477701237272,Suburban,0,Multichannel,0,0,0.0
0,0,8,383.57471364435463,Suburban,0,Phone,0,0,0.0
0,1,2,54.43492896576489,Urban,0,Web,1,0,0.0
0,0,5,352.5142222555604,Suburban,0,Web,0,0,0.0
0,0,11,329.9245946422433,Rural,0,Web,0,0,0.0
0,0,3,231.76990835649983,Urban,0,Multichannel,1,1,28.68741439051079
0,1,11,84.56278987578406,Urban,0,Web,1,0,0.0
1,0,1,64.48049331204665,Urban,0,Phone,0,0,0.0
0,1,2,156.0324259399716,Urban,0,Web,1,0,0.0
0,0,2,670.5086394183984,Suburban,0,Multichannel,0,0,0.0
0,0,12,94.8856090338208,Suburban,0,Web,0,0,0.0
1,0,11,229.87161826176572,Suburban,0,Web,0,0,0.0
1,0,3,1666.2013978703446,Urban,0,Web,0,0,0.0
0,1,1,141.7432285600641,Suburban,0,Multichannel,0,0,0.0
1,0,4,631.9638293568034,Suburban,0,Multichannel,0,0,0.0
1,0,12,217.60013878433625,Suburban,0,Multichannel,0,0,0.0
0,1,4,599.9856039061386,Urban,1,Web,0,0,0.0
0,1,1,118.67294297130545,Rural,1,Web,0,0,0.0
0,1,8,164.1262728376344,Suburban,0,Web,0,0,0.0
0,0,5,186.4130544410949,Rural,1,Web,0,0,0.0
0,0,2,329.44594419285534,Suburban,0,Web,0,0,0.0
1,0,11,53.72447662625652,Rural,0,Web,0,0,0.0
0,0,2,52.7984394720275,Urban,0,Multichannel,0,0,0.0
1,0,2,396.3831062943354,Suburban,0,Web,0,0,0.0
1,0,1,12.8199615067946,Suburban,0,Phone,1,0,0.0
0,0,11,322.68715860471684,Rural,0,Web,1,0,0.0
1,0,5,649.0308139900819,Suburban,1,Multichannel,0,0,0.0
0,0,4,245.09133595841448,Suburban,0,Web,1,0,0.0
0,1,1,214.81037064836354,Suburban,0,Web,0,0,0.0
0,1,3,141.87255630475448,Urban,0,Phone,1,0,0.0
0,1,2,622.3722292308581,Suburban,0,Multichannel,0,0,0.0
0,0,1,122.85983462331289,Suburban,0,Web,0,0,0.0
0,1,1,92.59112694639346,Rural,0,Web,1,0,0.0
0,0,1,100.0159087768817,Suburban,0,Multichannel,0,0,0.0
0,1,4,340.07186873459347,Urban,1,Web,1,0,0.0
1,0,2,116.70361403549012,Urban,0,Multichannel,0,0,0.0
1,0,3,146.40622917416678,Rural,1,Web,0,0,0.0
0,1,1,56.6955630161156,Suburban,0,Web,1,0,0.0
0,0,3,19.451086450188967,Urban,0,Multichannel,1,1,22.309771286388106
0,0,11,47.69018377196042,Urban,1,Multichannel,1,0,0.0
0,0,8,937.1034584411475,Urban,1,Multichannel,0,0,0.0
0,1,5,992.7700007146234,Rural,0,Multichannel,0,0,0.0
1,0,1,126.37182328008352,Suburban,1,Phone,1,1,36.72095209759118
1,0,10,84.80663699017381,Urban,0,Web,0,0,0.0
1,0,5,2095.6720733723396,Rural,0,Phone,0,0,0.0
0,1,1,124.85082015473591,Urban,0,Web,0,0,0.0
0,1,12,267.7386511048111,Suburban,0,Web,0,0,0.0
1,0,7,53.50519631214093,Suburban,0,Multichannel,0,0,0.0
0,1,1,102.83665421076526,Suburban,0,Web,0,0,0.0
0,0,5,41.13175949539452,Suburban,0,Web,0,0,0.0
0,0,8,92.03603187678604,Suburban,0,Multichannel,0,0,0.0
1,0,10,10.56844735908571,Suburban,0,Web,0,0,0.0
0,0,12,57.97245282087217,Suburban,0,Web,0,0,0.0
1,0,11,482.10956561335894,Urban,0,Web,0,0,0.0
0,1,12,214.87514634104969,Urban,0,Web,0,0,0.0
0,0,11,554.1065032212216,Urban,0,Phone,0,0,0.0
1,0,3,111.43882268589176,Suburban,0,Web,0,0,0.0
1,0,2,99.05568382240867,Suburban,0,Web,0,0,0.0
0,0,11,126.08831710670772,Suburban,1,Multichannel,1,0,0.0
0,1,7,29.51236095282627,Urban,0,Phone,0,0,0.0
0,1,8,35.28168855163468,Suburban,1,Web,0,0,0.0
1,0,3,1014.2168220223969,Suburban,0,Web,0,0,0.0
0,1,8,1022.4102540926043,Suburban,0,Web,0,0,0.0
0,0,12,216.93835709648621,Urban,0,Web,0,0,0.0
0,0,4,72.76357038373612,Suburban,0,Multichannel,0,0,0.0
0,0,1,275.7549115062133,Rural,0,Multichannel,0,0,0.0
0,0,12,29.124696873718843,Suburban,0,Phone,0,0,0.0
0,1,5,106.79018381719254,Urban,0,Web,0,0,0.0
1,0,9,82.48108954734259,Suburban,1,Web,0,0,0.0
0,1,6,908.5763234893993,Suburban,1,Multichannel,0,0,0.0
1,0,12,101.5862181929613,Suburban,0,Web,0,0,0.0
0,0,1,623.994000934159,Suburban,0,Phone,0,0,0.0
0,0,4,221.3238045767941,Urban,1,Web,1,0,0.0
1,0,11,96.665650497544,Suburban,0,Web,1,0,0.0
1,0,4,10.965170727804445,Urban,0,Web,0,0,0.0
1,0,11,339.46702923328075,Suburban,0,Multichannel,1,0,0.0
0,1,2,350.2259131301531,Urban,0,Web,0,0,0.0
0,1,10,346.76561160301,Suburban,1,Web,0,0,0.0
0,0,11,2324.1478043285542,Suburban,0,Multichannel,0,0,0.0
0,1,2,438.3286500951586,Suburban,1,Multichannel,0,0,0.0
0,1,9,63.94971820310187,Rural,0,Web,0,0,0.0
0,0,6,323.49606476557557,Urban,0,Web,0,0,0.0
0,0,12,57.61989200768529,Rural,0,Web,0,0,0.0
0,1,7,140.68703626866338,Suburban,1,Phone,1,0,0.0
0,1,6,226.4514022510716,Urban,0,Multichannel,0,0,0.0
1,0,1,23.112130377248572,Suburban,1,Web,0,0,0.0
0,1,8,47.868416631558866,Suburban,0,Multichannel,0,0,0.0
0,0,5,78.11557594419473,Urban,0,Web,0,0,0.0
0,1,3,55.63942311515531,Suburban,0,Multichannel,0,0,0.0
0,1,9,188.8673770325418,Rural,0,Web,0,0,0.0
0,0,4,337.7010047549837,Suburban,0,Web,0,0,0.0
0,0,3,242.54329700476177,Rural,0,Phone,0,0,0.0
0,0,1,29.52920294916182,Urban,0,Web,0,0,0.0
1,0,12,143.64390737685127,Suburban,0,Phone,0,0,0.0
0,1,8,217.02926622938392,Suburban,0,Multichannel,1,0,0.0
0,1,10,91.76727820686392,Urban,0,Phone,1,0,0.0
0,0,6,26.333128983072296,Rural,0,Web,0,0,0.0
0,1,2,34.83294866523219,Suburban,0,Phone,0,0,0.0
1,0,6,775.196651436129,Suburban,0,Multichannel,0,0,0.0
1,0,11,80.6869921208069,Urban,0,Web,0,0,0.0
0,1,1,677.3625632103242,Rural,0,Web,0,0,0.0
1,0,1,87.54130944979941,Suburban,0,Web,1,1,11.638979957523052
1,0,9,85.0285333101501,Suburban,0,Phone,0,0,0.0
0,1,2,197.53558917034215,Suburban,0,Web,0,0,0.0
0,1,8,86.03477022680629,Urban,0,Web,0,0,0.0
0,1,8,22.091606255435707,Urban,1,Multichannel,0,0,0.0
1,0,1,1068.3793302409485,Rural,0,Web,1,1,24.169637178531705
0,1,2,54.20300444885264,Suburban,0,Web,0,0,0.0
0,0,11,50.904313144296765,Urban,0,Phone,0,0,0.0
0,1,6,220.51045635955708,Suburban,0,Phone,0,0,0.0
0,0,5,75.00198936797726,Suburban,0,Multichannel,1,1,50.92719623929107
0,0,11,57.88581285856501,Rural,1,Web,0,0,0.0
0,0,1,17.379463993826906,Urban,0,Web,0,0,0.0
1,0,6,115.08867828073302,Suburban,0,Phone,0,0,0.0
0,1,5,213.14501399874442,Rural,0,Web,0,0,0.0
1,0,1,29.12758906433708,Urban,0,Web,0,0,0.0
1,0,3,38.51378477420703,Urban,1,Phone,0,0,0.0
1,0,1,183.31723679684328,Urban,0,Phone,0,0,0.0
1,0,7,534.4948330780799,Suburban,0,Multichannel,0,0,0.0
0,1,7,455.1229850967781,Rural,0,Web,0,0,0.0
1,0,4,1491.4013989459322,Suburban,0,Web,0,0,0.0
0,1,1,71.83171782051367,Suburban,0,Web,0,0,0.0
0,1,8,323.66647106672747,Suburban,0,Web,0,0,0.0
0,0,3,257.53467034414825,Urban,0,Multichannel,0,0,0.0
0,0,9,235.6787477730896,Suburban,1,Web,0,0,0.0
1,0,10,36.80539698069406,Urban,1,Phone,0,0,0.0
1,0,9,174.31822937095575,Rural,0,Web,0,0,0.0
0,0,10,349.56439791101246,Urban,0,Web,0,0,0.0
0,1,1,1241.0613598452562,Suburban,0,Web,1,1,89.1142359954074
1,0,8,126.85536717320224,Rural,0,Web,0,0,0.0
0,0,1,74.97313463068298,Rural,1,Phone,0,0,0.0
1,0,4,2856.9677206320152,Suburban,0,Phone,0,0,0.0
0,1,12,40.0999084135443,Rural,1,Phone,0,0,0.0
0,1,1,74.73926223009623,Urban,1,Web,0,0,0.0
1,0,3,800.0681153073338,Rural,0,Web,1,0,0.0
0,1,1,708.6111199729952,Suburban,0,Web,1,1,72.27346810473146
0,0,1,21.344525866827833,Rural,0,Multichannel,0,0,0.0
0,0,12,186.82635334044457,Rural,0,Multichannel,0,0,0.0
0,0,6,184.71780569318017,Suburban,0,Phone,0,0,0.0
0,0,1,485.3268663874019,Suburban,0,Web,1,1,96.03445946037483
1,0,6,1801.0711787858447,Rural,0,Phone,1,0,0.0
0,1,2,10.0,Suburban,0,Web,0,0,0.0
1,0,10,83.83698785215813,Suburban,0,Phone,0,0,0.0
0,0,6,236.1035110877499,Urban,0,Web,1,0,0.0
0,0,7,54.994769100123705,Urban,0,Web,0,0,0.0
0,0,11,68.5729836720157,Suburban,0,Web,0,0,0.0
0,0,1,192.66502372914672,Urban,1,Multichannel,0,0,0.0
1,0,4,427.641643138183,Rural,0,Web,0,0,0.0
1,0,1,319.2546619973466,Urban,0,Web,0,0,0.0
0,1,10,53.411527955660176,Suburban,1,Multichannel,0,0,0.0
1,0,2,45.94385284275278,Urban,1,Multichannel,0,0,0.0
1,0,4,127.71229935725619,Suburban,0,Web,0,0,0.0
0,0,5,10.133432337902834,Urban,0,Phone,0,0,0.0
1,0,4,26.71205783206303,Urban,0,Multichannel,0,0,0.0
0,0,1,1427.1684732812098,Suburban,0,Phone,0,0,0.0
0,0,12,109.11676534779642,Suburban,0,Multichannel,1,0,0.0
0,0,11,110.31103096091283,Suburban,0,Multichannel,0,0,0.0
0,0,10,40.97631839836132,Rural,1,Multichannel,0,0,0.0
0,0,1,207.40172358394486,Rural,1,Web,0,0,0.0
1,0,2,35.97198869345409,Suburban,0,Web,0,0,0.0
1,0,2,20.268381940565796,Rural,0,Multichannel,0,0,0.0
0,0,1,87.96140251324846,Suburban,0,Web,1,1,14.375315947841045
0,1,5,119.93145463718817,Suburban,0,Multichannel,1,0,0.0
1,0,1,292.1400181598104,Suburban,0,Web,0,0,0.0
1,0,9,215.56278412946355,Rural,1,Phone,0,0,0.0
0,1,1,15.707948335887973,Suburban,0,Web,1,0,0.0
0,1,12,319.0983621757795,Suburban,1,Web,0,0,0.0
1,0,2,42.18173829154224,Suburban,0,Phone,1,0,0.0
0,0,5,158.19014061919736,Urban,0,Web,0,0,0.0
0,0,9,151.0264451558295,Suburban,0,Web,0,0,0.0
0,0,12,67.59942288925009,Rural,0,Phone,0,0,0.0
1,0,6,206.329590493999,Rural,1,Multichannel,0,0,0.0
0,1,3,23.422841597463222,Rural,0,Web,1,0,0.0
1,0,7,613.6998735694767,Urban,0,Web,0,0,0.0
0,1,12,122.60839589568234,Suburban,1,Phone,0,0,0.0
0,0,9,809.3314847285075,Suburban,0,Web,0,0,0.0
1,0,5,75.2371463975343,Suburban,1,Phone,0,0,0.0
0,0,7,90.34110874856214,Rural,0,Web,0,0,0.0
1,0,7,224.13525264426102,Suburban,1,Web,0,0,0.0
1,0,7,89.4594486214213,Suburban,0,Phone,1,0,0.0
0,1,12,532.430722962276,Suburban,0,Multichannel,0,0,0.0
1,0,11,33.364362888424985,Suburban,0,Phone,0,0,0.0
1,0,2,16.38997129985399,Suburban,1,Web,1,1,57.21429337023797
0,1,7,3058.9186608506616,Suburban,0,Multichannel,1,0,0.0
0,1,3,95.99254094022488,Rural,1,Multichannel,0,0,0.0
0,1,7,226.56973937781788,Rural,0,Web,0,0,0.0
0,0,12,229.29825204950143,Suburban,0,Web,0,0,0.0
0,1,3,96.66921525209067,Suburban,0,Multichannel,0,0,0.0
0,1,3,91.48372631528615,Suburban,0,Phone,0,0,0.0
0,0,2,94.1825376181109,Suburban,0,Phone,0,0,0.0
0,0,8,1201.740050921668,Suburban,0,Multichannel,0,0,0.0
1,0,11,91.22211025039756,Rural,0,Phone,0,0,0.0
0,0,1,57.87305526456618,Suburban,0,Phone,0,0,0.0
0,0,3,59.097053618333845,Suburban,0,Web,0,0,0.0
0,1,6,127.6805702991021,Suburban,0,Web,1,0,0.0
0,0,3,146.892268622454,Suburban,1,Multichannel,0,0,0.0
0,0,11,1039.8024122034883,Suburban,0,Phone,0,0,0.0
0,1,9,225.19067527711383,Rural,0,Web,0,0,0.0
0,0,2,709.0204682877811,Suburban,0,Phone,0,0,0.0
0,0,8,313.98405050457035,Suburban,0,Web,0,0,0.0
1,0,9,148.00343115714543,Rural,0,Multichannel,0,0,0.0
0,0,4,656.1657604232961,Urban,0,Multichannel,0,0,0.0
0,1,11,822.8795112407381,Suburban,0,Web,0,0,0.0
1,0,11,178.0820916140722,Urban,0,Web,1,0,0.0
0,1,2,90.72961766551613,Urban,0,Multichannel,1,1,62.169105961588784
0,0,8,84.77198716645563,Suburban,1,Web,0,0,0.0
0,0,7,300.8736948127672,Urban,0,Multichannel,0,0,0.0
0,0,8,53.377995454171,Urban,0,Web,1,0,0.0
1,0,10,66.47895313973022,Urban,1,Web,0,0,0.0
0,1,3,36.612312539563575,Urban,0,Web,1,1,47.34726817595885
0,0,1,3095.5268214204957,Urban,1,Web,0,0,0.0
0,1,10,1050.826940946574,Urban,0,Multichannel,0,0,0.0
0,0,6,105.60984522797472,Suburban,0,Multichannel,0,0,0.0
0,1,1,726.6121872911325,Rural,0,Web,0,0,0.0
0,1,3,41.6398129047326,Rural,0,Web,0,0,0.0
1,0,3,715.7980139123799,Suburban,0,Phone,0,0,0.0
0,0,1,122.72427977138784,Suburban,0,Multichannel,0,0,0.0
1,0,2,114.40919163790517,Urban,0,Web,1,1,52.488185506485465
0,0,5,97.8569224203838,Urban,1,Web,0,0,0.0
1,0,6,65.63939489199267,Suburban,0,Multichannel,0,0,0.0
0,0,11,64.72894611794639,Urban,0,Multichannel,0,0,0.0
0,1,3,102.534093353355,Rural,0,Phone,0,0,0.0
0,1,1,504.0920242839615,Suburban,1,Multichannel,0,0,0.0
0,0,3,161.36119959269553,Suburban,0,Web,0,0,0.0
0,0,2,160.15136303032912,Suburban,0,Multichannel,1,0,0.0
0,1,11,45.48921278580908,Urban,1,Multichannel,0,0,0.0
0,0,5,221.7539016839277,Suburban,0,Web,0,0,0.0
0,0,1,250.46744713708193,Rural,0,Web,0,0,0.0
0,0,12,53.08193659315578,Urban,0,Web,0,0,0.0
1,0,12,65.55280539537974,Suburban,0,Web,0,0,0.0
1,0,4,459.36211079245555,Urban,0,Phone,0,0,0.0
1,0,5,211.1557595541326,Urban,0,Web,1,0,0.0
0,1,11,52.05044689519236,Suburban,0,Phone,0,0,0.0
1,0,2,114.75369501797948,Rural,0,Web,0,0,0.0
0,1,2,83.6816295016832,Suburban,1,Phone,0,0,0.0
1,0,10,37.216317495954684,Suburban,0,Web,0,0,0.0
1,0,12,10.0,Urban,0,Multichannel,0,0,0.0
0,1,5,22.998939473424496,Rural,0,Web,1,1,28.240987370747046
0,0,2,281.734804048477,Suburban,1,Web,0,0,0.0
0,1,2,108.65208420606523,Rural,0,Web,0,0,0.0
0,0,3,3562.2009364437363,Suburban,0,Multichannel,0,0,0.0
0,1,2,950.1935488500828,Rural,0,Phone,1,1,18.422180991940024
0,0,6,307.0216632336611,Suburban,0,Phone,0,0,0.0
0,0,6,140.12541698901126,Urban,0,Phone,0,0,0.0
0,1,3,60.038354652643136,Suburban,0,Web,0,0,0.0
0,0,6,128.07466509573342,Rural,0,Web,0,0,0.0
0,1,1,152.24138304875797,Rural,0,Multichannel,1,1,10.22449225272409
0,1,4,3823.306183801902,Rural,0,Web,0,0,0.0
0,1,3,125.8818683500424,Suburban,1,Multichannel,0,0,0.0
0,0,11,153.9875726526321,Rural,0,Web,0,0,0.0
1,0,2,875.2635714269335,Rural,1,Web,0,0,0.0
1,0,12,189.4559945624049,Suburban,0,Multichannel,0,0,0.0
0,1,1,1131.472340843092,Suburban,0,Web,0,0,0.0
1,0,2,67.07456736232857,Rural,1,Web,0,0,0.0
0,1,3,102.16793914236669,Urban,0,Multichannel,1,1,37.04909830864411
1,0,4,93.63653830227496,Urban,0,Web,0,0,0.0
0,1,5,199.76445784575722,Rural,0,Web,0,0,0.0
0,1,2,296.5204831236615,Suburban,1,Multichannel,0,0,0.0
0,1,5,284.05093218714933,Urban,1,Phone,0,0,0.0
0,1,2,90.28587250565853,Suburban,1,Multichannel,0,0,0.0
0,0,1,305.09703118115885,Suburban,1,Multichannel,0,0,0.0
0,1,8,1755.3981618341447,Suburban,0,Phone,0,0,0.0
0,0,11,353.8018045377697,Suburban,1,Web,1,0,0.0
0,1,4,18.310850615713665,Urban,0,Web,0,0,0.0
0,0,1,154.55254629227122,Urban,0,Web,0,0,0.0
1,0,5,57.592721653903254,Suburban,1,Phone,1,0,0.0
0,0,4,79.05183062901256,Suburban,0,Multichannel,0,0,0.0
0,1,1,331.98707223075024,Urban,0,Web,0,0,0.0
0,0,7,577.7186554669645,Suburban,1,Web,0,0,0.0
1,0,4,277.55644248538954,Suburban,0,Web,0,0,0.0
0,1,5,44.24617311303298,Urban,0,Phone,0,0,0.0
0,1,1,487.8198215070536,Urban,0,Web,0,0,0.0
0,1,12,699.5780976978909,Suburban,1,Web,0,0,0.0
0,1,1,57.283787403724375,Suburban,0,Web,0,0,0.0
1,0,4,118.21004008350296,Suburban,0,Phone,0,0,0.0
1,0,8,394.78611659971534,Rural,0,Web,1,0,0.0
0,0,2,179.09409978505514,Suburban,0,Web,0,0,0.0
1,0,2,424.8603911876216,Suburban,0,Web,0,0,0.0
1,0,5,67.31590783497728,Urban,0,Phone,0,0,0.0
0,0,7,51.43841548112749,Suburban,1,Multichannel,0,0,0.0
0,1,12,117.26557527692398,Suburban,0,Multichannel,0,0,0.0
0,1,11,375.7230579816178,Suburban,0,Phone,0,0,0.0
1,0,1,270.68431472968496,Rural,0,Web,0,0,0.0
0,1,8,19.734141217259477,Urban,0,Multichannel,0,0,0.0
0,1,10,142.7051296086668,Suburban,1,Phone,0,0,0.0
1,0,4,484.33900508916133,Suburban,0,Web,0,0,0.0
0,0,1,124.99715184634249,Suburban,0,Phone,0,0,0.0
1,0,8,141.35060671848336,Suburban,0,Phone,0,0,0.0
1,0,2,79.80299791705038,Suburban,0,Phone,0,0,0.0
0,0,5,147.4300868631571,Urban,0,Multichannel,0,0,0.0
0,1,10,59.70737321843568,Urban,0,Multichannel,0,0,0.0
0,1,4,175.5954952719786,Suburban,0,Web,0,0,0.0
0,1,7,253.76286398957666,Urban,0,Web,0,0,0.0
0,1,2,139.96278657360068,Rural,0,Web,1,0,0.0
1,0,12,107.22738617943011,Urban,0,Web,0,0,0.0
0,1,4,68.93470256319092,Suburban,0,Web,0,0,0.0
0,1,4,73.85380006410495,Rural,1,Multichannel,0,0,0.0
1,0,2,25.10963737480014,Urban,0,Phone,0,0,0.0
0,0,11,175.26263359965168,Suburban,0,Web,0,0,0.0
1,0,5,614.7044118824815,Urban,0,Web,0,0,0.0
0,1,4,41.75930116307501,Urban,1,Phone,0,0,0.0
0,0,11,329.2451454065026,Suburban,0,Web,0,0,0.0
0,1,7,110.77614370374826,Suburban,0,Phone,0,0,0.0
0,1,1,45.44883694336968,Suburban,1,Multichannel,0,0,0.0
0,1,12,239.15678870372318,Rural,0,Web,0,0,0.0
0,1,6,461.41743031778304,Rural,0,Multichannel,1,0,0.0
1,0,12,18.978342476324116,Rural,0,Web,0,0,0.0
0,0,4,210.6588279114142,Rural,1,Phone,0,0,0.0
0,1,6,61.651086104237535,Rural,1,Multichannel,0,0,0.0
0,0,3,42.60030177991305,Urban,0,Web,0,0,0.0
1,0,4,22.616066474106105,Suburban,0,Multichannel,0,0,0.0
1,0,5,15.455950670111726,Urban,0,Web,0,0,0.0
1,0,11,433.9056659034586,Urban,0,Multichannel,1,0,0.0
0,0,3,126.9178073642073,Suburban,0,Web,0,0,0.0
0,1,7,116.71253404939988,Rural,0,Web,0,0,0.0
1,0,11,54.972746689529835,Suburban,0,Web,0,0,0.0
1,0,12,287.729555040136,Urban,0,Multichannel,0,0,0.0
0,0,2,48.21168074680901,Urban,0,Multichannel,0,0,0.0
0,1,3,96.80791985548282,Suburban,0,Web,0,0,0.0
0,0,1,126.22196710564629,Rural,0,Phone,0,0,0.0
1,0,11,133.90859827927528,Suburban,0,Web,1,0,0.0
0,0,12,166.7318086270619,Suburban,0,Multichannel,0,0,0.0
1,0,2,51.15662880213379,Suburban,0,Multichannel,0,0,0.0
1,0,2,40.83948791479334,Suburban,0,Web,0,0,0.0
1,0,7,146.48996942263176,Rural,0,Phone,1,0,0.0
0,0,3,37.71665124065057,Suburban,0,Phone,0,0,0.0
0,0,1,651.2448119147426,Urban,0,Web,0,0,0.0
0,1,7,39.08144970784058,Urban,0,Web,0,0,0.0
0,0,11,631.8380083402495,Suburban,0,Web,0,0,0.0
1,0,8,35.54391362316816,Urban,0,Phone,0,0,0.0
1,0,3,603.5523967001214,Suburban,0,Multichannel,0,0,0.0
0,0,5,171.21554744500523,Urban,1,Web,0,0,0.0
1,0,6,976.8830167391678,Suburban,1,Web,0,0,0.0
1,0,12,102.00463301137196,Urban,0,Multichannel,0,0,0.0
0,0,5,104.2122084200575,Suburban,0,Web,0,0,0.0
1,0,2,596.4551393913829,Urban,0,Multichannel,0,0,0.0
0,1,3,1204.5718596169822,Suburban,0,Multichannel,0,0,0.0
1,0,6,418.2740286175808,Suburban,1,Phone,0,0,0.0
0,0,1,28.04504278814897,Suburban,0,Web,1,0,0.0
0,1,3,1126.4001381078447,Urban,0,Multichannel,1,1,48.04446401457853
0,1,1,352.60635676156147,Suburban,0,Web,0,0,0.0
1,0,8,164.1552525451227,Urban,0,Web,0,0,0.0
0,1,5,123.59245476808243,Suburban,0,Phone,0,0,0.0
0,1,12,129.22921931926393,Urban,1,Web,1,0,0.0
1,0,6,185.7997617242705,Suburban,0,Phone,1,1,24.36667618238969
1,0,5,34.97859512572372,Suburban,0,Web,0,0,0.0
0,1,3,10.0,Urban,0,Multichannel,1,1,47.14819265188252
1,0,6,103.07094975121619,Urban,0,Web,1,0,0.0
1,0,2,16.320996623384467,Suburban,0,Phone,0,0,0.0
0,1,9,60.02300688650869,Rural,0,Phone,1,0,0.0
0,0,2,81.45739844083785,Suburban,1,Web,0,0,0.0
1,0,6,181.5983204608365,Urban,0,Web,1,0,0.0
0,0,7,176.93386483132062,Rural,0,Phone,1,0,0.0
1,0,1,762.404551437481,Urban,0,Web,1,1,59.1354944646992
0,0,3,334.3954430620428,Urban,0,Web,0,0,0.0
1,0,2,729.971086017525,Suburban,0,Multichannel,1,1,122.40542764281375
1,0,4,55.5074046215829,Urban,0,Multichannel,0,0,0.0
1,0,11,16.99223024592053,Suburban,1,Phone,0,0,0.0
0,1,11,471.4744924159203,Rural,0,Multichannel,0,0,0.0
0,1,1,190.82719886194272,Urban,0,Phone,1,0,0.0
1,0,11,92.91655584861289,Suburban,1,Phone,0,0,0.0
0,1,2,303.9912825479841,Urban,0,Web,0,0,0.0
1,0,1,798.4961426098009,Urban,0,Web,1,0,0.0
0,1,1,344.2419257056064,Suburban,0,Web,0,0,0.0
0,1,3,64.87425040173316,Urban,0,Multichannel,0,0,0.0
1,0,2,68.3456910471267,Rural,0,Multichannel,0,0,0.0
0,1,1,146.6422081572647,Suburban,1,Web,1,0,0.0
0,0,3,150.02413620248612,Suburban,0,Phone,0,0,0.0
1,0,8,42.00659063330654,Suburban,0,Multichannel,0,0,0.0
1,0,11,313.03521977470325,Suburban,1,Web,0,0,0.0
1,0,1,40.19665821385298,Suburban,0,Multichannel,0,0,0.0
0,1,11,392.02776533514754,Urban,0,Web,0,0,0.0
0,0,8,38.59835291450654,Suburban,0,Multichannel,0,0,0.0
0,0,6,219.38530008282152,Suburban,1,Multichannel,0,0,0.0
0,1,1,80.92668785007314,Suburban,0,Phone,0,0,0.0
0,0,1,83.46146398799502,Rural,0,Phone,0,0,0.0
1,0,6,245.44806665954243,Suburban,0,Phone,0,0,0.0
1,0,5,133.07988813276464,Urban,0,Web,0,0,0.0
1,0,1,136.489351768018,Suburban,0,Multichannel,0,0,0.0
0,1,3,932.6441303455156,Suburban,0,Web,1,0,0.0
0,0,2,17.757747150706397,Suburban,1,Web,0,0,0.0
1,0,4,79.76142713933523,Urban,0,Web,0,0,0.0
0,1,10,332.69139277193995,Suburban,0,Web,0,0,0.0
0,0,3,147.74427878921853,Rural,0,Web,0,0,0.0
0,1,7,15.711328715905198,Rural,0,Web,0,0,0.0
0,1,11,106.18629415031721,Suburban,1,Multichannel,0,0,0.0
0,1,1,71.83851469136482,Urban,0,Web,0,0,0.0
1,0,4,43.91500334942058,Suburban,0,Web,0,0,0.0
0,0,8,17.13893050287439,Suburban,1,Web,0,0,0.0
0,1,1,115.80848781452927,Suburban,0,Web,0,0,0.0
0,0,1,20.676799410168346,Suburban,0,Multichannel,1,1,53.994036818346075
0,1,2,15.378191926496996,Suburban,0,Web,0,0,0.0
0,1,4,311.8928019272004,Urban,0,Multichannel,1,0,0.0
1,0,3,515.7789457330927,Urban,1,Web,0,0,0.0
0,0,12,307.5456219383578,Urban,0,Phone,0,0,0.0
0,0,8,45.71548587011404,Suburban,0,Web,0,0,0.0
0,1,2,81.72810433190851,Rural,0,Multichannel,0,0,0.0
0,1,12,128.95783640843592,Suburban,1,Phone,0,0,0.0
0,0,2,160.88216341044472,Urban,0,Phone,0,0,0.0
0,1,12,111.92224179309147,Urban,0,Multichannel,0,0,0.0
0,1,3,475.99079177776537,Urban,0,Phone,0,0,0.0
0,1,4,98.55652899755555,Urban,0,Phone,0,0,0.0
1,0,2,136.98761997617194,Urban,0,Web,0,0,0.0
1,0,4,86.2423366026087,Suburban,0,Web,0,0,0.0
0,0,3,562.2121333300978,Urban,0,Web,0,0,0.0
0,0,1,176.40440527981372,Urban,1,Web,0,0,0.0
0,1,4,57.36941195567541,Rural,0,Phone,0,0,0.0
0,0,6,197.24699262353454,Urban,0,Web,1,0,0.0
0,1,1,69.56467792088444,Urban,0,Web,0,0,0.0
0,0,4,102.11888575414396,Suburban,0,Phone,0,0,0.0
0,0,11,84.87058000522642,Urban,1,Multichannel,0,0,0.0
1,0,12,54.81915346863403,Rural,0,Web,0,0,0.0
1,0,9,157.16134191293943,Suburban,0,Web,0,0,0.0
0,0,10,154.2710635026398,Urban,0,Multichannel,0,0,0.0
0,0,2,31.864728549581432,Suburban,0,Multichannel,0,0,0.0
0,1,12,80.44799510030812,Rural,1,Multichannel,0,0,0.0
0,1,2,50.5059477765803,Urban,0,Multichannel,0,0,0.0
0,1,7,17.38081083457915,Suburban,0,Web,0,0,0.0
0,0,2,645.152647004175,Rural,0,Web,1,0,0.0
0,1,1,107.7884888882504,Suburban,1,Web,0,0,0.0
0,0,2,49.68779712898459,Rural,0,Phone,0,0,0.0
1,0,1,129.7227556829317,Suburban,0,Web,0,0,0.0
1,0,6,14.177786218549535,Suburban,0,Phone,0,0,0.0
0,0,3,260.5129849421979,Suburban,0,Multichannel,0,0,0.0
0,1,7,344.04177392777433,Urban,1,Multichannel,1,1,72.61196074848206
0,0,8,269.58603635299505,Urban,0,Web,0,0,0.0
1,0,10,225.5738523276115,Urban,1,Phone,0,0,0.0
0,0,8,247.97509758990202,Suburban,0,Web,0,0,0.0
0,1,8,881.8916479565232,Urban,0,Phone,0,0,0.0
1,0,3,95.82657972895394,Suburban,0,Web,0,0,0.0
1,0,2,236.86937687382857,Suburban,0,Web,0,0,0.0
1,0,8,127.58555311343947,Rural,0,Web,0,0,0.0
1,0,11,1063.4317867215561,Suburban,0,Multichannel,0,0,0.0
1,0,7,885.7555726883179,Rural,1,Web,0,0,0.0
0,1,9,189.9113909545846,Suburban,1,Web,0,0,0.0
0,1,2,731.94527388929,Rural,0,Multichannel,0,0,0.0
0,1,6,111.2632637799509,Suburban,0,Web,0,0,0.0
0,0,1,834.4947116824341,Suburban,0,Phone,0,0,0.0
0,0,3,72.18553459039308,Urban,0,Web,0,0,0.0
0,1,1,111.91507045980657,Rural,0,Phone,0,0,0.0
0,1,7,71.58425924138312,Urban,0,Phone,0,0,0.0
0,0,2,110.93492072538346,Urban,0,Phone,0,0,0.0
1,0,7,48.126352068725986,Suburban,1,Web,1,0,0.0
0,1,8,155.41011886862492,Rural,0,Web,0,0,0.0
0,0,1,13.622956624969154,Suburban,1,Phone,0,0,0.0
1,0,3,46.07848117856609,Suburban,0,Web,0,0,0.0
1,0,12,162.49937270795553,Suburban,0,Web,0,0,0.0
0,0,6,156.83507410341065,Suburban,0,Web,0,0,0.0
0,1,4,165.43869297367246,Suburban,0,Phone,0,0,0.0
0,0,3,75.93061752044096,Rural,0,Phone,0,0,0.0
1,0,8,1198.177486876163,Suburban,0,Web,0,0,0.0
0,0,3,62.901917377410925,Suburban,0,Multichannel,0,0,0.0
0,1,1,37.98740825972154,Rural,0,Phone,0,0,0.0
1,0,6,17.312384820643302,Rural,0,Multichannel,0,0,0.0
0,1,7,105.96299585229862,Urban,0,Web,0,0,0.0
0,0,2,323.293908120917,Suburban,1,Phone,1,0,0.0
0,1,6,129.81784414591826,Suburban,0,Web,0,0,0.0
0,1,2,654.3664053114762,Suburban,0,Phone,0,0,0.0
0,0,9,660.400388472588,Suburban,0,Multichannel,0,0,0.0
0,0,7,158.80171511805523,Urban,0,Multichannel,0,0,0.0
1,0,2,709.429192272777,Urban,0,Phone,1,1,32.1004399682016
0,0,1,667.4919098982676,Suburban,1,Phone,0,0,0.0
0,0,12,85.24030317217053,Suburban,0,Multichannel,0,0,0.0
0,1,7,27.557055510898863,Suburban,0,Phone,1,1,36.80417963099099
0,1,9,61.65650467542415,Suburban,0,Multichannel,0,0,0.0
0,0,7,72.99672642220872,Suburban,1,Phone,0,0,0.0
1,0,8,5000.0,Suburban,0,Web,1,0,0.0
0,0,12,61.51965678307923,Suburban,0,Web,0,0,0.0
0,0,11,478.0745911233498,Suburban,0,Web,1,0,0.0
0,1,11,127.77025150182067,Urban,1,Web,1,0,0.0
1,0,9,5000.0,Suburban,0,Multichannel,0,0,0.0
1,0,1,165.30397397323134,Rural,0,Multichannel,0,0,0.0
0,1,7,129.85990552762902,Suburban,0,Web,1,0,0.0
0,0,5,72.33129507167467,Rural,1,Multichannel,0,0,0.0
0,0,9,116.68803913248026,Urban,0,Web,0,0,0.0
1,0,4,803.8322932343972,Suburban,0,Multichannel,0,0,0.0
0,0,2,274.60602092442946,Suburban,1,Web,0,0,0.0
0,1,6,298.9919637738515,Rural,0,Multichannel,0,0,0.0
1,0,5,10.552037744449985,Urban,0,Web,0,0,0.0
0,0,5,19.10190256867037,Urban,0,Multichannel,0,0,0.0
1,0,11,131.28203492509235,Suburban,0,Phone,0,0,0.0
1,0,11,496.55857302084604,Suburban,1,Web,0,0,0.0
0,0,4,42.65467890626953,Suburban,0,Web,1,0,0.0
0,1,2,112.51555904757753,Suburban,0,Multichannel,1,0,0.0
1,0,5,190.448715946913,Suburban,1,Phone,0,0,0.0
1,0,1,292.0174412694275,Rural,0,Web,1,1,15.344640284995272
1,0,7,129.75423457261297,Suburban,1,Multichannel,0,0,0.0
0,1,1,633.1095592628051,Urban,1,Web,0,0,0.0
0,0,11,453.2159118191413,Suburban,0,Multichannel,0,0,0.0
0,1,12,461.5369466113944,Suburban,0,Web,0,0,0.0
1,0,7,1130.797205000649,Suburban,0,Multichannel,1,0,0.0
0,1,5,489.12786341104186,Suburban,0,Multichannel,1,1,45.12951277248862
0,0,4,14.194319574679684,Rural,0,Multichannel,0,0,0.0
0,1,4,21.76597109912269,Urban,0,Multichannel,0,0,0.0
1,0,5,162.32188689065322,Rural,0,Web,0,0,0.0
1,0,4,36.86722698182464,Suburban,0,Multichannel,0,0,0.0
0,0,6,57.95642048150644,Suburban,0,Web,0,0,0.0
1,0,1,40.095803256183075,Suburban,0,Web,0,0,0.0
0,1,4,326.6895317492442,Suburban,0,Multichannel,0,0,0.0
0,0,3,18.841316932580465,Suburban,1,Multichannel,1,0,0.0
0,0,11,110.4888332165539,Urban,0,Multichannel,0,0,0.0
1,0,11,105.35290871234187,Urban,1,Web,0,0,0.0
0,0,1,97.21265209238996,Suburban,1,Phone,0,0,0.0
0,0,10,217.2365763991581,Urban,0,Web,0,0,0.0
1,0,10,42.14877019001429,Suburban,0,Multichannel,0,0,0.0
0,0,12,153.08409686111224,Urban,0,Multichannel,1,0,0.0
1,0,1,60.88957327540162,Suburban,1,Multichannel,0,0,0.0
0,1,6,40.51483679966807,Rural,0,Multichannel,0,0,0.0
0,1,1,162.72142627068573,Suburban,0,Web,1,0,0.0
0,1,2,47.40518520711289,Suburban,1,Phone,0,0,0.0
1,0,11,38.5184194009873,Suburban,0,Phone,0,0,0.0
0,0,6,41.34868705383071,Urban,0,Web,0,0,0.0
0,0,12,182.22387435177998,Urban,1,Multichannel,1,0,0.0
0,1,10,111.95047373622226,Suburban,0,Multichannel,0,0,0.0
1,0,6,15.079954477309572,Rural,0,Multichannel,0,0,0.0
0,1,5,4345.485585607267,Suburban,0,Phone,0,0,0.0
1,0,4,225.14641122612468,Suburban,0,Phone,0,0,0.0
1,0,2,346.4129080175665,Urban,1,Multichannel,0,0,0.0
0,0,9,177.99061288804444,Suburban,0,Web,0,0,0.0
0,1,10,525.1959172196921,Suburban,0,Multichannel,1,0,0.0
0,0,8,361.18744903016835,Suburban,0,Multichannel,1,0,0.0
0,1,9,138.2484352908349,Rural,0,Web,0,0,0.0
0,0,8,97.4401330460513,Suburban,0,Web,0,0,0.0
0,1,1,77.25630987646777,Rural,0,Web,0,0,0.0
1,0,4,118.9869095443249,Rural,0,Multichannel,0,0,0.0
0,1,2,199.18472559963217,Urban,0,Multichannel,0,0,0.0
1,0,1,43.31323144007878,Suburban,0,Web,0,0,0.0
0,0,5,49.79103792092989,Suburban,0,Phone,0,0,0.0
0,0,4,353.5102519803274,Suburban,0,Web,0,0,0.0
0,0,11,142.41249781724028,Suburban,1,Web,0,0,0.0
0,0,12,263.68483840949085,Urban,0,Phone,0,0,0.0
1,0,9,668.7955891067198,Suburban,0,Multichannel,1,0,0.0
0,0,1,149.56901330198946,Urban,0,Web,0,0,0.0
0,1,9,342.9157356148331,Suburban,0,Web,0,0,0.0
1,0,2,56.53253394631925,Suburban,0,Multichannel,1,0,0.0
0,1,4,147.65109431285651,Suburban,0,Web,0,0,0.0
0,0,2,31.153970543838923,Suburban,0,Web,0,0,0.0
0,1,1,10.0,Suburban,0,Multichannel,1,0,0.0
0,1,5,29.722507690953794,Suburban,0,Multichannel,0,0,0.0
0,0,1,41.91344171716242,Rural,0,Web,0,0,0.0
1,0,4,411.33640001502346,Suburban,0,Phone,0,0,0.0
0,0,1,961.6767400273977,Suburban,0,Web,0,0,0.0
0,0,10,176.1037927500354,Suburban,1,Multichannel,0,0,0.0
1,0,12,394.16026627073126,Urban,0,Web,0,0,0.0
0,0,11,274.50558084881493,Rural,0,Phone,1,0,0.0
0,1,1,236.13787608474038,Suburban,1,Web,0,0,0.0
0,1,3,178.01243344747704,Suburban,0,Phone,0,0,0.0
0,0,9,553.6769181349688,Urban,0,Phone,0,0,0.0
1,0,11,228.83400417649094,Urban,0,Web,0,0,0.0
0,1,12,105.7420977191661,Rural,0,Web,0,0,0.0
0,0,11,129.4156003066771,Urban,1,Multichannel,0,0,0.0
0,0,2,43.01989869579151,Suburban,1,Web,0,0,0.0
0,0,3,33.984021849793315,Urban,0,Web,0,0,0.0
1,0,2,159.6270098042589,Suburban,0,Web,0,0,0.0
1,0,9,47.733867392849966,Urban,1,Multichannel,0,0,0.0
1,0,9,156.1661553258001,Urban,0,Web,0,0,0.0
0,1,12,17.837071219538487,Suburban,0,Web,0,0,0.0
0,1,9,282.6848791933947,Suburban,0,Web,0,0,0.0
0,0,2,49.02906883306115,Suburban,0,Multichannel,0,0,0.0
0,1,1,150.58904077987435,Suburban,0,Web,0,0,0.0
1,0,1,160.75095732261843,Rural,1,Web,0,0,0.0
1,0,10,319.7408130071365,Urban,0,Web,0,0,0.0
0,1,11,143.8923745049302,Urban,0,Web,0,0,0.0
0,0,1,221.8406099610748,Urban,0,Web,0,0,0.0
1,0,12,23.506946608472337,Urban,0,Phone,0,0,0.0
0,1,11,131.27061305297912,Rural,0,Web,1,0,0.0
1,0,3,237.84709853168007,Urban,1,Web,0,0,0.0
0,0,3,134.56248866832004,Suburban,0,Web,1,1,67.01136291295839
0,0,3,10.0,Urban,0,Web,1,1,83.83396374669587
0,0,3,60.512046574081,Rural,0,Web,1,1,70.58883308560586
0,1,1,1025.7210361621912,Urban,0,Web,0,0,0.0
0,0,2,15.376161055628788,Suburban,1,Multichannel,0,0,0.0
0,0,11,78.27458794471892,Suburban,0,Phone,0,0,0.0
1,0,3,291.7709008389067,Suburban,1,Multichannel,0,0,0.0
0,0,2,368.5247183634256,Urban,0,Web,1,0,0.0
0,0,1,569.8235372926741,Suburban,0,Web,1,0,0.0
0,0,10,422.6478619888223,Suburban,0,Web,0,0,0.0
0,1,4,114.61539987236223,Suburban,0,Multichannel,0,0,0.0
0,1,12,92.20510388612118,Rural,0,Phone,0,0,0.0
0,1,6,16.617353451846746,Urban,0,Web,0,0,0.0
1,0,2,172.52424850849874,Urban,0,Multichannel,0,0,0.0
0,0,7,430.47281619422125,Rural,0,Web,0,0,0.0
0,1,1,53.41997783344735,Suburban,0,Web,0,0,0.0
0,0,4,409.6226499516706,Suburban,0,Multichannel,0,0,0.0
0,1,2,42.737589022886844,Urban,0,Web,0,0,0.0
0,1,12,174.6343480515521,Suburban,0,Multichannel,1,0,0.0
0,0,12,53.64437926454353,Urban,0,Multichannel,0,0,0.0
0,1,7,30.107217179628393,Suburban,0,Web,0,0,0.0
0,0,3,360.9571201454647,Urban,0,Multichannel,0,0,0.0
0,1,8,90.64119676367156,Urban,0,Phone,0,0,0.0
1,0,8,630.4695947580044,Urban,0,Web,0,0,0.0
1,0,10,119.58439958159019,Rural,0,Multichannel,0,0,0.0
0,0,2,26.08546302730404,Suburban,1,Web,0,0,0.0
1,0,12,160.02168848509783,Urban,0,Multichannel,0,0,0.0
0,1,1,132.22962408058638,Urban,0,Web,1,0,0.0
0,1,5,803.7117566915248,Suburban,0,Phone,0,0,0.0
0,1,2,261.5217131814462,Suburban,1,Multichannel,0,0,0.0
0,1,1,145.95608491522123,Suburban,0,Multichannel,0,0,0.0
0,1,8,3242.663316920136,Rural,0,Multichannel,0,0,0.0
1,0,10,456.1015415581747,Urban,1,Multichannel,0,0,0.0
1,0,12,55.97139717239845,Suburban,0,Web,0,0,0.0
0,1,6,193.56268629247964,Urban,0,Web,0,0,0.0
0,1,4,127.27028894426881,Suburban,0,Web,0,0,0.0
0,0,1,24.742609924044462,Suburban,1,Web,0,0,0.0
0,1,4,203.83680197420347,Suburban,0,Web,0,0,0.0
0,1,2,284.3862670050684,Suburban,0,Multichannel,1,0,0.0
0,1,5,41.46766673363958,Urban,0,Phone,1,0,0.0
0,0,11,185.94479854572114,Rural,0,Multichannel,0,0,0.0
0,0,4,75.51868735933871,Urban,0,Multichannel,0,0,0.0
1,0,3,66.96602033672076,Urban,0,Phone,1,0,0.0
1,0,7,17.04398726449883,Suburban,0,Phone,0,0,0.0
0,1,3,48.025362693451854,Suburban,0,Multichannel,0,0,0.0
0,0,1,350.41869560554176,Urban,0,Multichannel,0,0,0.0
0,1,7,88.4858625826865,Suburban,1,Web,0,0,0.0
0,1,4,273.9813439197757,Suburban,0,Phone,1,1,41.812626291252265
0,0,2,105.42714891762677,Suburban,0,Phone,0,0,0.0
1,0,1,144.32100404058326,Suburban,0,Web,0,0,0.0
0,0,4,1116.7878056299971,Rural,0,Phone,0,0,0.0
1,0,1,233.39896109084745,Suburban,0,Web,1,1,10.0
1,0,4,49.62434981378934,Suburban,0,Web,1,0,0.0
1,0,7,43.910961835571676,Suburban,0,Web,0,0,0.0
0,1,3,220.89632583609148,Urban,0,Multichannel,0,0,0.0
0,1,1,1050.2418969386852,Suburban,0,Multichannel,0,0,0.0
1,0,3,49.67006216519413,Urban,0,Web,0,0,0.0
1,0,11,363.7240131038808,Urban,0,Multichannel,0,0,0.0
0,1,9,62.66899851081059,Suburban,0,Web,0,0,0.0
0,1,3,523.9264260828802,Urban,0,Phone,0,0,0.0
1,0,1,61.70570465794973,Suburban,0,Phone,0,0,0.0
0,0,9,125.9655569269089,Urban,1,Multichannel,0,0,0.0
0,1,3,55.94369272609182,Suburban,0,Web,0,0,0.0
1,0,12,16.272303045725074,Rural,0,Multichannel,0,0,0.0
0,0,11,546.9671571014653,Rural,0,Multichannel,0,0,0.0
0,0,11,177.64280422972726,Suburban,0,Phone,0,0,0.0
0,1,4,65.90074820690991,Rural,0,Web,0,0,0.0
0,1,4,229.7665871005126,Suburban,0,Web,0,0,0.0
1,0,2,452.75193364040155,Rural,0,Web,0,0,0.0
1,0,4,95.71905801636086,Rural,0,Web,0,0,0.0
0,1,12,76.26796366642019,Suburban,0,Web,0,0,0.0
0,1,9,462.89672333122314,Rural,0,Web,1,0,0.0
0,0,3,79.7634576016831,Suburban,0,Web,1,1,10.152856412229074
0,0,5,109.94025590794253,Suburban,0,Web,0,0,0.0
1,0,5,513.1180915008342,Suburban,0,Phone,0,0,0.0
0,0,2,215.80502146116638,Suburban,1,Web,0,0,0.0
1,0,11,67.8276639729725,Suburban,0,Multichannel,0,0,0.0
0,1,2,603.7931770851541,Urban,0,Phone,1,0,0.0
0,1,6,10.972920991190271,Suburban,0,Multichannel,1,1,37.34730175391654
1,0,5,536.6365168745591,Urban,0,Phone,0,0,0.0
0,0,3,1387.22302980251,Rural,0,Web,0,0,0.0
0,1,3,255.84971156611948,Rural,0,Multichannel,0,0,0.0
0,0,2,97.53160618232009,Suburban,0,Multichannel,1,0,0.0
0,1,1,99.89033245661405,Suburban,1,Multichannel,0,0,0.0
0,0,12,462.62467211162993,Suburban,0,Web,0,0,0.0
0,1,11,186.0570112405339,Suburban,0,Web,0,0,0.0
1,0,4,81.62832591291252,Urban,0,Multichannel,0,0,0.0
0,0,11,85.39901030660185,Suburban,0,Web,0,0,0.0
0,0,1,51.70274302970322,Suburban,0,Phone,1,0,0.0
0,1,1,169.1137787633675,Suburban,1,Multichannel,0,0,0.0
0,0,1,32.03637059655384,Suburban,0,Multichannel,0,0,0.0
1,0,5,24.346934868754456,Rural,0,Web,1,0,0.0
0,1,10,106.24369752413706,Urban,0,Web,0,0,0.0
0,0,12,75.2281102832222,Suburban,0,Phone,0,0,0.0
1,0,4,765.397384322945,Suburban,0,Web,1,1,26.26827500426892
0,1,6,221.65829878308634,Urban,0,Phone,0,0,0.0
1,0,2,144.7827902489251,Suburban,1,Phone,0,0,0.0
1,0,2,37.03248338913997,Urban,0,Phone,0,0,0.0
0,0,3,47.98893955526489,Urban,0,Web,0,0,0.0
1,0,11,745.2295886127539,Urban,1,Multichannel,0,0,0.0
0,1,6,192.07792573279082,Urban,1,Phone,0,0,0.0
1,0,5,94.1672753863736,Rural,0,Web,0,0,0.0
0,0,1,1934.6039637089727,Rural,0,Multichannel,0,0,0.0
0,1,3,462.900531437883,Suburban,0,Multichannel,0,0,0.0
1,0,1,157.84679617125448,Suburban,0,Web,0,0,0.0
1,0,1,134.7904838708307,Urban,1,Multichannel,0,0,0.0
1,0,7,715.0619225972727,Suburban,1,Web,0,0,0.0
1,0,2,195.09189246259325,Rural,0,Multichannel,1,1,28.244468993901513
0,1,7,22.883336758753774,Rural,0,Multichannel,1,0,0.0
1,0,3,21.642907183900167,Urban,0,Multichannel,1,0,0.0
0,1,11,35.63525895469239,Urban,0,Multichannel,0,0,0.0
0,0,2,182.07548129962964,Urban,0,Multichannel,0,0,0.0
0,1,5,372.9497544516829,Urban,0,Web,1,0,0.0
0,1,2,155.0537532779723,Suburban,0,Web,0,0,0.0
0,1,3,2230.4830533430286,Suburban,0,Web,0,0,0.0
1,0,2,388.09254774036174,Suburban,1,Web,0,0,0.0
1,0,5,468.23308882907565,Suburban,0,Web,0,0,0.0
1,0,2,211.30494324577808,Urban,0,Phone,0,0,0.0
1,0,10,176.72335777820646,Suburban,1,Web,1,0,0.0
0,0,5,108.58682260532879,Suburban,1,Web,1,0,0.0
1,0,8,453.0278573248125,Suburban,0,Multichannel,0,0,0.0
0,1,12,711.4072700511208,Suburban,0,Multichannel,0,0,0.0
0,0,7,35.538197100513315,Suburban,0,Web,0,0,0.0
0,0,5,52.34966908573322,Suburban,0,Multichannel,0,0,0.0
1,0,11,17.493898069981046,Urban,0,Multichannel,1,0,0.0
0,0,1,869.8290831125104,Rural,0,Web,0,0,0.0
0,1,2,46.08234159040089,Suburban,0,Phone,0,0,0.0
1,0,9,1799.9372385958773,Urban,0,Multichannel,0,0,0.0
0,1,4,331.5107030775019,Rural,0,Web,0,0,0.0
0,0,1,157.43077611646592,Urban,0,Multichannel,0,0,0.0
0,0,10,103.66193959494063,Suburban,0,Phone,0,0,0.0
1,0,11,21.695162062372734,Suburban,0,Web,0,0,0.0
0,1,2,46.702999510885085,Suburban,0,Multichannel,1,0,0.0
0,1,6,361.0513011212498,Rural,0,Phone,0,0,0.0
1,0,2,501.93237994717595,Urban,0,Web,0,0,0.0
0,1,3,121.33743134112987,Urban,1,Web,0,0,0.0
0,0,1,55.06241527260652,Suburban,0,Web,0,0,0.0
0,0,3,52.3876955944051,Suburban,0,Phone,0,0,0.0
1,0,6,451.49605600893636,Urban,0,Phone,0,0,0.0
0,1,11,56.30207296714262,Suburban,0,Web,0,0,0.0
0,1,12,212.45991868040946,Suburban,0,Web,0,0,0.0
0,0,5,187.21442124427458,Urban,0,Web,0,0,0.0
1,0,9,43.97365726031335,Urban,0,Web,1,0,0.0
0,0,3,18.06357139933995,Suburban,0,Multichannel,0,0,0.0
1,0,10,561.7773749725114,Suburban,0,Multichannel,0,0,0.0
1,0,2,595.3988659873564,Urban,0,Web,0,0,0.0
1,0,4,127.69749823054963,Rural,0,Multichannel,0,0,0.0
1,0,8,208.59277133404342,Urban,1,Web,0,0,0.0
0,0,5,96.04006219518666,Rural,0,Web,0,0,0.0
0,0,8,1615.117273244649,Suburban,0,Multichannel,0,0,0.0
1,0,9,108.70550915147602,Suburban,0,Multichannel,0,0,0.0
0,1,8,16.671287060885188,Urban,0,Multichannel,0,0,0.0
0,1,12,38.41263444469263,Rural,0,Multichannel,0,0,0.0
0,1,1,87.91528145966936,Urban,0,Multichannel,0,0,0.0
0,1,1,211.67160786760653,Suburban,1,Web,0,0,0.0
0,1,1,82.91965535429263,Urban,0,Phone,0,0,0.0
0,1,5,127.98018829666195,Urban,1,Phone,0,0,0.0
0,0,6,486.5329014448772,Rural,0,Web,0,0,0.0
0,1,4,269.3466052384243,Rural,1,Web,0,0,0.0
0,1,11,95.75330209285136,Suburban,0,Web,0,0,0.0
0,1,6,75.15453481927793,Rural,0,Web,0,0,0.0
1,0,7,190.43789434021343,Urban,0,Phone,0,0,0.0
0,0,1,158.6812487171098,Urban,0,Web,0,0,0.0
1,0,2,13.61084488736357,Suburban,0,Phone,0,0,0.0
0,0,6,81.32678396678506,Rural,1,Multichannel,0,0,0.0
0,0,4,84.54999494053585,Rural,0,Multichannel,0,0,0.0
0,1,4,198.27144174603362,Urban,0,Web,0,0,0.0
0,1,2,204.35018164130543,Suburban,0,Phone,0,0,0.0
0,0,11,251.83825742826377,Urban,0,Multichannel,0,0,0.0
0,1,12,98.36293952481346,Suburban,0,Web,0,0,0.0
0,1,1,236.56314041863266,Urban,1,Web,0,0,0.0
0,0,12,435.7503537154392,Rural,0,Phone,0,0,0.0
0,1,8,118.88921825847342,Suburban,1,Phone,0,0,0.0
1,0,5,180.49179221571512,Urban,1,Phone,0,0,0.0
0,0,3,45.02597926950909,Urban,1,Multichannel,0,0,0.0
0,1,1,130.17145004858534,Rural,0,Web,0,0,0.0
0,0,2,856.4091640717456,Suburban,0,Phone,0,0,0.0
1,0,5,150.15499943393473,Suburban,0,Phone,0,0,0.0
0,1,12,351.42755565085014,Urban,0,Web,0,0,0.0
0,0,11,73.05070418983833,Urban,1,Web,0,0,0.0
0,1,1,249.12696313284025,Urban,0,Web,0,0,0.0
0,0,6,1216.3269432872983,Suburban,0,Multichannel,0,0,0.0
1,0,8,513.4814432635155,Suburban,0,Multichannel,0,0,0.0
0,1,10,765.1508515925129,Urban,0,Web,0,0,0.0
0,1,8,216.60816812135198,Suburban,0,Multichannel,0,0,0.0
1,0,12,717.75339667035,Urban,0,Web,0,0,0.0
0,0,2,332.58184428124554,Suburban,1,Phone,0,0,0.0
0,0,7,171.97967604626473,Suburban,1,Phone,0,0,0.0
0,1,3,12.643997905388085,Suburban,0,Web,0,0,0.0
0,0,6,422.98756511470873,Rural,1,Multichannel,1,0,0.0
0,1,12,171.57452619431646,Suburban,1,Multichannel,0,0,0.0
0,1,10,107.19776342013132,Suburban,0,Multichannel,0,0,0.0
0,1,1,138.84535569349703,Suburban,0,Multichannel,0,0,0.0
0,1,6,97.03678313338142,Suburban,0,Phone,0,0,0.0
1,0,4,295.83544738909734,Urban,1,Web,0,0,0.0
0,0,11,17.457800055269907,Suburban,0,Multichannel,0,0,0.0
1,0,4,26.54137958769233,Rural,0,Multichannel,1,1,38.03525643329053
0,0,11,131.6335751490989,Suburban,0,Web,0,0,0.0
0,0,9,41.806909993452436,Suburban,0,Multichannel,0,0,0.0
0,0,10,11.34285847937341,Rural,0,Web,0,0,0.0
0,0,1,185.65183214279287,Rural,0,Multichannel,0,0,0.0
0,1,3,457.67013143258646,Suburban,0,Multichannel,1,0,0.0
0,1,4,267.840598776022,Suburban,1,Multichannel,0,0,0.0
1,0,11,194.04476640213707,Urban,1,Phone,0,0,0.0
1,0,3,250.9690408944322,Rural,0,Web,0,0,0.0
0,1,2,134.78347526314036,Rural,0,Web,0,0,0.0
1,0,4,379.6005977255297,Rural,0,Web,0,0,0.0
0,1,7,546.140630470249,Suburban,1,Web,0,0,0.0
0,1,4,174.23366864632928,Suburban,0,Web,0,0,0.0
1,0,7,17.141952602385125,Urban,1,Multichannel,0,0,0.0
0,0,1,247.53081748247453,Suburban,0,Web,0,0,0.0
0,1,7,336.10094471501924,Urban,1,Multichannel,0,0,0.0
1,0,4,724.8387232229541,Urban,0,Web,0,0,0.0
0,0,4,1587.0196510062483,Urban,0,Phone,0,0,0.0
0,1,7,150.16981243259733,Suburban,0,Multichannel,0,0,0.0
1,0,6,753.8286903573546,Suburban,0,Web,0,0,0.0
0,1,11,451.53635429230474,Rural,1,Web,0,0,0.0
0,0,11,350.17602020667726,Urban,0,Web,0,0,0.0
0,0,9,259.091941228464,Rural,0,Phone,0,0,0.0
1,0,11,1028.7098159924974,Urban,0,Web,0,0,0.0
0,1,2,241.8463376309845,Urban,0,Multichannel,0,0,0.0
0,0,12,886.4895080849038,Rural,0,Web,0,0,0.0
0,1,2,110.33465927173545,Rural,0,Phone,0,0,0.0
0,1,9,823.9385013349184,Suburban,0,Web,1,0,0.0
0,1,11,174.6893475811969,Urban,1,Multichannel,0,0,0.0
0,1,8,71.53741251486876,Suburban,0,Phone,0,0,0.0
0,1,5,117.20725225701517,Rural,0,Web,0,0,0.0
0,1,12,345.6230748582274,Suburban,1,Web,1,0,0.0
0,1,10,156.19144333989888,Suburban,0,Phone,0,0,0.0
1,0,4,53.69240425811888,Suburban,0,Phone,0,0,0.0
0,0,10,26.103774099560255,Suburban,0,Multichannel,0,0,0.0
1,0,4,10.0,Urban,0,Web,1,0,0.0
0,1,2,21.337685391050346,Rural,0,Phone,1,1,15.110211864239712
0,0,5,292.385016343172,Rural,0,Phone,0,0,0.0
0,0,5,209.5057918491793,Suburban,0,Web,1,0,0.0
1,0,5,277.79444388485314,Suburban,0,Web,1,1,11.541242016805363
0,0,2,36.13515952408446,Urban,0,Web,0,0,0.0
0,0,6,32.651080267230476,Rural,0,Web,0,0,0.0
1,0,5,174.2801848313244,Suburban,0,Multichannel,0,0,0.0
0,1,12,338.18804124409303,Suburban,0,Multichannel,1,0,0.0
1,0,7,32.449191019740574,Urban,0,Web,0,0,0.0
0,1,5,93.25654872488455,Suburban,1,Multichannel,0,0,0.0
1,0,11,110.85169747052754,Urban,0,Multichannel,0,0,0.0
0,0,4,298.128426324154,Suburban,0,Phone,1,0,0.0
0,0,1,3573.040201530537,Suburban,0,Multichannel,1,1,34.847806085804635
0,1,3,978.1110769727572,Suburban,0,Multichannel,0,0,0.0
0,0,2,69.1900530947453,Suburban,0,Multichannel,1,0,0.0
1,0,8,84.80157168888948,Suburban,0,Web,0,0,0.0
0,0,9,75.20992167792303,Suburban,0,Multichannel,0,0,0.0
0,1,2,398.2754312915448,Suburban,1,Phone,0,0,0.0
1,0,7,114.1282167698054,Suburban,0,Web,0,0,0.0
0,1,7,2232.2651174446028,Urban,0,Phone,0,0,0.0
1,0,8,646.7730344584107,Urban,1,Multichannel,0,0,0.0
0,1,11,204.6361285802887,Suburban,1,Web,0,0,0.0
0,1,4,96.01693702404033,Rural,0,Web,0,0,0.0
0,0,7,86.7662042051159,Rural,0,Web,0,0,0.0
0,0,12,35.56058669428769,Suburban,1,Web,0,0,0.0
1,0,1,25.32272582981316,Urban,0,Web,0,0,0.0
0,0,12,222.34917492774443,Urban,0,Phone,0,0,0.0
0,0,8,123.33369342948518,Urban,1,Web,1,1,136.47281297700485
0,1,5,59.05091948164551,Rural,1,Web,0,0,0.0
0,1,10,305.82440007104725,Urban,0,Multichannel,0,0,0.0
0,0,6,425.19903050327616,Urban,0,Multichannel,1,0,0.0
0,1,4,68.02965294469921,Urban,1,Web,0,0,0.0
1,0,11,3516.739638189951,Suburban,1,Multichannel,0,0,0.0
0,0,8,240.4413529349272,Suburban,1,Phone,0,0,0.0
0,0,11,78.49442304927433,Rural,0,Web,0,0,0.0
0,0,1,44.14182283855283,Suburban,0,Web,0,0,0.0
0,0,4,1345.796480069187,Suburban,0,Multichannel,1,0,0.0
1,0,2,83.61680697133632,Suburban,0,Phone,1,0,0.0
0,0,2,130.541605934146,Urban,0,Multichannel,0,0,0.0
0,1,6,201.74441028661363,Suburban,1,Web,1,0,0.0
1,0,1,225.4263511227975,Urban,0,Web,1,0,0.0
0,0,8,372.09025690545315,Rural,1,Multichannel,0,0,0.0
1,0,1,85.22901656534263,Suburban,1,Web,0,0,0.0
0,1,1,801.5905953454032,Suburban,0,Multichannel,0,0,0.0
0,1,6,698.0057451469963,Rural,0,Multichannel,1,0,0.0
0,1,7,29.95724100499804,Rural,0,Phone,0,0,0.0
0,0,11,59.48325363998376,Suburban,1,Web,0,0,0.0
1,0,12,71.19104419544257,Suburban,0,Web,0,0,0.0
1,0,4,236.86810960989166,Suburban,0,Phone,0,0,0.0
1,0,12,31.115536194879837,Rural,0,Phone,0,0,0.0
0,1,4,134.55589306611927,Suburban,0,Web,1,1,24.639113708390212
0,1,5,13.931066254572944,Suburban,0,Web,1,0,0.0
0,1,5,474.29788301402897,Suburban,0,Multichannel,0,0,0.0
1,0,1,152.24349055581072,Rural,0,Web,0,0,0.0
0,1,2,19.87555910235828,Urban,0,Web,0,0,0.0
1,0,1,40.90355404757458,Urban,0,Web,0,0,0.0
0,0,6,2302.4464348056063,Urban,0,Phone,0,0,0.0
0,0,10,40.69472625358175,Rural,1,Web,0,0,0.0
0,0,4,10.0,Suburban,0,Web,0,0,0.0
0,1,11,124.18769475624693,Urban,0,Multichannel,0,0,0.0
0,1,8,45.072474000720625,Rural,0,Multichannel,0,0,0.0
0,1,4,335.64041778952804,Suburban,0,Web,0,0,0.0
1,0,8,65.21165838337058,Suburban,0,Phone,0,0,0.0
0,1,11,67.33180636912722,Rural,0,Web,0,0,0.0
0,1,2,89.16896952706499,Suburban,1,Phone,0,0,0.0
1,0,9,71.86008933029166,Suburban,0,Multichannel,0,0,0.0
0,0,4,50.25010201159783,Urban,0,Multichannel,0,0,0.0
0,1,12,266.1068243404322,Urban,0,Multichannel,1,0,0.0
1,0,3,465.77744569395173,Suburban,1,Multichannel,0,0,0.0
1,0,3,345.8840541565733,Suburban,0,Web,0,0,0.0
1,0,2,258.63064272220413,Suburban,1,Multichannel,0,0,0.0
0,1,11,492.1170480604164,Suburban,1,Multichannel,0,0,0.0
1,0,11,169.07515441058584,Suburban,0,Phone,0,0,0.0
1,0,11,175.22541625365523,Rural,0,Web,0,0,0.0
0,1,4,28.16616662931475,Urban,0,Phone,0,0,0.0
0,0,2,162.4173482454949,Urban,0,Web,0,0,0.0
1,0,1,977.1909714590644,Suburban,1,Multichannel,1,1,48.03299525187077
0,0,3,20.612341045575278,Rural,0,Multichannel,1,0,0.0
0,0,4,128.74275053901948,Suburban,0,Web,1,1,33.19301706019579
1,0,3,77.10813308028489,Rural,1,Web,1,0,0.0
1,0,5,222.2899823763404,Suburban,1,Web,1,1,20.908503103905584
1,0,4,578.1826057194586,Suburban,0,Web,0,0,0.0
0,0,11,2649.6263650793194,Suburban,0,Phone,0,0,0.0
0,1,11,116.19530783266565,Suburban,0,Web,0,0,0.0
0,1,1,78.77496212866807,Rural,0,Web,0,0,0.0
1,0,12,92.71442390211583,Urban,0,Web,0,0,0.0
1,0,10,328.6328861702797,Urban,0,Web,0,0,0.0
0,0,9,155.44524321711685,Suburban,0,Web,0,0,0.0
1,0,11,880.0185139793886,Suburban,0,Multichannel,1,0,0.0
1,0,5,233.90326563441738,Suburban,0,Web,0,0,0.0
0,1,3,318.20510240819476,Suburban,0,Web,0,0,0.0
0,0,5,639.1085895398104,Suburban,0,Multichannel,0,0,0.0
1,0,1,149.51047457078894,Urban,1,Web,0,0,0.0
0,1,11,166.99601122100123,Suburban,0,Web,0,0,0.0
0,0,6,30.54834557410948,Urban,0,Web,0,0,0.0
0,1,7,272.63474815555037,Suburban,0,Multichannel,1,0,0.0
0,0,4,137.4723897908021,Suburban,0,Web,0,0,0.0
0,0,11,31.043669949879636,Rural,0,Multichannel,0,0,0.0
0,1,3,143.18240913802296,Suburban,0,Web,0,0,0.0
0,0,12,100.74729908640228,Urban,1,Phone,0,0,0.0
1,0,4,222.63760752801744,Suburban,0,Web,0,0,0.0
0,1,4,164.60832389813172,Suburban,0,Web,0,0,0.0
1,0,3,73.65840552273677,Rural,0,Multichannel,0,0,0.0
0,1,4,174.02316418991168,Rural,0,Multichannel,0,0,0.0
0,0,1,49.51947140512299,Urban,0,Web,1,0,0.0
0,0,3,59.28381818343294,Suburban,0,Web,0,0,0.0
0,0,5,26.43248425384296,Suburban,0,Phone,0,0,0.0
0,1,2,30.793000394832113,Urban,0,Multichannel,0,0,0.0
0,0,11,14.785382106487884,Rural,0,Web,0,0,0.0
0,0,8,221.56202608446233,Suburban,0,Multichannel,0,0,0.0
0,0,6,206.7968811127948,Suburban,0,Web,0,0,0.0
1,0,5,114.80533922281042,Suburban,0,Web,0,0,0.0
0,0,4,124.90346920073027,Urban,0,Multichannel,0,0,0.0
1,0,11,880.7945416925993,Urban,1,Web,0,0,0.0
0,1,12,264.1409587054445,Urban,1,Web,0,0,0.0
0,0,10,235.34765946271494,Suburban,0,Phone,0,0,0.0
0,1,9,156.7822731418854,Rural,1,Multichannel,0,0,0.0
0,0,11,68.60640088378548,Suburban,0,Web,0,0,0.0
0,1,1,35.833004274105356,Suburban,0,Web,0,0,0.0
0,0,1,59.748968916217464,Suburban,0,Multichannel,0,0,0.0
0,0,5,370.7965868259789,Rural,0,Phone,0,0,0.0
0,1,2,120.89036067665494,Suburban,0,Multichannel,0,0,0.0
0,0,6,20.610719785954227,Urban,1,Web,1,0,0.0
1,0,11,441.30301204715977,Suburban,0,Web,0,0,0.0
0,0,1,34.39253567202306,Suburban,0,Web,0,0,0.0
1,0,9,333.88292488455517,Urban,0,Web,0,0,0.0
1,0,1,155.60408807052087,Urban,1,Web,0,0,0.0
0,0,7,60.333882175874045,Suburban,0,Phone,0,0,0.0
0,0,12,25.607499778534084,Urban,0,Web,0,0,0.0
0,1,2,286.1862719500795,Rural,1,Phone,0,0,0.0
0,0,11,1537.737204646898,Suburban,1,Web,0,0,0.0
0,0,8,183.99327319162737,Suburban,0,Web,0,0,0.0
1,0,8,793.2284963785436,Suburban,1,Phone,0,0,0.0
0,0,12,185.45863385911022,Suburban,0,Phone,0,0,0.0
0,0,7,141.53411835916467,Rural,0,Web,0,0,0.0
0,1,3,31.45687565482893,Suburban,0,Multichannel,0,0,0.0
0,0,8,10.230368801200669,Urban,0,Multichannel,0,0,0.0
0,1,9,11.08649175793298,Suburban,1,Multichannel,0,0,0.0
0,1,12,168.78400442964622,Urban,0,Web,0,0,0.0
1,0,1,218.2719049587494,Suburban,0,Web,0,0,0.0
0,0,11,4024.26824987763,Rural,0,Multichannel,0,0,0.0
0,1,10,14.056241200159889,Rural,0,Multichannel,0,0,0.0
0,0,1,19.76321715815481,Suburban,0,Web,0,0,0.0
0,1,11,85.60132848510571,Rural,0,Web,0,0,0.0
0,1,1,111.05799528080175,Suburban,0,Web,0,0,0.0
1,0,4,141.57870137072308,Urban,0,Web,0,0,0.0
0,0,1,272.7720903795114,Rural,0,Web,0,0,0.0
1,0,4,469.844538608332,Urban,0,Multichannel,0,0,0.0
0,0,4,208.52452210838456,Suburban,1,Phone,0,0,0.0
0,1,1,180.3435387168646,Suburban,1,Multichannel,0,0,0.0
0,1,2,583.228897399624,Urban,0,Web,0,0,0.0
0,0,8,245.2715438588214,Suburban,0,Web,0,0,0.0
1,0,9,372.53016728838554,Urban,0,Multichannel,1,0,0.0
1,0,2,97.51303304305976,Rural,0,Web,1,0,0.0
1,0,1,398.87851863852285,Urban,0,Phone,0,0,0.0
0,1,12,132.15517162028894,Suburban,0,Multichannel,0,0,0.0
0,0,7,154.53103603107488,Suburban,0,Phone,0,0,0.0
0,0,10,202.14801851233278,Suburban,1,Phone,0,0,0.0
0,1,10,85.92896119831468,Suburban,1,Web,0,0,0.0
0,0,8,142.33808407150556,Urban,1,Multichannel,1,0,0.0
1,0,11,245.69035312813713,Rural,1,Web,0,0,0.0
0,1,1,1540.4324943999632,Suburban,0,Web,0,0,0.0
1,0,4,396.35025868547666,Urban,0,Phone,0,0,0.0
1,0,4,344.9884187732578,Suburban,0,Web,0,0,0.0
0,1,4,125.37381150942446,Suburban,0,Phone,0,0,0.0
1,0,2,78.86530377392866,Suburban,0,Web,0,0,0.0
1,0,2,759.9137666141127,Urban,0,Web,1,0,0.0
0,1,6,33.619305070946055,Urban,1,Phone,0,0,0.0
0,0,5,81.72117959555956,Rural,0,Web,0,0,0.0
0,0,10,997.0653185873363,Suburban,0,Multichannel,0,0,0.0
0,1,2,50.228009312561284,Urban,0,Phone,0,0,0.0
0,1,12,1472.4552614046354,Suburban,0,Web,0,0,0.0
0,0,3,114.36408801480101,Urban,0,Web,1,0,0.0
0,0,9,217.2273951635016,Urban,1,Web,1,0,0.0
1,0,5,84.42564362350188,Suburban,0,Multichannel,0,0,0.0
1,0,2,591.8836584237346,Suburban,0,Web,0,0,0.0
0,0,1,99.4598615905418,Rural,0,Multichannel,0,0,0.0
1,0,1,129.12022573228774,Urban,0,Multichannel,0,0,0.0
0,0,5,180.7151294958044,Suburban,0,Multichannel,0,0,0.0
0,1,4,696.7246427062315,Suburban,0,Multichannel,1,0,0.0
0,0,5,329.422519890351,Urban,0,Web,0,0,0.0
1,0,1,45.508193655943046,Urban,1,Phone,0,0,0.0
0,0,4,219.38301224976902,Urban,0,Phone,0,0,0.0
0,0,11,852.393789290244,Rural,1,Multichannel,0,0,0.0
1,0,3,24.420537084462577,Urban,1,Multichannel,0,0,0.0
0,1,2,52.81475549078501,Suburban,0,Web,0,0,0.0
0,0,8,231.58185286358497,Urban,1,Phone,0,0,0.0
0,1,7,76.29337038506559,Urban,0,Multichannel,0,0,0.0
1,0,1,71.70047642194741,Suburban,0,Web,0,0,0.0
1,0,3,110.4000940592701,Urban,0,Phone,0,0,0.0
0,0,7,215.6718709703694,Urban,0,Web,1,0,0.0
1,0,2,398.8840400884307,Suburban,0,Multichannel,0,0,0.0
0,0,9,122.55185782678748,Suburban,0,Web,0,0,0.0
0,0,11,371.5342221252481,Suburban,0,Web,0,0,0.0
1,0,1,229.26678076134968,Urban,0,Web,0,0,0.0
1,0,7,232.68180535984902,Rural,0,Web,0,0,0.0
1,0,11,208.54707381431356,Urban,1,Phone,0,0,0.0
1,0,1,155.49530722393257,Rural,0,Web,0,0,0.0
0,1,11,68.76460049167834,Urban,0,Web,0,0,0.0
0,0,4,163.44746914619708,Suburban,0,Multichannel,1,0,0.0
0,1,2,368.49267147662783,Rural,0,Web,0,0,0.0
1,0,1,26.558801541753603,Suburban,0,Multichannel,1,0,0.0
0,0,12,466.29987829368565,Suburban,0,Web,1,0,0.0
0,1,2,3781.2039411647766,Urban,0,Phone,0,0,0.0
1,0,7,47.140270902670636,Suburban,0,Multichannel,0,0,0.0
0,1,4,173.51667894530613,Suburban,0,Multichannel,0,0,0.0
0,0,2,92.96926277629545,Suburban,0,Web,1,0,0.0
0,1,9,314.4019031106715,Suburban,0,Web,0,0,0.0
0,0,5,139.8658365060114,Rural,0,Multichannel,0,0,0.0
1,0,12,10.85273901850016,Urban,0,Web,1,0,0.0
1,0,4,104.49809040820679,Suburban,0,Web,0,0,0.0
1,0,4,134.97080327442728,Urban,0,Multichannel,1,0,0.0
0,1,12,100.92657307517295,Urban,0,Web,0,0,0.0
0,0,9,226.9002403562481,Urban,0,Web,0,0,0.0
0,1,6,526.9102698101312,Rural,0,Web,0,0,0.0
0,1,2,1455.6544167140544,Rural,0,Multichannel,0,0,0.0
0,1,5,230.28120328960736,Urban,0,Phone,0,0,0.0
0,0,7,490.0273648527215,Suburban,1,Multichannel,1,0,0.0
1,0,6,24.171601215005666,Urban,1,Web,0,0,0.0
0,1,11,104.76234894230134,Urban,0,Phone,0,0,0.0
0,0,1,21.71881340498953,Suburban,0,Web,0,0,0.0
0,0,11,152.11678730298743,Urban,1,Web,0,0,0.0
0,0,8,118.07384766013158,Suburban,1,Web,0,0,0.0
0,1,12,476.1693593468543,Suburban,0,Phone,0,0,0.0
0,0,3,171.30537096073638,Urban,0,Web,0,0,0.0
1,0,5,39.00206714259536,Rural,0,Web,0,0,0.0
0,0,1,597.7916104855021,Rural,0,Web,0,0,0.0
0,1,7,1764.0437996456626,Rural,0,Web,0,0,0.0
0,0,4,381.7921190364404,Suburban,1,Multichannel,0,0,0.0
1,0,5,282.2424174181361,Rural,0,Web,0,0,0.0
0,0,4,53.482304218732125,Rural,0,Multichannel,1,0,0.0
0,0,12,767.7099153940267,Suburban,0,Web,0,0,0.0
1,0,12,46.64077977630877,Suburban,0,Multichannel,0,0,0.0
1,0,2,201.78995164860788,Rural,1,Web,0,0,0.0
0,1,3,82.86268999780482,Suburban,0,Multichannel,0,0,0.0
0,0,1,85.26489003913113,Suburban,0,Phone,0,0,0.0
1,0,5,54.79496573875219,Suburban,0,Web,0,0,0.0
0,1,5,177.93250268924362,Suburban,0,Multichannel,0,0,0.0
0,1,3,108.22624261178723,Suburban,0,Multichannel,0,0,0.0
1,0,5,10.0,Urban,0,Web,0,0,0.0
0,1,12,270.6275116130026,Urban,0,Web,0,0,0.0
0,1,3,58.27806281308132,Suburban,0,Phone,1,0,0.0
0,1,7,217.02831879984544,Suburban,1,Web,1,0,0.0
0,0,7,91.2913036523254,Suburban,0,Web,0,0,0.0
0,1,2,73.5811449148878,Urban,1,Web,1,0,0.0
1,0,11,73.60763042782978,Suburban,0,Web,0,0,0.0
0,1,3,262.91284716428504,Suburban,0,Phone,1,1,76.64697448218327
0,1,2,39.225902625246114,Suburban,0,Phone,0,0,0.0
0,0,7,1332.6929283957863,Rural,0,Phone,0,0,0.0
0,0,11,384.6061026562702,Suburban,0,Multichannel,0,0,0.0
0,1,6,83.8514755452197,Suburban,0,Web,0,0,0.0
1,0,7,557.7823452461705,Suburban,0,Web,0,0,0.0
0,1,3,51.88190506447208,Urban,0,Web,1,0,0.0
0,0,3,77.39785532492192,Suburban,0,Web,0,0,0.0
0,0,5,753.1567712219638,Urban,0,Web,0,0,0.0
1,0,12,350.819889425055,Urban,0,Phone,0,0,0.0
0,1,12,40.52073232318225,Suburban,1,Web,0,0,0.0
0,0,11,225.35096227768958,Suburban,0,Multichannel,0,0,0.0
0,1,11,34.252456087284685,Suburban,1,Phone,0,0,0.0
0,1,12,90.5522197325819,Urban,0,Web,0,0,0.0
0,1,9,119.56061103768937,Suburban,0,Web,0,0,0.0
0,0,5,389.3889416390664,Suburban,0,Multichannel,0,0,0.0
1,0,6,65.09746735100602,Urban,0,Multichannel,0,0,0.0
1,0,4,145.89520510468506,Suburban,0,Multichannel,0,0,0.0
0,1,12,213.6423723358604,Suburban,0,Web,0,0,0.0
1,0,2,25.867972925170754,Suburban,1,Multichannel,0,0,0.0
1,0,6,83.69391440067453,Rural,0,Multichannel,0,0,0.0
0,1,11,32.87478358059586,Suburban,0,Multichannel,0,0,0.0
1,0,12,997.6620761653022,Suburban,0,Web,0,0,0.0
1,0,4,402.8115822881648,Suburban,0,Web,0,0,0.0
1,0,12,53.87952909970592,Urban,0,Web,1,0,0.0
1,0,8,289.49876384216634,Urban,0,Multichannel,1,0,0.0
1,0,12,498.8259951039334,Urban,0,Web,0,0,0.0
0,0,5,26.650615259202876,Urban,0,Web,0,0,0.0
1,0,2,398.8926981055772,Suburban,0,Multichannel,0,0,0.0
0,1,6,91.50227600037263,Urban,0,Web,0,0,0.0
0,0,8,193.13299565550602,Urban,0,Web,1,0,0.0
1,0,2,231.02599205211314,Rural,1,Web,0,0,0.0
0,0,11,202.62046277457006,Suburban,0,Multichannel,0,0,0.0
1,0,4,64.67678505359247,Suburban,0,Web,0,0,0.0
1,0,5,108.28964444446561,Urban,0,Multichannel,0,0,0.0
1,0,12,1019.3840855025035,Urban,0,Phone,0,0,0.0
0,0,2,123.33581585513856,Urban,0,Phone,0,0,0.0
0,1,5,116.80176247663172,Urban,1,Web,0,0,0.0
1,0,11,394.39667250643186,Rural,1,Web,0,0,0.0
0,0,5,22.811719366472694,Urban,1,Multichannel,0,0,0.0
0,0,3,222.4918104201145,Urban,0,Web,0,0,0.0
1,0,1,478.62862530288817,Rural,0,Web,0,0,0.0
1,0,7,29.670658555878475,Suburban,0,Web,0,0,0.0
0,1,11,89.38833963607318,Rural,0,Web,0,0,0.0
0,1,12,210.78714547293197,Suburban,1,Web,0,0,0.0
0,0,6,149.6042592314628,Rural,0,Web,0,0,0.0
1,0,1,476.70597928389185,Suburban,0,Phone,0,0,0.0
0,0,10,27.825616318512015,Rural,1,Web,0,0,0.0
0,1,3,62.803594146025944,Urban,0,Web,1,1,25.187153230434784
1,0,3,258.4450340648199,Suburban,0,Web,0,0,0.0
1,0,12,98.08970211130446,Urban,0,Phone,1,0,0.0
0,1,3,149.19041222567586,Urban,1,Multichannel,0,0,0.0
1,0,5,161.62486259398133,Urban,0,Web,0,0,0.0
0,0,5,60.87782921295547,Rural,0,Web,1,0,0.0
1,0,12,493.4252229929008,Suburban,0,Multichannel,0,0,0.0
0,0,11,237.022988017236,Suburban,1,Web,0,0,0.0
0,0,8,70.8086267501187,Urban,0,Phone,0,0,0.0
1,0,12,172.65811306656,Suburban,0,Phone,0,0,0.0
0,0,4,278.4933258597297,Suburban,0,Multichannel,1,0,0.0
0,1,2,140.85241224755438,Urban,0,Multichannel,0,0,0.0
0,1,1,69.60776844851836,Suburban,0,Web,0,0,0.0
1,0,2,860.3157487697069,Urban,0,Phone,0,0,0.0
1,0,2,100.0557966701662,Rural,0,Phone,0,0,0.0
0,0,8,89.44834860491409,Rural,0,Multichannel,0,0,0.0
0,0,2,226.5018962975895,Urban,1,Web,0,0,0.0
0,0,3,155.7217459286209,Urban,0,Web,0,0,0.0
0,1,1,35.28389484176642,Rural,0,Web,1,1,41.07614544411803
0,0,11,100.44604112629568,Rural,1,Multichannel,1,0,0.0
1,0,6,109.67693592618517,Suburban,0,Web,0,0,0.0
0,0,1,576.9313674360077,Rural,0,Multichannel,0,0,0.0
0,1,2,294.74070566766704,Suburban,1,Multichannel,1,0,0.0
0,1,6,13.983515558770515,Suburban,0,Phone,0,0,0.0
1,0,4,62.97561983208187,Suburban,1,Web,0,0,0.0
1,0,5,13.675803391043933,Urban,0,Web,0,0,0.0
0,0,12,109.09916606959789,Suburban,0,Phone,1,0,0.0
0,1,10,777.5836850467377,Urban,1,Web,0,0,0.0
0,1,3,975.6884216777393,Rural,0,Web,0,0,0.0
1,0,12,231.10201484854548,Suburban,0,Phone,0,0,0.0
0,0,1,171.8758225269364,Urban,0,Multichannel,0,0,0.0
0,0,4,806.2732854073072,Rural,0,Web,0,0,0.0
1,0,11,355.4125232694826,Suburban,0,Multichannel,1,0,0.0
0,0,12,123.1602994882798,Rural,0,Web,0,0,0.0
1,0,4,190.19831839647108,Suburban,0,Multichannel,0,0,0.0
0,1,2,161.0209511817984,Suburban,1,Web,0,0,0.0
1,0,4,77.40883254800211,Suburban,0,Web,1,0,0.0
0,0,9,117.11427031596818,Suburban,0,Web,0,0,0.0
0,0,12,2135.8067848736105,Suburban,0,Multichannel,0,0,0.0
1,0,11,35.06131886053891,Suburban,0,Web,0,0,0.0
0,0,3,27.467668738061636,Urban,0,Web,0,0,0.0
1,0,3,930.5699424156264,Rural,0,Phone,0,0,0.0
1,0,2,642.2157982369881,Urban,0,Web,1,1,32.116591120817816
0,1,11,56.77318829256197,Urban,0,Web,0,0,0.0
0,1,11,84.00093003673558,Suburban,0,Web,0,0,0.0
0,1,2,257.5701815426749,Suburban,0,Multichannel,0,0,0.0
0,1,3,901.5486953864503,Rural,1,Multichannel,0,0,0.0
0,1,11,49.49797717293524,Urban,0,Web,1,0,0.0
1,0,12,69.71831680711779,Rural,0,Phone,0,0,0.0
1,0,2,51.423615289989144,Urban,0,Web,0,0,0.0
0,1,12,52.59962092291702,Suburban,1,Web,0,0,0.0
0,1,1,61.62436780266895,Rural,0,Multichannel,0,0,0.0
1,0,1,408.41691576169995,Urban,0,Multichannel,0,0,0.0
1,0,2,17.896387255185743,Suburban,0,Multichannel,1,0,0.0
0,1,4,39.361952822885925,Rural,0,Web,0,0,0.0
0,0,4,60.110953611649606,Suburban,0,Web,0,0,0.0
0,0,11,171.3055926250088,Suburban,0,Web,0,0,0.0
0,0,3,240.07058563480894,Suburban,0,Web,0,0,0.0
0,0,2,30.233758921555307,Suburban,1,Web,0,0,0.0
1,0,3,124.26170315397322,Suburban,0,Phone,0,0,0.0
1,0,3,29.46313772484425,Urban,1,Web,0,0,0.0
0,1,5,165.33979380358508,Urban,0,Phone,0,0,0.0
1,0,6,73.02471328561592,Suburban,0,Web,0,0,0.0
0,1,11,235.70032675225235,Suburban,0,Web,0,0,0.0
1,0,4,824.1431158211785,Urban,0,Multichannel,0,0,0.0
0,1,9,152.98461877145093,Rural,0,Phone,0,0,0.0
0,1,7,52.52898984530915,Suburban,0,Web,0,0,0.0
0,0,1,323.9413672758048,Rural,1,Web,0,0,0.0
0,0,3,434.50779735867144,Suburban,0,Phone,0,0,0.0
1,0,2,152.22153537259877,Suburban,0,Web,0,0,0.0
0,1,12,62.4010707590945,Urban,0,Web,0,0,0.0
1,0,2,148.05023789841735,Rural,0,Phone,0,0,0.0
1,0,3,198.22476291281438,Urban,0,Web,0,0,0.0
0,0,9,676.1195228868971,Suburban,1,Multichannel,0,0,0.0
0,1,3,49.28024310478181,Rural,1,Multichannel,1,0,0.0
0,1,3,1854.5479870965028,Rural,0,Multichannel,0,0,0.0
0,1,3,87.8195528578445,Suburban,0,Web,1,0,0.0
0,0,11,87.76547611071177,Rural,1,Multichannel,0,0,0.0
0,1,4,182.39307752166224,Urban,0,Web,0,0,0.0
1,0,8,52.942975608117266,Suburban,0,Multichannel,0,0,0.0
1,0,11,81.06529510875674,Suburban,0,Multichannel,0,0,0.0
1,0,3,863.7901389527331,Suburban,0,Multichannel,0,0,0.0
1,0,4,420.7396546234153,Suburban,0,Phone,0,0,0.0
0,1,5,52.57964373008964,Urban,0,Web,0,0,0.0
0,0,1,279.8365774851802,Urban,0,Multichannel,0,0,0.0
0,0,12,58.750242345453856,Suburban,0,Web,0,0,0.0
0,0,12,692.6131014245533,Suburban,0,Web,0,0,0.0
0,1,9,79.79889828062417,Suburban,0,Web,0,0,0.0
0,0,3,180.84242692212987,Suburban,0,Phone,0,0,0.0
0,0,12,392.2816239764192,Urban,0,Phone,0,0,0.0
0,0,5,104.51786014905107,Urban,0,Multichannel,1,1,14.897673627646007
1,0,1,446.78170395638216,Rural,0,Multichannel,1,1,21.92622071269385
0,0,4,34.821104086483885,Suburban,0,Web,0,0,0.0
0,1,2,219.97674173019374,Suburban,0,Multichannel,1,0,0.0
1,0,3,87.13473062703082,Urban,0,Web,0,0,0.0
0,1,4,610.1256845074896,Urban,0,Web,0,0,0.0
0,1,3,208.04324778666603,Suburban,0,Multichannel,0,0,0.0
0,1,7,178.35806401843675,Rural,0,Web,0,0,0.0
1,0,12,459.99863654122043,Suburban,0,Phone,0,0,0.0
0,0,3,102.8561159644606,Urban,0,Phone,0,0,0.0
0,1,2,630.3134254878862,Rural,0,Web,0,0,0.0
0,1,7,104.91747945982586,Rural,0,Web,0,0,0.0
0,1,3,444.950308503691,Suburban,0,Phone,0,0,0.0
1,0,12,256.6660430163095,Suburban,0,Multichannel,0,0,0.0
0,0,7,148.01752851251013,Suburban,0,Multichannel,0,0,0.0
0,1,3,80.05605660761138,Suburban,0,Web,1,0,0.0
0,0,2,162.70978073036153,Urban,0,Web,0,0,0.0
0,0,1,367.4956974705516,Suburban,0,Multichannel,0,0,0.0
0,1,1,55.14602815920144,Suburban,0,Web,1,1,69.56023898666943
1,0,4,99.85455914429785,Suburban,0,Web,0,0,0.0
1,0,1,234.86339991483166,Urban,0,Web,1,0,0.0
1,0,3,679.7406764605939,Suburban,1,Multichannel,1,0,0.0
1,0,8,449.7979477647362,Urban,1,Web,1,0,0.0
0,1,4,132.6629769513069,Suburban,0,Multichannel,1,0,0.0
1,0,11,66.82437692750436,Rural,0,Multichannel,0,0,0.0
0,1,2,205.1471018913656,Rural,1,Multichannel,0,0,0.0
0,1,1,351.67147433659323,Suburban,1,Phone,0,0,0.0
1,0,9,66.27886358038329,Suburban,0,Web,0,0,0.0
0,0,1,211.3915583598735,Rural,0,Multichannel,0,0,0.0
0,0,3,156.6871886020636,Rural,0,Multichannel,0,0,0.0
0,0,6,48.87912899982852,Suburban,1,Multichannel,0,0,0.0
0,0,11,122.76538565193508,Urban,1,Phone,0,0,0.0
1,0,12,65.15593411464687,Suburban,0,Web,0,0,0.0
1,0,1,350.29183367225426,Suburban,0,Multichannel,0,0,0.0
0,1,5,106.04080850973887,Suburban,0,Phone,0,0,0.0
0,0,7,532.3720701333193,Rural,0,Web,1,0,0.0
0,0,2,1178.9328770525894,Suburban,1,Multichannel,0,0,0.0
1,0,2,120.82268256028216,Rural,0,Web,0,0,0.0
1,0,1,67.56960864554198,Rural,1,Web,1,1,10.0
0,1,12,954.2115407132515,Urban,0,Web,0,0,0.0
1,0,12,13.891522975049202,Urban,0,Multichannel,0,0,0.0
0,1,3,41.62447488904714,Suburban,0,Phone,0,0,0.0
1,0,11,837.9502767436929,Rural,0,Phone,1,0,0.0
0,0,1,193.34775589605053,Rural,1,Web,0,0,0.0
0,1,6,366.69317526422435,Suburban,0,Phone,0,0,0.0
0,0,11,67.0448234331892,Urban,0,Web,0,0,0.0
0,0,1,93.19993590935067,Suburban,0,Web,0,0,0.0
0,1,12,16.478474827617696,Suburban,0,Web,1,0,0.0
1,0,10,138.4357233812911,Urban,0,Web,0,0,0.0
1,0,11,1154.312140182719,Suburban,0,Multichannel,0,0,0.0
0,0,7,508.99458299031005,Suburban,0,Web,0,0,0.0
1,0,3,309.7479624591163,Urban,0,Phone,0,0,0.0
0,1,1,392.20424169942424,Suburban,0,Multichannel,0,0,0.0
0,0,7,95.45610385278512,Suburban,0,Web,0,0,0.0
1,0,4,53.00514501030455,Suburban,0,Web,0,0,0.0
0,0,5,511.7944382772709,Suburban,0,Multichannel,0,0,0.0
0,0,2,414.3333794560638,Rural,1,Phone,1,0,0.0
0,0,2,755.6617378840892,Suburban,0,Web,1,1,24.944417359156116
1,0,1,385.9680600907621,Urban,0,Web,0,0,0.0
0,0,4,49.88993590472953,Suburban,0,Web,0,0,0.0
1,0,7,35.285071605158564,Urban,0,Web,0,0,0.0
0,0,2,32.84778349921033,Suburban,0,Web,0,0,0.0
0,0,2,28.48196498185759,Rural,0,Multichannel,0,0,0.0
1,0,6,434.5245688653027,Suburban,1,Multichannel,0,0,0.0
0,0,8,1014.3603017146801,Suburban,0,Multichannel,1,0,0.0
1,0,1,74.85589820397718,Suburban,0,Phone,0,0,0.0
0,0,1,353.2411547963253,Urban,0,Web,0,0,0.0
0,0,6,207.26209058919466,Urban,0,Multichannel,0,0,0.0
0,0,1,115.9348192400824,Suburban,0,Multichannel,0,0,0.0
0,0,10,90.63924685612716,Suburban,0,Multichannel,1,1,21.16976724070066
0,0,2,487.4236023949904,Rural,0,Multichannel,0,0,0.0
0,1,11,43.89069844729986,Suburban,0,Web,0,0,0.0
0,0,1,159.25446662549788,Rural,0,Multichannel,0,0,0.0
0,1,2,203.4601028343395,Suburban,0,Web,1,0,0.0
1,0,1,13.449793229582022,Urban,1,Web,0,0,0.0
0,0,3,584.9161012534493,Suburban,0,Web,0,0,0.0
0,0,1,18.43081774347633,Rural,0,Web,0,0,0.0
0,0,9,711.488737803878,Suburban,0,Multichannel,0,0,0.0
0,1,4,177.27260419339814,Urban,0,Multichannel,0,0,0.0
0,1,2,29.634423252236715,Suburban,0,Multichannel,0,0,0.0
1,0,3,172.41852657869347,Suburban,0,Web,0,0,0.0
0,1,5,267.41366643112485,Suburban,1,Web,0,0,0.0
0,1,10,107.97574035462928,Suburban,0,Multichannel,0,0,0.0
0,1,5,174.00898893381319,Rural,0,Multichannel,0,0,0.0
1,0,3,131.49783027364893,Suburban,1,Web,0,0,0.0
1,0,12,326.36988441644917,Urban,0,Web,0,0,0.0
1,0,5,112.39140860059757,Suburban,0,Multichannel,1,0,0.0
0,1,1,44.52982404932744,Suburban,0,Phone,0,0,0.0
0,0,3,139.67532994951557,Suburban,0,Multichannel,0,0,0.0
0,0,2,184.66299238516027,Urban,0,Web,1,0,0.0
0,0,3,36.84938543076244,Urban,0,Web,0,0,0.0
0,0,2,747.8724526282389,Urban,1,Multichannel,0,0,0.0
1,0,7,21.1214235368078,Urban,0,Web,0,0,0.0
0,0,4,142.6390377520699,Urban,0,Web,0,0,0.0
0,0,12,327.6172954244409,Suburban,0,Multichannel,0,0,0.0
0,0,6,773.0555983481077,Urban,0,Multichannel,0,0,0.0
0,1,2,54.2912359972007,Suburban,0,Web,0,0,0.0
0,0,6,501.74047971572674,Suburban,0,Phone,0,0,0.0
1,0,1,821.753005017266,Suburban,0,Web,0,0,0.0
1,0,5,118.07218165953005,Rural,0,Multichannel,1,1,81.5951122931487
0,1,1,32.21851337166974,Urban,0,Web,0,0,0.0
1,0,4,136.6812794147567,Suburban,0,Multichannel,0,0,0.0
0,0,10,191.59973453062997,Suburban,0,Web,0,0,0.0
0,0,11,76.22413460858044,Suburban,1,Phone,0,0,0.0
0,1,6,97.96393699021176,Suburban,1,Web,1,0,0.0
1,0,1,29.402012131399623,Suburban,0,Web,0,0,0.0
0,0,5,294.13425439113416,Suburban,1,Web,0,0,0.0
0,0,6,860.6610522662924,Suburban,0,Multichannel,0,0,0.0
0,0,7,246.6208151578434,Suburban,0,Phone,1,0,0.0
1,0,1,48.29939731162694,Urban,0,Phone,0,0,0.0
0,1,10,244.03237297035093,Suburban,0,Multichannel,0,0,0.0
0,0,2,739.4193287030515,Urban,0,Web,0,0,0.0
0,1,6,67.39628702922546,Suburban,0,Multichannel,0,0,0.0
1,0,1,354.7069366707581,Suburban,0,Multichannel,1,0,0.0
1,0,4,275.47332827570125,Suburban,1,Web,0,0,0.0
0,0,8,223.8248841180056,Suburban,0,Multichannel,1,0,0.0
0,1,11,105.88434372592397,Urban,0,Multichannel,0,0,0.0
1,0,3,250.33351025164419,Urban,0,Phone,0,0,0.0
0,0,3,389.9525239696169,Suburban,0,Multichannel,0,0,0.0
0,0,12,125.52681725326303,Suburban,0,Multichannel,0,0,0.0
1,0,2,34.34516034802867,Suburban,0,Web,0,0,0.0
0,1,2,819.1724077180862,Suburban,0,Phone,0,0,0.0
0,1,1,389.54395950969416,Rural,0,Multichannel,0,0,0.0
0,1,2,64.75622491378226,Suburban,0,Multichannel,1,0,0.0
0,0,11,101.88737809808208,Urban,0,Web,0,0,0.0
1,0,1,962.4570913461067,Urban,0,Phone,0,0,0.0
0,0,4,17.50562024035476,Suburban,0,Web,0,0,0.0
0,1,10,18.33652523084912,Suburban,0,Web,0,0,0.0
0,1,1,165.98313177483286,Rural,0,Multichannel,1,0,0.0
0,1,12,63.83417751986802,Suburban,0,Multichannel,0,0,0.0
1,0,3,1008.5759788144532,Urban,0,Web,0,0,0.0
1,0,3,42.81385833923398,Rural,0,Phone,1,0,0.0
0,0,11,86.29774820952599,Suburban,0,Multichannel,1,1,35.13479120481436
0,0,1,430.7266888600285,Suburban,0,Web,0,0,0.0
0,1,11,41.671825280362974,Suburban,0,Multichannel,0,0,0.0
0,0,10,119.18152818807211,Rural,1,Web,0,0,0.0
1,0,1,90.52621308477035,Urban,0,Multichannel,1,1,11.234963971329252
1,0,9,398.8740699569949,Urban,0,Multichannel,0,0,0.0
0,0,7,53.60842485647934,Suburban,0,Multichannel,0,0,0.0
1,0,5,25.866128049833254,Urban,1,Phone,0,0,0.0
1,0,1,197.32685358963084,Suburban,0,Web,0,0,0.0
0,1,10,301.9958615002207,Suburban,0,Web,0,0,0.0
0,1,6,139.9082581419817,Suburban,0,Web,0,0,0.0
0,0,7,28.007558818217785,Suburban,0,Multichannel,0,0,0.0
1,0,1,525.6466479077219,Rural,0,Web,1,1,32.38968351068037
0,1,2,356.3105992072979,Suburban,0,Phone,0,0,0.0
0,1,8,187.81373756643873,Suburban,1,Web,1,0,0.0
0,0,3,202.49994583527712,Suburban,1,Web,0,0,0.0
0,1,2,3939.998676856324,Rural,0,Multichannel,1,1,13.21083830697501
0,0,6,63.0327523330267,Suburban,0,Web,1,0,0.0
0,0,11,27.709431878148003,Urban,0,Web,0,0,0.0
0,1,11,381.0294727904706,Urban,0,Phone,0,0,0.0
0,1,12,77.1376511574458,Suburban,0,Phone,1,0,0.0
1,0,5,31.081146492619528,Suburban,1,Phone,0,0,0.0
0,0,1,148.0569694364667,Suburban,0,Web,0,0,0.0
0,1,3,926.9475142187622,Suburban,0,Phone,0,0,0.0
0,1,3,559.7372430799245,Suburban,0,Web,0,0,0.0
0,1,4,163.0015795251174,Rural,0,Phone,1,0,0.0
1,0,11,43.57932551965254,Rural,0,Web,1,1,71.28085571571356
1,0,11,3227.7746109275113,Suburban,1,Multichannel,0,0,0.0
0,1,6,363.28107404112353,Urban,0,Web,0,0,0.0
1,0,6,560.3063112536292,Urban,0,Web,0,0,0.0
1,0,3,179.31764194378346,Suburban,0,Web,0,0,0.0
0,0,2,2022.5189005299537,Suburban,0,Web,0,0,0.0
1,0,6,138.54499744036107,Rural,1,Web,0,0,0.0
0,0,1,85.55105791575619,Suburban,0,Multichannel,0,0,0.0
1,0,1,28.23172713530603,Urban,0,Web,0,0,0.0
0,0,12,117.78743908464037,Rural,1,Phone,0,0,0.0
1,0,12,289.9851083770599,Urban,0,Web,0,0,0.0
0,1,3,388.11288505240026,Suburban,0,Web,0,0,0.0
0,0,4,159.30584251942432,Urban,0,Web,1,0,0.0
0,0,11,11.733189663227702,Suburban,0,Web,0,0,0.0
0,0,5,179.80108815981112,Suburban,0,Web,0,0,0.0
0,0,10,436.9209946685006,Suburban,0,Web,1,0,0.0
1,0,12,50.47884893189757,Suburban,0,Phone,0,0,0.0
0,0,7,73.55490923384394,Rural,0,Multichannel,0,0,0.0
1,0,5,297.8041057112123,Rural,0,Web,0,0,0.0
1,0,7,82.89303381519889,Suburban,1,Web,0,0,0.0
0,1,2,335.50831593492165,Suburban,0,Multichannel,0,0,0.0
0,1,6,128.85907243107906,Urban,1,Web,0,0,0.0
0,1,11,36.478205468702996,Suburban,1,Web,0,0,0.0
1,0,4,92.44164214981085,Rural,0,Phone,1,0,0.0
1,0,4,134.0668174320321,Rural,0,Web,0,0,0.0
0,1,2,455.3338975698852,Urban,0,Multichannel,0,0,0.0
0,1,1,29.66850878741314,Suburban,0,Web,0,0,0.0
1,0,6,495.2371531822437,Suburban,0,Phone,1,0,0.0
0,0,12,186.04819400334418,Urban,0,Web,0,0,0.0
0,1,12,218.53527019925392,Rural,0,Multichannel,0,0,0.0
1,0,1,27.359926236400256,Suburban,0,Phone,0,0,0.0
1,0,3,662.1196349696575,Urban,0,Web,1,0,0.0
0,0,11,278.26858501624406,Suburban,0,Web,0,0,0.0
0,0,1,395.1142691471763,Suburban,0,Phone,0,0,0.0
0,0,11,172.04527169762903,Rural,0,Multichannel,0,0,0.0
0,1,10,101.58078717112834,Urban,0,Web,0,0,0.0
1,0,10,1171.0691345956986,Urban,0,Phone,1,0,0.0
0,0,1,361.38353786773285,Suburban,0,Multichannel,0,0,0.0
1,0,1,1165.6820834555258,Urban,1,Phone,0,0,0.0
1,0,2,673.7776194912827,Suburban,0,Multichannel,1,1,24.670555717885644
1,0,4,232.50145007120784,Suburban,1,Multichannel,0,0,0.0
0,0,3,39.974093952753506,Suburban,0,Web,0,0,0.0
0,1,11,157.84871012834972,Suburban,1,Web,0,0,0.0
0,0,3,31.910234562833647,Urban,0,Multichannel,0,0,0.0
0,1,5,194.94811865916404,Suburban,0,Multichannel,0,0,0.0
0,1,2,562.1473093020194,Rural,0,Web,1,0,0.0
0,1,6,477.65177898674136,Suburban,0,Web,1,0,0.0
0,1,12,383.70074404734254,Suburban,0,Phone,0,0,0.0
0,1,4,21.496685312365724,Urban,0,Web,0,0,0.0
1,0,9,54.171989817041165,Urban,0,Web,0,0,0.0
1,0,1,44.786149139082895,Suburban,0,Phone,0,0,0.0
0,0,2,95.58733191395456,Suburban,0,Web,0,0,0.0
1,0,10,27.79186469095639,Urban,0,Web,1,0,0.0
0,1,5,66.81487308659246,Rural,0,Web,0,0,0.0
1,0,4,153.71243296859885,Suburban,1,Web,0,0,0.0
1,0,11,306.52234780383577,Urban,1,Web,0,0,0.0
0,0,11,1010.4449780416838,Suburban,0,Multichannel,0,0,0.0
1,0,11,75.61563147618936,Suburban,1,Web,0,0,0.0
0,0,5,51.38498415353147,Suburban,1,Web,0,0,0.0
0,1,9,190.3432089229403,Rural,0,Web,0,0,0.0
1,0,4,46.367547391011044,Urban,0,Web,0,0,0.0
0,1,1,414.3409567916822,Urban,0,Web,0,0,0.0
0,0,2,150.79779153691325,Rural,0,Web,0,0,0.0
0,0,9,117.5102917815215,Urban,0,Multichannel,0,0,0.0
0,1,3,239.95326521410544,Urban,0,Web,0,0,0.0
0,1,1,61.94114577714723,Urban,0,Multichannel,0,0,0.0
1,0,1,87.18818377888675,Suburban,0,Multichannel,0,0,0.0
0,1,8,105.10197592390283,Suburban,0,Web,1,0,0.0
1,0,1,29.401757798512776,Rural,1,Web,0,0,0.0
1,0,11,1411.702335913302,Suburban,0,Multichannel,0,0,0.0
1,0,1,223.13583018611234,Suburban,0,Multichannel,0,0,0.0
0,1,10,102.87330791600763,Urban,1,Multichannel,0,0,0.0
0,0,8,296.6007959684448,Suburban,0,Web,0,0,0.0
0,0,2,86.77466632153526,Urban,1,Web,0,0,0.0
0,0,3,50.239641569128885,Rural,1,Web,0,0,0.0
0,1,4,1443.1747650710552,Urban,0,Web,0,0,0.0
1,0,1,779.3596531207161,Urban,0,Multichannel,0,0,0.0
1,0,9,225.22065121996692,Suburban,0,Web,0,0,0.0
0,1,10,2156.4592748200143,Suburban,0,Web,1,1,22.14989340602223
1,0,5,59.32303298665388,Suburban,0,Multichannel,0,0,0.0
0,0,7,865.2347993152233,Suburban,0,Web,0,0,0.0
1,0,11,49.315667683921355,Suburban,1,Phone,1,0,0.0
1,0,6,28.53410684219524,Rural,0,Phone,0,0,0.0
0,1,12,434.77787703578934,Rural,0,Web,1,1,63.24109922821404
0,0,11,31.790199465681113,Suburban,0,Multichannel,0,0,0.0
0,1,1,309.8417139192353,Suburban,0,Multichannel,0,0,0.0
0,1,2,517.2731339475589,Urban,0,Phone,0,0,0.0
0,1,11,42.53126180829534,Urban,0,Multichannel,1,0,0.0
1,0,4,240.1718818927758,Rural,0,Multichannel,0,0,0.0
0,1,11,63.44868372405076,Rural,0,Phone,0,0,0.0
0,1,9,116.47742294760043,Urban,1,Web,0,0,0.0
1,0,12,88.14731314680203,Urban,1,Phone,1,0,0.0
0,1,11,101.23486868555783,Suburban,1,Web,0,0,0.0
1,0,7,565.8723304780001,Suburban,0,Phone,0,0,0.0
0,1,2,62.387199601373766,Urban,0,Phone,0,0,0.0
0,0,10,196.06851230534045,Urban,0,Multichannel,0,0,0.0
1,0,3,1302.0784297960026,Rural,0,Web,0,0,0.0
1,0,5,67.99523384484024,Urban,1,Multichannel,0,0,0.0
0,0,1,1000.1943806983841,Suburban,0,Web,0,0,0.0
0,1,7,163.3435770639822,Urban,0,Multichannel,1,0,0.0
0,0,1,25.86306019782039,Suburban,0,Web,0,0,0.0
0,0,3,16.662352147528967,Suburban,0,Multichannel,1,0,0.0
1,0,1,895.1048483979222,Suburban,0,Multichannel,0,0,0.0
0,1,10,420.04706502355384,Suburban,0,Web,0,0,0.0
0,0,7,532.5199376498982,Suburban,0,Phone,0,0,0.0
0,0,3,83.19517815829512,Suburban,0,Phone,0,0,0.0
0,0,1,342.43496372662077,Rural,1,Multichannel,0,0,0.0
0,1,7,290.0005763485336,Urban,0,Web,0,0,0.0
0,0,8,307.9102273131794,Suburban,0,Web,0,0,0.0
0,0,6,45.61497879595531,Suburban,0,Phone,0,0,0.0
0,0,7,95.23518935986131,Suburban,0,Multichannel,0,0,0.0
1,0,3,52.096433278128,Suburban,0,Multichannel,0,0,0.0
0,1,2,221.14476147226173,Suburban,0,Web,0,0,0.0
0,0,4,108.30770370492013,Suburban,0,Multichannel,0,0,0.0
0,0,2,128.127910050746,Suburban,1,Multichannel,0,0,0.0
1,0,12,22.651419981538954,Urban,0,Multichannel,0,0,0.0
0,1,2,150.8636456863213,Suburban,0,Web,0,0,0.0
1,0,3,664.9247394886356,Urban,0,Multichannel,0,0,0.0
0,1,10,2444.0821410577228,Suburban,0,Web,0,0,0.0
0,1,2,68.64296026760822,Rural,0,Multichannel,0,0,0.0
0,0,7,18.01779842726941,Suburban,0,Web,0,0,0.0
1,0,9,90.33008401065702,Urban,0,Multichannel,0,0,0.0
1,0,7,34.48636566505057,Urban,1,Web,0,0,0.0
0,1,12,176.12955650850168,Suburban,0,Web,0,0,0.0
1,0,11,85.6558574688531,Rural,0,Web,0,0,0.0
0,0,4,292.75022296209823,Suburban,0,Multichannel,0,0,0.0
1,0,5,581.3298441309765,Urban,0,Web,0,0,0.0
0,1,4,226.26980974683076,Urban,0,Web,1,0,0.0
1,0,5,202.7277982171609,Suburban,0,Web,1,0,0.0
0,1,9,32.58013497178034,Rural,0,Web,0,0,0.0
1,0,8,53.637904596190275,Suburban,0,Web,1,0,0.0
0,1,2,271.73605476428764,Rural,1,Multichannel,0,0,0.0
0,1,10,454.48687572091995,Suburban,0,Phone,0,0,0.0
1,0,1,10.077247358299408,Suburban,0,Multichannel,0,0,0.0
1,0,10,46.68964060996646,Suburban,0,Web,0,0,0.0
0,1,3,359.5057146346743,Urban,1,Phone,0,0,0.0
1,0,8,392.6318988380063,Suburban,0,Web,1,0,0.0
1,0,5,23.945986976918913,Rural,0,Web,0,0,0.0
0,0,2,133.08184539428368,Urban,0,Web,0,0,0.0
0,1,6,182.89102346229208,Urban,0,Web,0,0,0.0
1,0,2,197.8270791273375,Urban,0,Web,0,0,0.0
0,0,4,386.3909906305892,Urban,0,Web,0,0,0.0
0,1,11,84.33170473557948,Urban,0,Web,1,0,0.0
0,1,3,77.02088428995896,Urban,0,Multichannel,1,1,10.06680468599603
0,0,12,1424.066337646257,Suburban,0,Multichannel,1,0,0.0
0,0,1,42.11913245477163,Suburban,0,Phone,0,0,0.0
1,0,5,27.747575880624453,Suburban,0,Web,0,0,0.0
0,0,1,141.8153108222488,Suburban,1,Phone,0,0,0.0
0,1,12,520.1626344980194,Suburban,0,Web,1,0,0.0
0,0,5,471.58478074281663,Urban,1,Multichannel,0,0,0.0
0,0,4,93.61219698583078,Suburban,0,Web,1,0,0.0
0,1,8,10.0,Suburban,1,Multichannel,1,0,0.0
1,0,3,38.98075332106875,Suburban,0,Multichannel,0,0,0.0
0,0,3,872.2997274163392,Urban,0,Web,0,0,0.0
0,0,8,66.20621309426859,Suburban,0,Web,0,0,0.0
0,1,1,107.20459167341137,Urban,0,Phone,0,0,0.0
0,0,1,971.7865878639152,Urban,0,Phone,0,0,0.0
0,1,2,41.43221479738738,Suburban,1,Web,0,0,0.0
0,0,1,982.7314581067127,Urban,0,Web,0,0,0.0
1,0,8,65.53569472433061,Suburban,1,Phone,0,0,0.0
0,1,4,50.27847233579226,Rural,1,Phone,0,0,0.0
0,1,12,1029.0920698481043,Rural,0,Web,0,0,0.0
0,0,3,837.3561232995983,Suburban,1,Web,0,0,0.0
0,0,5,211.21627209435997,Suburban,0,Web,0,0,0.0
0,0,1,282.64615047815397,Suburban,0,Web,0,0,0.0
0,1,5,13.502194358883884,Suburban,0,Multichannel,0,0,0.0
1,0,2,131.678325971542,Suburban,0,Web,0,0,0.0
1,0,6,18.17777836888012,Rural,0,Multichannel,0,0,0.0
0,0,6,421.7655531773155,Rural,1,Phone,0,0,0.0
0,1,12,118.00803056370562,Urban,0,Web,0,0,0.0
0,0,4,69.78886412516985,Suburban,0,Multichannel,0,0,0.0
0,1,3,339.87979173078725,Urban,0,Web,0,0,0.0
1,0,7,416.9149126475353,Rural,0,Phone,0,0,0.0
1,0,1,255.66942354705373,Rural,0,Web,1,1,42.65163615861405
0,0,5,304.92891944903585,Urban,1,Web,0,0,0.0
0,0,11,178.32811354812628,Suburban,0,Multichannel,0,0,0.0
1,0,12,450.9588327962192,Suburban,0,Web,0,0,0.0
0,0,12,52.747617077934954,Rural,1,Web,0,0,0.0
1,0,3,137.47240793408884,Urban,0,Web,0,0,0.0
0,0,10,114.57768625030964,Suburban,0,Multichannel,1,1,51.52527613273237
0,0,4,275.0818358739739,Urban,0,Web,1,0,0.0
0,1,3,365.04481969507844,Suburban,0,Web,0,0,0.0
0,0,8,274.3181901283429,Suburban,0,Multichannel,0,0,0.0
1,0,8,100.38376051642823,Suburban,0,Web,0,0,0.0
0,0,12,121.12492802574899,Suburban,0,Multichannel,0,0,0.0
0,0,6,87.14823018323901,Suburban,0,Web,1,0,0.0
0,0,9,742.8716773409451,Urban,1,Phone,0,0,0.0
0,0,5,84.41058994231797,Rural,0,Multichannel,0,0,0.0
0,1,3,127.16197766351775,Suburban,1,Multichannel,0,0,0.0
0,0,5,421.42356161637593,Rural,0,Phone,0,0,0.0
1,0,5,209.75008308302583,Urban,0,Multichannel,0,0,0.0
0,0,3,477.0817862717816,Suburban,0,Web,0,0,0.0
1,0,3,187.45351784093157,Rural,1,Web,0,0,0.0
0,0,7,50.971057200796345,Suburban,0,Phone,0,0,0.0
0,0,9,290.21006151443896,Suburban,1,Web,0,0,0.0
1,0,7,92.92527391789541,Urban,0,Multichannel,0,0,0.0
0,1,1,190.30445728992444,Suburban,0,Multichannel,0,0,0.0
0,1,2,26.486304275245132,Rural,0,Web,0,0,0.0
1,0,1,10.0,Rural,0,Multichannel,1,1,73.32060627225337
0,0,1,3505.515122263802,Suburban,0,Multichannel,0,0,0.0
0,0,2,417.6305152817111,Rural,0,Web,1,0,0.0
0,1,9,236.39577050450657,Urban,0,Multichannel,0,0,0.0
0,0,2,131.9378221109468,Suburban,0,Phone,0,0,0.0
1,0,1,495.1374667896948,Urban,0,Multichannel,0,0,0.0
0,0,8,60.21747510888056,Urban,0,Phone,0,0,0.0
0,0,6,33.371445159341135,Rural,0,Web,0,0,0.0
1,0,1,418.4340655717966,Suburban,0,Web,0,0,0.0
1,0,1,907.8440285604675,Suburban,0,Multichannel,0,0,0.0
0,1,11,520.4481096842621,Suburban,0,Multichannel,1,0,0.0
1,0,11,50.654410968922335,Suburban,0,Multichannel,0,0,0.0
1,0,1,299.49650196361,Suburban,0,Multichannel,0,0,0.0
0,0,8,91.62817806039604,Urban,1,Web,0,0,0.0
0,0,3,692.5432954746497,Suburban,0,Multichannel,1,1,47.82845607209765
1,0,5,10.0,Suburban,0,Phone,1,1,42.55450257461881
0,0,11,189.6281484937698,Suburban,0,Web,1,0,0.0
0,0,1,1246.6930391906856,Suburban,0,Phone,0,0,0.0
1,0,5,350.97354828996083,Urban,0,Web,1,1,39.085402060761595
1,0,2,171.184010979125,Urban,0,Multichannel,0,0,0.0
0,1,7,174.20079549715726,Suburban,0,Multichannel,0,0,0.0
0,0,5,68.122363704858,Suburban,0,Web,0,0,0.0
0,1,1,10.0,Suburban,0,Web,0,0,0.0
0,1,8,677.9703217517161,Urban,1,Phone,0,0,0.0
0,0,1,165.02033315182717,Rural,1,Web,0,0,0.0
0,1,3,40.46624961350811,Urban,1,Web,1,0,0.0
0,1,7,368.1839349674363,Suburban,0,Web,0,0,0.0
0,1,5,75.45165945842577,Rural,0,Multichannel,0,0,0.0
0,0,12,276.7372198816053,Suburban,1,Web,0,0,0.0
0,1,5,212.37154727236572,Urban,0,Web,0,0,0.0
0,0,3,100.79610449381137,Urban,0,Web,0,0,0.0
0,0,9,91.59076311916465,Rural,0,Phone,0,0,0.0
1,0,7,44.39151319911403,Rural,0,Multichannel,0,0,0.0
1,0,1,103.05362326206131,Rural,0,Multichannel,0,0,0.0
1,0,6,235.345916339342,Suburban,0,Web,0,0,0.0
0,0,1,1895.873092062298,Urban,0,Multichannel,0,0,0.0
0,1,6,49.920558283655346,Urban,0,Multichannel,0,0,0.0
1,0,1,662.4735528362436,Suburban,0,Web,0,0,0.0
1,0,5,232.44346814757273,Suburban,0,Web,1,1,29.85687266463431
0,1,6,554.8075409657961,Rural,0,Web,1,0,0.0
0,1,6,36.67702818189993,Urban,0,Phone,0,0,0.0
0,1,11,1378.8432797526436,Suburban,0,Web,0,0,0.0
0,0,2,235.2782352538587,Suburban,0,Web,1,0,0.0
0,0,5,171.74336267599614,Suburban,1,Multichannel,0,0,0.0
1,0,3,1474.4285254478923,Rural,0,Web,0,0,0.0
1,0,5,171.8467840963374,Urban,1,Multichannel,0,0,0.0
0,0,2,55.4556211613735,Suburban,0,Multichannel,0,0,0.0
0,0,2,126.98985848791536,Urban,0,Web,0,0,0.0
0,0,11,92.97440957563992,Suburban,0,Web,0,0,0.0
0,0,7,161.48641926839383,Rural,0,Phone,0,0,0.0
0,1,3,293.3629108961363,Suburban,0,Web,0,0,0.0
1,0,11,47.64788045067481,Suburban,0,Web,0,0,0.0
1,0,4,403.49281684568325,Urban,0,Web,1,0,0.0
0,0,6,209.4885599090234,Suburban,0,Web,0,0,0.0
0,0,7,1970.962926880018,Rural,0,Multichannel,0,0,0.0
0,1,2,115.7954617712389,Urban,0,Web,1,0,0.0
0,0,5,270.12048160995397,Urban,0,Multichannel,0,0,0.0
0,1,7,79.56368161982734,Suburban,0,Web,0,0,0.0
0,0,7,32.330941795021346,Rural,0,Phone,1,0,0.0
0,1,10,169.78675742645711,Suburban,0,Web,0,0,0.0
1,0,6,141.62036774521098,Suburban,0,Web,0,0,0.0
0,0,3,46.92657316365004,Rural,0,Multichannel,0,0,0.0
0,0,1,819.2820389691096,Suburban,0,Phone,0,0,0.0
1,0,5,679.0656386954917,Urban,0,Web,0,0,0.0
0,0,1,690.0588815647939,Urban,1,Phone,0,0,0.0
0,1,2,268.92132622363914,Rural,0,Multichannel,0,0,0.0
0,0,2,980.754288881318,Urban,0,Phone,0,0,0.0
1,0,5,288.1152945600476,Suburban,0,Web,0,0,0.0
0,0,7,323.95469201902165,Urban,0,Multichannel,1,0,0.0
0,0,4,166.20893495633345,Suburban,0,Web,0,0,0.0
1,0,10,355.5366657580615,Suburban,1,Phone,0,0,0.0
0,1,12,57.9325039580668,Suburban,1,Phone,0,0,0.0
0,0,5,64.62401115345116,Suburban,0,Web,0,0,0.0
0,1,2,22.663001631213795,Rural,1,Phone,0,0,0.0
0,1,11,1110.2017196302106,Urban,1,Web,0,0,0.0
0,1,12,318.1434464124989,Suburban,0,Multichannel,0,0,0.0
0,0,1,48.6026674705287,Suburban,0,Multichannel,1,0,0.0
0,0,7,108.36472047242262,Suburban,0,Multichannel,0,0,0.0
0,1,1,138.64741991836473,Urban,0,Web,1,0,0.0
0,1,10,725.1320158985565,Suburban,0,Multichannel,0,0,0.0
0,1,1,111.9972130532964,Suburban,1,Multichannel,0,0,0.0
0,0,6,230.0149429439239,Suburban,1,Multichannel,1,1,67.22595789368792
0,0,1,344.8646009448997,Suburban,0,Multichannel,0,0,0.0
0,0,5,86.93191164818104,Suburban,0,Web,0,0,0.0
0,1,7,43.75077798379827,Rural,0,Multichannel,0,0,0.0
1,0,6,92.9030257975633,Suburban,0,Multichannel,0,0,0.0
0,1,2,571.6425660094803,Urban,0,Phone,0,0,0.0
0,1,11,145.24914228042334,Suburban,0,Phone,0,0,0.0
0,0,10,17.26885659836201,Suburban,0,Phone,0,0,0.0
1,0,11,53.65558554557434,Suburban,0,Multichannel,1,0,0.0
0,1,5,178.10562237733015,Urban,0,Web,0,0,0.0
0,0,4,332.69056446914794,Urban,0,Web,0,0,0.0
0,0,1,14.604443807072677,Suburban,0,Web,1,1,86.92450490380517
0,1,6,139.66618091070592,Rural,0,Phone,0,0,0.0
0,1,2,239.39487243696382,Suburban,0,Web,0,0,0.0
1,0,11,621.7828043503004,Suburban,0,Web,0,0,0.0
1,0,3,233.27888107377203,Suburban,0,Web,0,0,0.0
0,0,12,20.591324638619437,Suburban,0,Multichannel,0,0,0.0
0,1,4,290.9226566977488,Rural,0,Multichannel,1,1,51.686941100659105
0,1,9,127.69986640193653,Urban,0,Web,0,0,0.0
1,0,8,66.9848179658381,Suburban,0,Phone,0,0,0.0
1,0,5,57.32691395867153,Urban,0,Multichannel,0,0,0.0
0,0,8,470.64243374397756,Urban,0,Web,0,0,0.0
0,1,11,50.32305286284834,Urban,0,Multichannel,0,0,0.0
0,0,1,798.705608444876,Suburban,0,Phone,0,0,0.0
0,0,2,391.86388844529483,Urban,0,Web,0,0,0.0
0,1,12,209.99222000549588,Suburban,0,Phone,0,0,0.0
1,0,8,170.75983833329963,Suburban,0,Web,1,0,0.0
0,1,11,70.8106453597876,Suburban,0,Multichannel,1,0,0.0
1,0,2,53.2702130230583,Rural,0,Web,0,0,0.0
1,0,11,396.74509602173487,Suburban,1,Web,0,0,0.0
1,0,7,12.492704740692862,Rural,1,Web,0,0,0.0
1,0,4,115.66163509235366,Urban,0,Web,0,0,0.0
0,1,1,517.9022368058115,Suburban,0,Phone,0,0,0.0
0,1,2,64.51462531120902,Urban,0,Multichannel,0,0,0.0
0,1,2,147.81611792830418,Rural,0,Web,1,0,0.0
0,0,6,331.42932400840874,Suburban,0,Web,0,0,0.0
0,0,1,418.9440898121397,Suburban,1,Multichannel,0,0,0.0
0,0,5,653.9961865283703,Urban,0,Web,0,0,0.0
0,1,12,123.15183474803045,Suburban,0,Phone,0,0,0.0
0,0,7,174.33669205787973,Suburban,0,Phone,0,0,0.0
1,0,1,171.10724542913013,Suburban,0,Web,1,0,0.0
0,1,4,104.64588030428473,Suburban,0,Phone,1,0,0.0
0,1,8,337.1687044649409,Urban,0,Multichannel,0,0,0.0
0,1,3,342.29897257968406,Suburban,1,Web,0,0,0.0
1,0,2,167.79324907404776,Suburban,0,Web,1,1,10.31397721627471
1,0,1,61.260215340419386,Urban,0,Web,0,0,0.0
1,0,1,147.03951822111472,Suburban,0,Web,0,0,0.0
0,1,2,55.02932401887354,Rural,0,Multichannel,1,0,0.0
0,1,4,22.992495096025138,Urban,0,Multichannel,0,0,0.0
0,0,3,95.94304015030119,Suburban,0,Web,0,0,0.0
1,0,12,48.29710761890845,Urban,0,Multichannel,1,0,0.0
1,0,4,90.292011033341,Suburban,0,Web,0,0,0.0
0,0,12,431.966781719364,Urban,0,Web,0,0,0.0
0,0,7,202.53648366961966,Urban,0,Multichannel,0,0,0.0
0,0,1,33.52730787013471,Suburban,1,Web,0,0,0.0
0,0,6,227.01186415096902,Rural,0,Web,0,0,0.0
1,0,1,213.87445557908734,Urban,0,Web,1,1,16.942654363238074
0,1,12,442.77927560021345,Suburban,0,Phone,1,1,18.134804647143802
1,0,12,167.98966338900698,Rural,0,Phone,0,0,0.0
0,1,6,361.42840654714723,Suburban,0,Multichannel,0,0,0.0
1,0,12,81.00314622936783,Suburban,0,Phone,0,0,0.0
0,0,1,55.02770440376147,Suburban,1,Phone,0,0,0.0
0,1,4,118.3757007080884,Suburban,0,Web,0,0,0.0
0,1,1,80.58440642416451,Rural,1,Multichannel,0,0,0.0
1,0,9,64.9128797820642,Suburban,0,Phone,0,0,0.0
0,0,8,96.07570304631372,Rural,0,Multichannel,0,0,0.0
0,0,1,26.856844081656067,Rural,1,Multichannel,0,0,0.0
1,0,4,47.32971130325262,Suburban,0,Web,0,0,0.0
1,0,2,82.26329398235755,Suburban,0,Multichannel,0,0,0.0
0,0,2,902.5769023327226,Suburban,0,Multichannel,0,0,0.0
1,0,9,122.60694903954986,Suburban,0,Phone,0,0,0.0
1,0,5,162.03918033964595,Rural,0,Web,0,0,0.0
0,1,1,108.70608951983388,Suburban,1,Web,0,0,0.0
0,1,1,417.0274138901768,Rural,0,Phone,0,0,0.0
0,0,11,175.8186896554581,Suburban,0,Web,0,0,0.0
0,0,10,10.0,Rural,0,Web,1,0,0.0
1,0,1,70.87199243597458,Suburban,1,Phone,1,0,0.0
0,0,1,542.5801797279028,Suburban,0,Web,0,0,0.0
0,0,6,83.07604906261255,Suburban,0,Multichannel,0,0,0.0
0,0,4,163.95427996937124,Rural,0,Web,0,0,0.0
0,1,12,817.5690276065609,Suburban,0,Web,0,0,0.0
0,1,5,126.76001815511,Rural,0,Multichannel,0,0,0.0
1,0,7,393.3842258749918,Rural,0,Multichannel,1,0,0.0
0,1,10,176.5677579726903,Suburban,0,Web,0,0,0.0
0,0,11,351.81204277920943,Suburban,1,Multichannel,0,0,0.0
0,0,2,235.56184598066028,Suburban,0,Web,0,0,0.0
0,0,1,76.40912645366667,Urban,0,Web,0,0,0.0
1,0,7,74.67435650923402,Urban,1,Phone,0,0,0.0
1,0,3,179.13729977226436,Urban,0,Web,1,0,0.0
1,0,7,211.02790935326277,Urban,0,Multichannel,0,0,0.0
1,0,5,190.86976023571535,Urban,0,Phone,0,0,0.0
1,0,11,223.74148159993726,Suburban,1,Phone,1,0,0.0
0,0,6,177.30494926681837,Rural,0,Web,0,0,0.0
0,1,7,158.74162175466932,Urban,0,Multichannel,0,0,0.0
1,0,1,128.15778136106064,Suburban,1,Web,0,0,0.0
0,1,4,184.26971969189225,Urban,0,Web,0,0,0.0
0,0,12,76.95596109440389,Suburban,0,Web,0,0,0.0
1,0,12,59.98865266057912,Suburban,1,Phone,0,0,0.0
1,0,8,137.53794286523663,Rural,1,Phone,0,0,0.0
0,0,12,65.20499345819283,Rural,0,Phone,0,0,0.0
0,1,2,147.78297515281412,Suburban,0,Web,0,0,0.0
0,0,8,25.112617853930015,Suburban,0,Web,0,0,0.0
1,0,1,167.80601548800738,Urban,1,Phone,0,0,0.0
0,1,5,197.4065956175859,Suburban,0,Multichannel,0,0,0.0
1,0,2,58.61272591071703,Rural,0,Web,0,0,0.0
0,1,9,302.7246851660097,Urban,0,Multichannel,0,0,0.0
1,0,4,23.139559204064746,Urban,0,Multichannel,0,0,0.0
0,0,3,336.87969480570223,Urban,0,Web,0,0,0.0
1,0,4,72.47903599919015,Suburban,0,Multichannel,1,0,0.0
0,0,4,65.88915684810672,Suburban,0,Web,0,0,0.0
0,0,1,149.4177339343996,Rural,0,Multichannel,0,0,0.0
0,0,1,41.2053493766243,Suburban,0,Multichannel,1,1,36.76064229154688
1,0,12,87.49376656061658,Urban,1,Phone,1,0,0.0
0,0,8,84.66032930292613,Urban,0,Multichannel,1,0,0.0
0,1,8,34.55109621684991,Suburban,1,Web,0,0,0.0
1,0,2,32.67565713694795,Urban,1,Web,0,0,0.0
0,1,1,515.2086840813536,Suburban,0,Web,0,0,0.0
0,1,1,29.986817210869884,Suburban,0,Multichannel,0,0,0.0
0,0,11,241.35216866730514,Suburban,0,Multichannel,1,0,0.0
1,0,6,120.40866571786141,Urban,0,Web,0,0,0.0
0,1,3,70.8805316014996,Urban,0,Web,0,0,0.0
0,0,7,220.42830033653848,Suburban,0,Phone,0,0,0.0
1,0,12,84.08724520521993,Suburban,1,Multichannel,0,0,0.0
0,1,8,297.2368745369343,Suburban,0,Multichannel,1,1,58.301490989912544
0,0,3,101.11964246778896,Urban,1,Web,1,0,0.0
0,1,7,160.15117659680664,Urban,0,Web,0,0,0.0
0,1,11,142.6287651741573,Rural,0,Phone,0,0,0.0
0,1,10,44.70834062815838,Urban,0,Multichannel,0,0,0.0
1,0,6,278.6591058345587,Urban,0,Web,0,0,0.0
0,0,2,10.0,Urban,0,Web,0,0,0.0
0,0,1,66.56638652308361,Suburban,0,Web,0,0,0.0
0,0,12,106.48575174071881,Rural,0,Multichannel,0,0,0.0
1,0,5,245.81964200181238,Rural,0,Multichannel,0,0,0.0
0,1,9,42.61749560311325,Suburban,0,Phone,1,0,0.0
0,1,5,127.70983666848149,Suburban,0,Multichannel,0,0,0.0
0,0,2,1466.2281880189687,Suburban,0,Web,0,0,0.0
0,1,6,270.45832219176776,Suburban,0,Web,0,0,0.0
0,0,2,362.5514526441061,Suburban,0,Multichannel,0,0,0.0
1,0,12,186.11918818037648,Suburban,1,Multichannel,1,0,0.0
1,0,1,66.54350124368538,Urban,0,Phone,0,0,0.0
0,0,5,53.82003660640977,Urban,0,Web,1,0,0.0
0,1,1,63.79587197839194,Suburban,0,Web,0,0,0.0
1,0,4,280.6605430020921,Suburban,0,Multichannel,1,0,0.0
0,1,4,349.5689442087853,Rural,0,Multichannel,0,0,0.0
1,0,7,39.44277743874091,Rural,1,Multichannel,1,0,0.0
1,0,11,114.76478844757544,Suburban,0,Web,0,0,0.0
0,1,5,23.34876911080209,Urban,0,Multichannel,0,0,0.0
0,1,12,63.54592257221127,Urban,0,Multichannel,0,0,0.0
0,1,8,516.1569546161419,Suburban,0,Phone,0,0,0.0
0,0,1,505.48828696716805,Suburban,0,Web,1,0,0.0
0,1,5,307.37939408440735,Rural,0,Web,0,0,0.0
0,0,12,110.09985179238771,Rural,0,Multichannel,0,0,0.0
0,0,6,110.11646555907643,Suburban,0,Web,0,0,0.0
1,0,4,28.294597281980696,Suburban,0,Phone,1,0,0.0
0,0,1,496.09984480339574,Suburban,1,Web,0,0,0.0
0,1,1,405.4158086601244,Suburban,0,Multichannel,0,0,0.0
0,0,4,54.814309129560314,Suburban,0,Web,1,0,0.0
1,0,3,103.17576406931033,Rural,1,Phone,0,0,0.0
0,1,12,16.900512014041862,Urban,0,Web,0,0,0.0
0,0,11,173.1259979651236,Suburban,0,Phone,1,0,0.0
0,1,9,319.59993189142915,Rural,1,Web,0,0,0.0
0,1,6,52.39430452124103,Urban,1,Web,0,0,0.0
0,0,3,111.23123290836534,Urban,0,Phone,0,0,0.0
1,0,9,363.123141516553,Rural,1,Web,0,0,0.0
0,1,3,218.82665925775328,Rural,0,Phone,1,1,21.65243454463151
0,0,5,142.03592245936315,Urban,1,Web,0,0,0.0
0,0,2,880.1486176628541,Urban,0,Multichannel,0,0,0.0
0,1,10,66.97364343544098,Suburban,0,Web,0,0,0.0
0,0,3,338.4748091050827,Urban,0,Web,0,0,0.0
0,1,3,362.3607266337926,Suburban,0,Web,0,0,0.0
1,0,12,581.598753924537,Suburban,1,Multichannel,0,0,0.0
0,1,5,54.943310952408254,Urban,0,Multichannel,0,0,0.0
0,0,11,408.4703337811526,Suburban,0,Multichannel,0,0,0.0
0,1,4,50.13559375034986,Suburban,0,Phone,0,0,0.0
1,0,1,71.48478725472327,Urban,1,Web,0,0,0.0
1,0,3,57.6423790812991,Urban,0,Web,0,0,0.0
0,1,10,342.5889529135573,Suburban,0,Web,0,0,0.0
0,0,4,75.38546013558417,Urban,0,Web,0,0,0.0
0,0,2,137.29304924848896,Rural,0,Multichannel,0,0,0.0
0,0,11,92.28150407113463,Suburban,0,Multichannel,0,0,0.0
0,0,11,283.59718134896934,Suburban,1,Web,0,0,0.0
0,1,2,81.59136881557848,Rural,1,Phone,1,0,0.0
0,0,2,174.22620981021836,Suburban,0,Multichannel,0,0,0.0
0,1,1,376.979362767193,Urban,0,Phone,0,0,0.0
0,1,5,51.27298939997522,Suburban,1,Web,0,0,0.0
1,0,4,76.88379269365055,Suburban,0,Multichannel,1,0,0.0
0,0,4,185.71066022770964,Urban,0,Web,0,0,0.0
0,1,8,444.64550025652716,Urban,0,Phone,0,0,0.0
1,0,3,332.2936575861833,Suburban,1,Multichannel,0,0,0.0
0,0,12,81.90062044246332,Urban,0,Web,0,0,0.0
0,1,5,198.13196572352925,Urban,1,Phone,0,0,0.0
1,0,3,62.84634178014727,Rural,0,Multichannel,0,0,0.0
1,0,11,241.11114089813321,Suburban,0,Web,0,0,0.0
0,0,4,14.384637667370981,Suburban,1,Phone,0,0,0.0
0,0,2,528.9569145140226,Suburban,0,Phone,0,0,0.0
1,0,1,268.1895327244593,Rural,0,Multichannel,1,1,39.861500036251314
0,0,2,416.69889741379905,Suburban,0,Multichannel,1,1,15.079703563045882
0,0,12,647.1337625497921,Urban,0,Multichannel,0,0,0.0
0,1,3,71.07398151469623,Urban,1,Web,0,0,0.0
1,0,5,262.68816048530323,Suburban,0,Web,0,0,0.0
1,0,5,96.0741860113673,Suburban,0,Multichannel,0,0,0.0
1,0,6,791.047766166626,Rural,0,Web,0,0,0.0
0,0,1,70.35806315914596,Suburban,0,Web,0,0,0.0
0,0,4,155.0671362681391,Rural,0,Web,0,0,0.0
0,1,5,22.519464713491516,Urban,1,Phone,0,0,0.0
