customer_id,treatment,contract_value_per_month,contract_duration_months,feature_usage_count,days_since_last_login,api_calls_30d,seats_purchased,seats_active,support_tickets,csat_score,industry,company_size,integrations_enabled,onboarding_completed,churned
B2B00000,0,499,22,39,6,19,5,2,3,37.49547213707619,Other,51-200,4,1,0
B2B00001,0,499,24,22,4,15716,5,2,0,93.2270871782915,Retail,201-1000,1,1,0
B2B00002,0,199,1,30,6,54,50,21,2,82.32351008419822,Healthcare,11-50,1,1,0
B2B00003,0,99,8,31,13,332,10,5,0,93.97308556845843,Other,11-50,1,0,0
B2B00004,0,99,28,21,1,70,10,7,1,82.79043356496483,Other,11-50,3,0,0
B2B00005,0,199,9,21,9,279,5,2,1,91.17605490196794,Healthcare,51-200,3,0,0
B2B00006,0,99,1,22,5,12801,25,10,1,62.0378902039366,Other,1-10,5,1,0
B2B00007,0,499,7,26,11,1105,10,4,1,61.694378900720125,Healthcare,1-10,2,0,0
B2B00008,0,99,22,30,5,3460,10,4,4,74.70190738331674,Other,11-50,2,1,0
B2B00009,0,99,11,33,0,115,5,3,2,88.82190083422269,Retail,11-50,1,0,0
B2B00010,0,199,16,16,1,1805,5,4,3,95.80917609812984,Retail,1-10,1,1,0
B2B00011,0,99,1,30,7,474,5,2,0,70.54075692739603,Retail,51-200,2,1,0
B2B00012,0,199,3,15,3,422,10,6,2,76.5638115214226,Other,51-200,1,1,0
B2B00013,0,499,2,26,14,114,10,9,3,76.94184089720859,Retail,11-50,5,1,0
B2B00014,0,1999,7,25,7,646,5,2,1,75.72276364690626,Other,51-200,1,0,1
B2B00015,0,499,17,29,13,21,10,9,2,61.73306792359556,Finance,11-50,6,1,0
B2B00016,0,199,8,26,1,124,250,202,0,75.57512654608396,Finance,1000+,2,1,0
B2B00017,0,199,16,34,8,730,5,3,3,68.43329069637835,Retail,51-200,2,1,0
B2B00018,0,1999,15,35,2,2644,250,174,1,64.17521636209752,Healthcare,201-1000,1,1,0
B2B00019,0,199,17,21,15,665,5,2,1,85.4810888563918,Finance,11-50,1,1,0
B2B00020,1,99,12,32,20,53,10,4,4,91.09985874882958,Finance,11-50,3,0,0
B2B00021,0,499,12,13,7,66,25,13,1,80.27922712088204,Other,51-200,1,1,0
B2B00022,0,199,4,30,11,621,10,4,1,58.49927962989867,Other,1-10,2,0,0
B2B00023,0,199,1,25,5,774,100,63,0,71.57422229347357,Retail,1-10,3,1,0
B2B00024,0,1999,9,26,4,249,5,2,0,83.59895647485082,Retail,51-200,6,1,0
B2B00025,0,199,2,33,0,18,25,24,0,87.523934099224,Retail,51-200,0,1,0
B2B00026,0,999,7,26,0,2,10,7,3,89.44408553870028,Other,1-10,0,0,0
B2B00027,0,199,5,28,9,378,5,2,2,68.8205429063028,Finance,1-10,2,0,0
B2B00028,0,499,3,31,4,438,50,43,0,62.0677922107674,Technology,1-10,1,1,0
B2B00029,0,99,4,23,11,317,5,2,1,85.3251840165161,Technology,201-1000,2,1,0
B2B00030,0,499,6,26,0,23,5,4,0,79.24738019304559,Healthcare,1-10,1,0,0
B2B00031,0,499,7,22,14,264,5,2,0,84.53145672019468,Healthcare,1-10,1,1,0
B2B00032,1,99,8,23,0,1554,25,15,0,87.16671086315702,Finance,51-200,3,0,0
B2B00033,0,199,13,31,13,485,10,5,2,93.80122435723152,Other,1000+,3,1,0
B2B00034,1,99,17,27,3,1487,5,2,0,80.63707637372768,Finance,51-200,1,1,0
B2B00035,0,999,11,13,3,4,5,2,6,89.65501635656186,Other,51-200,1,0,1
B2B00036,0,199,8,31,8,13,50,42,3,51.561696462898,Other,1-10,3,0,0
B2B00037,0,99,4,31,20,152,5,2,0,79.98592288288502,Other,51-200,0,1,0
B2B00038,0,99,13,18,8,79,10,7,0,69.27234845347405,Other,11-50,2,0,0
B2B00039,0,4999,9,24,13,224,10,6,0,71.22901195090185,Technology,201-1000,1,1,0
B2B00040,0,499,12,25,6,961,10,7,1,74.56860033736697,Healthcare,11-50,1,1,0
B2B00041,1,99,3,26,1,824,10,6,2,75.65189885569097,Retail,1-10,1,1,0
B2B00042,1,199,8,23,1,394,25,17,0,69.75746001958824,Finance,201-1000,0,1,0
B2B00043,0,199,7,24,9,40,25,12,1,72.91073406450113,Technology,11-50,1,0,0
B2B00044,0,499,7,25,0,3,10,8,1,79.36099073647598,Finance,1-10,4,1,0
B2B00045,1,199,23,23,12,1194,5,2,4,85.19486432967416,Other,201-1000,2,1,0
B2B00046,0,499,5,30,16,1105,10,5,3,84.97221805243672,Finance,11-50,6,1,0
B2B00047,1,499,6,23,6,59,5,3,4,54.10621555335292,Technology,1000+,0,1,0
B2B00048,0,99,9,20,3,1247,50,34,0,72.03074821697716,Finance,11-50,3,1,0
B2B00049,0,199,16,31,43,91,250,242,1,97.93558446906871,Finance,51-200,3,0,0
B2B00050,0,99,22,16,10,9,5,3,1,76.66895025958893,Retail,1-10,3,1,0
B2B00051,0,99,19,17,0,127,5,2,2,85.57002330520184,Retail,11-50,4,0,0
B2B00052,0,99,13,27,9,237,10,8,1,50.475339396940186,Other,11-50,2,1,0
B2B00053,1,999,7,26,9,84,10,8,0,46.42761584448499,Finance,201-1000,3,1,0
B2B00054,0,199,15,30,6,50,50,35,2,60.97438306232951,Other,51-200,1,0,0
B2B00055,0,499,12,24,3,20,50,34,1,84.7766598040846,Retail,51-200,2,1,0
B2B00056,0,99,14,26,22,8,5,2,2,69.73383666943718,Healthcare,1-10,5,1,0
B2B00057,1,999,8,30,13,98,5,2,3,70.45348275461967,Technology,51-200,3,1,0
B2B00058,1,199,7,25,6,60,50,35,0,49.86582176673305,Finance,51-200,0,1,0
B2B00059,0,499,11,41,3,7,10,6,0,52.05402715640363,Finance,51-200,1,1,0
B2B00060,1,99,1,28,4,205,5,4,1,67.89216988985054,Other,201-1000,2,1,0
B2B00061,0,499,22,26,3,209,25,20,1,75.7176621558022,Healthcare,51-200,2,0,0
B2B00062,0,199,6,8,8,318,50,20,3,94.45319198638504,Healthcare,51-200,2,0,1
B2B00063,1,499,13,29,20,626,5,4,1,79.79100011520127,Finance,11-50,0,1,0
B2B00064,0,99,4,23,12,102,50,39,2,66.68844148851728,Healthcare,51-200,1,0,0
B2B00065,0,99,1,21,2,314,5,4,4,64.99827378967967,Healthcare,1000+,1,1,0
B2B00066,0,999,13,26,3,3342,5,2,3,91.10839257344674,Retail,51-200,1,1,0
B2B00067,1,99,19,24,14,168,5,2,2,74.19990974878819,Retail,1000+,2,1,0
B2B00068,0,99,22,23,20,1,5,2,0,85.26155231967878,Finance,1-10,4,1,0
B2B00069,0,99,4,30,3,23,5,2,5,91.99072498905176,Technology,1-10,2,0,0
B2B00070,0,499,9,32,4,1463,5,4,1,46.65544931459776,Retail,11-50,5,1,0
B2B00071,0,999,13,30,0,457,25,24,4,81.2988352200447,Other,1-10,2,1,0
B2B00072,0,499,6,17,10,68,25,20,0,73.83710749588359,Finance,11-50,0,0,0
B2B00073,0,199,5,33,0,55,25,16,0,85.38976114452929,Finance,201-1000,4,0,0
B2B00074,0,199,3,31,22,51,25,15,5,80.13226896005506,Retail,51-200,4,0,0
B2B00075,0,99,9,28,1,39,5,2,1,69.63738056298766,Finance,201-1000,2,0,0
B2B00076,0,199,12,16,0,248,25,23,0,71.94481281075372,Healthcare,201-1000,2,1,0
B2B00077,1,999,3,31,1,244,50,34,1,69.26733723821074,Retail,11-50,2,1,0
B2B00078,1,199,10,27,15,147,10,8,1,77.10855347973916,Retail,1000+,3,0,0
B2B00079,1,99,13,20,5,22,10,5,2,66.50826477733013,Other,51-200,5,1,0
B2B00080,0,199,5,28,15,2784,25,21,3,80.243110449959,Healthcare,11-50,0,1,0
B2B00081,1,199,8,27,1,896,25,19,2,81.65823432182148,Healthcare,1-10,0,1,0
B2B00082,1,499,10,26,8,6420,10,7,1,74.52337680859145,Healthcare,51-200,3,0,0
B2B00083,0,499,14,28,12,73,10,9,0,88.30061207022723,Technology,51-200,1,0,0
B2B00084,1,999,6,22,3,194,10,4,0,78.10210052383209,Other,51-200,4,1,0
B2B00085,0,99,10,23,12,164,10,4,3,77.30483687978497,Other,51-200,0,1,0
B2B00086,0,999,2,26,4,21,250,159,1,79.33477191749454,Finance,1000+,0,0,0
B2B00087,0,1999,4,30,5,118,25,18,2,56.75223580216675,Technology,201-1000,5,1,0
B2B00088,0,199,9,27,21,16956,10,4,3,69.36860231023515,Retail,11-50,1,1,0
B2B00089,0,499,7,25,4,179,50,21,1,54.55188422833073,Healthcare,11-50,2,1,0
B2B00090,1,199,16,28,10,6067,5,4,3,88.50593363932272,Technology,1-10,5,1,0
B2B00091,0,999,17,33,16,52,5,2,0,65.57903525598539,Healthcare,11-50,1,1,0
B2B00092,0,199,7,22,0,89,25,13,2,88.09478298188179,Finance,51-200,1,1,0
B2B00093,0,99,12,30,1,7839,50,24,0,66.50262753131287,Finance,1-10,1,0,1
B2B00094,0,499,22,15,4,177,25,16,0,88.55792045542418,Retail,51-200,3,1,0
B2B00095,1,199,9,19,2,238,10,5,0,82.9882012917855,Retail,51-200,1,1,0
B2B00096,0,999,22,23,4,1046,100,93,0,86.3963969057892,Retail,11-50,1,1,0
B2B00097,0,499,8,19,4,84,10,7,1,76.8779651669537,Healthcare,201-1000,3,1,0
B2B00098,0,1999,1,21,1,85,50,31,2,78.57749879805674,Technology,11-50,2,1,0
B2B00099,1,99,10,29,3,217,5,3,0,77.26487561936393,Technology,51-200,2,1,0
B2B00100,0,999,15,22,5,96,25,23,1,93.71595234858925,Other,1000+,4,1,0
B2B00101,0,99,9,29,5,443,10,5,1,79.43314728234034,Retail,201-1000,2,1,0
B2B00102,0,99,28,24,2,1262,25,18,4,65.44044032130346,Technology,11-50,2,1,0
B2B00103,1,99,30,17,3,8,10,9,1,84.54405020303228,Finance,1-10,3,0,0
B2B00104,0,199,16,23,0,2863,10,4,1,82.94606564765435,Other,11-50,1,1,0
B2B00105,0,99,5,26,8,283,25,20,1,74.2035447923168,Healthcare,11-50,3,0,0
B2B00106,0,1999,6,29,8,540,50,34,3,30.52659965353798,Retail,51-200,1,0,0
B2B00107,1,999,12,28,3,1248,25,22,1,95.16478780157743,Retail,51-200,3,1,0
B2B00108,0,199,4,29,2,1554,5,2,1,69.76677684701531,Other,1000+,2,1,0
B2B00109,1,99,19,25,6,1338,10,8,1,69.24627861554715,Healthcare,51-200,1,1,0
B2B00110,0,4999,23,18,4,8,10,5,0,66.96925359423335,Other,11-50,2,1,0
B2B00111,0,1999,7,24,12,70,25,21,6,89.17451503816237,Other,1000+,3,1,0
B2B00112,0,199,15,22,4,3202,5,2,3,80.25044664450141,Healthcare,11-50,2,1,0
B2B00113,0,999,2,19,1,24,5,3,2,77.66946775671181,Technology,51-200,2,1,0
B2B00114,0,499,15,35,0,592,5,4,1,61.005376514018316,Technology,51-200,1,1,0
B2B00115,0,99,4,27,1,1746,10,8,1,51.43001557011667,Technology,51-200,4,1,0
B2B00116,0,199,12,26,2,165,5,4,2,85.86128406839927,Other,1-10,2,1,0
B2B00117,0,199,11,30,2,239,5,4,0,75.26492760704498,Healthcare,1000+,1,1,0
B2B00118,1,499,14,16,1,11,10,5,1,91.60945521553141,Finance,1-10,2,1,0
B2B00119,1,99,9,17,2,17,5,2,0,89.9924681448193,Healthcare,51-200,4,1,0
B2B00120,1,99,10,18,1,383,5,3,2,94.75259499211984,Finance,1-10,2,1,0
B2B00121,0,199,6,31,2,1770,5,3,3,63.107691938983635,Finance,1-10,0,1,0
B2B00122,0,199,14,21,11,56,25,15,2,87.00316706388313,Technology,51-200,2,1,0
B2B00123,1,4999,7,27,3,4950,5,4,2,91.19224659336984,Other,11-50,1,1,0
B2B00124,1,99,6,29,6,736,100,79,1,91.23985133167758,Healthcare,1-10,5,0,0
B2B00125,0,999,23,30,18,64,10,9,0,75.7853497848987,Other,1-10,2,0,0
B2B00126,1,499,5,31,4,3117,100,84,0,85.44292125940389,Technology,11-50,1,1,0
B2B00127,0,99,6,27,20,1354,5,2,1,55.76757431568251,Technology,1000+,1,1,0
B2B00128,0,999,14,16,0,5,10,5,2,49.65651597635044,Healthcare,51-200,2,1,0
B2B00129,0,499,6,26,16,332,5,2,1,82.59568538226918,Healthcare,1-10,2,1,0
B2B00130,0,99,4,25,2,1448,25,17,0,88.53938775840952,Finance,11-50,1,0,0
B2B00131,0,499,1,23,6,18,25,24,1,69.65689068205788,Other,1000+,0,1,0
B2B00132,0,99,22,20,8,4,50,24,1,79.81814839394474,Other,1000+,3,1,0
B2B00133,0,499,28,17,0,78,100,63,1,92.43156681786803,Healthcare,11-50,4,1,0
B2B00134,0,499,14,22,1,0,10,7,1,87.75960794640793,Finance,11-50,1,1,0
B2B00135,0,1999,9,21,1,1558,5,3,1,34.95096587669113,Finance,11-50,3,0,0
B2B00136,0,199,3,20,15,257,5,3,3,80.13748161154038,Retail,51-200,0,1,0
B2B00137,0,199,12,17,11,20,250,174,1,93.62586169389544,Retail,1-10,1,1,0
B2B00138,0,499,8,29,4,603,5,4,0,56.59673837479059,Finance,51-200,1,1,0
B2B00139,0,199,14,21,2,57,250,136,2,79.72390494652359,Other,51-200,5,1,0
B2B00140,1,99,16,20,1,1012,5,4,1,80.77858667652579,Other,11-50,1,1,0
B2B00141,0,999,6,25,5,26,50,43,0,56.86190983210779,Technology,1000+,1,1,0
B2B00142,1,199,4,14,2,897,25,24,0,73.74852619510366,Technology,11-50,4,1,0
B2B00143,1,99,9,18,0,1291,10,6,1,87.49455382161582,Healthcare,11-50,1,1,0
B2B00144,1,499,25,26,8,29,5,3,5,93.03658689409832,Other,1-10,4,1,0
B2B00145,0,199,21,25,8,1653,25,20,6,71.39797969132222,Healthcare,51-200,1,1,0
B2B00146,0,4999,17,26,2,16,5,4,0,74.00358597103538,Other,51-200,2,0,0
B2B00147,1,499,19,25,3,39,25,11,0,78.09486507079075,Finance,51-200,3,1,0
B2B00148,1,499,13,23,9,357,5,3,3,76.01374327863597,Healthcare,201-1000,1,0,0
B2B00149,0,99,25,21,9,33,25,12,3,92.23434306333318,Healthcare,51-200,3,1,0
B2B00150,0,499,10,27,8,777,5,3,2,86.03786924119355,Technology,51-200,2,1,0
B2B00151,0,199,14,25,4,47,5,4,0,95.51563092812488,Finance,201-1000,2,0,1
B2B00152,0,4999,9,18,0,2315,5,4,0,84.69860637353972,Other,11-50,1,1,0
B2B00153,0,99,3,30,4,850,250,162,4,64.78160898322227,Technology,1-10,3,1,0
B2B00154,0,499,15,18,3,285,5,4,1,78.99661404617353,Finance,11-50,2,1,0
B2B00155,0,199,6,25,1,1087,25,23,1,62.37370498549918,Healthcare,51-200,1,1,0
B2B00156,1,199,10,22,0,958,10,6,3,95.11004766159076,Retail,1000+,1,1,0
B2B00157,0,999,13,25,1,102,10,5,0,81.40012727616862,Finance,1-10,3,0,0
B2B00158,0,999,6,29,12,2222,5,3,0,50.4941740986826,Retail,11-50,2,0,0
B2B00159,0,1999,23,27,0,6,10,7,1,74.0770699276693,Other,51-200,3,1,0
B2B00160,0,1999,2,26,4,18,25,13,0,90.48511678150885,Retail,1-10,3,1,0
B2B00161,0,199,2,23,0,2581,5,2,1,94.72464532266032,Finance,1-10,4,1,0
B2B00162,0,999,18,30,11,776,5,2,0,92.3003743156376,Technology,51-200,1,1,0
B2B00163,0,99,9,30,2,14,5,2,0,95.34984496508392,Technology,51-200,2,1,0
B2B00164,0,199,14,33,2,5,25,10,5,75.4461482466364,Retail,51-200,0,1,0
B2B00165,0,199,15,24,0,184,50,30,0,58.987631298266784,Other,51-200,2,1,0
B2B00166,0,199,2,21,20,242,5,4,0,65.10661662662949,Healthcare,51-200,3,1,0
B2B00167,0,999,12,27,2,54,25,24,2,84.72243568810508,Retail,201-1000,1,0,0
B2B00168,0,999,4,28,19,4686,5,4,0,77.61644037724858,Other,11-50,1,1,0
B2B00169,0,499,31,19,6,3880,25,16,5,85.74369682499393,Healthcare,51-200,4,1,0
B2B00170,0,99,7,18,0,11,10,8,5,68.77418637706629,Healthcare,11-50,7,1,0
B2B00171,0,99,7,37,1,226,50,22,5,67.29968316112881,Healthcare,1-10,4,0,0
B2B00172,0,999,5,18,7,50,10,9,1,62.97458471150325,Finance,51-200,1,1,0
B2B00173,1,999,6,16,4,95,10,5,0,75.12472069971156,Retail,51-200,3,1,0
B2B00174,0,99,3,20,3,161,5,3,0,63.0996084256222,Technology,51-200,3,1,0
B2B00175,0,199,12,19,5,153,5,3,1,90.7589355169205,Healthcare,51-200,1,1,0
B2B00176,0,4999,12,31,0,439,5,2,1,86.36042574176994,Finance,11-50,0,1,1
B2B00177,0,1999,10,23,0,22,10,6,0,74.99580763102585,Other,201-1000,1,1,0
B2B00178,1,99,28,34,3,233,5,4,5,97.89806950195063,Technology,51-200,7,0,0
B2B00179,0,999,14,22,8,38,25,22,0,73.76554443316039,Other,1-10,2,1,0
B2B00180,1,499,3,28,3,56,5,2,0,73.19885254524647,Healthcare,11-50,0,1,0
B2B00181,0,499,13,19,15,2188,5,4,1,89.86022305991938,Healthcare,1000+,4,1,0
B2B00182,0,99,8,27,1,30,10,6,3,67.00129292508552,Technology,51-200,2,1,0
B2B00183,0,99,31,25,6,94,25,19,3,73.10992740837573,Finance,51-200,5,1,0
B2B00184,0,499,10,17,1,956,10,8,0,86.75624942928228,Finance,201-1000,3,0,0
B2B00185,0,99,4,30,15,0,10,6,0,57.24014844005269,Healthcare,51-200,4,1,0
B2B00186,0,499,23,34,15,1345,5,3,0,71.34772359719877,Finance,51-200,2,1,0
B2B00187,0,499,17,26,6,4171,10,6,3,81.36506475119306,Technology,11-50,4,1,0
B2B00188,0,199,3,29,30,72,5,2,3,90.97202153933128,Technology,11-50,0,0,0
B2B00189,1,99,5,21,11,123,250,148,0,98.65130175996399,Technology,51-200,4,1,0
B2B00190,0,99,1,22,3,167,5,4,3,86.63019004628622,Retail,1-10,2,1,0
B2B00191,0,199,12,25,0,89,5,2,2,94.28171671365827,Finance,11-50,3,1,1
B2B00192,0,499,12,17,1,13911,50,48,0,64.76978501084902,Finance,51-200,1,1,0
B2B00193,0,99,8,22,9,11,25,13,1,78.70397859549199,Healthcare,11-50,1,1,0
B2B00194,0,499,8,30,1,19,25,23,2,82.70070649625598,Finance,11-50,3,1,0
B2B00195,0,99,20,30,0,13210,25,13,3,80.29308027446693,Other,201-1000,3,1,0
B2B00196,0,199,11,28,13,5636,50,36,0,88.46020829315326,Technology,201-1000,3,1,0
B2B00197,1,1999,13,28,15,9,10,4,1,88.87798446297583,Retail,1-10,3,1,0
B2B00198,0,199,11,27,6,1141,10,4,0,83.84660198152153,Finance,11-50,2,1,0
B2B00199,1,99,14,23,5,7,5,3,0,71.23117047110931,Finance,1-10,3,1,0
B2B00200,0,1999,1,28,3,36,10,5,3,69.35051016027212,Healthcare,1-10,2,0,0
B2B00201,0,199,29,26,5,194,5,2,0,40.26311651711243,Retail,51-200,3,1,0
B2B00202,1,499,12,24,7,121,5,2,0,67.83402536746176,Finance,1-10,1,0,0
B2B00203,0,199,21,27,10,611,5,3,1,74.01841284429628,Healthcare,11-50,3,0,0
B2B00204,1,499,19,28,1,39,25,15,3,73.28192726652564,Healthcare,201-1000,3,1,0
B2B00205,0,999,4,20,7,251,5,3,0,87.59458853786903,Technology,1-10,3,1,0
B2B00206,0,99,12,23,3,111,5,3,0,76.76694227029604,Retail,1000+,4,1,0
B2B00207,0,199,9,15,2,25,5,4,2,69.36148102378465,Finance,11-50,0,0,0
B2B00208,0,99,14,22,5,1,5,4,2,79.51404683292311,Other,11-50,4,1,0
B2B00209,0,199,50,24,3,105,5,3,0,84.14100777334166,Finance,1-10,2,1,0
B2B00210,0,99,11,27,9,561,100,70,0,69.59633484235816,Other,1000+,1,0,0
B2B00211,0,4999,2,15,2,5246,50,38,0,74.97170323742195,Other,201-1000,3,1,0
B2B00212,0,499,12,26,9,503,50,24,0,92.31552210615041,Other,201-1000,1,0,1
B2B00213,0,99,4,19,2,123,10,4,6,48.757515695876876,Retail,51-200,0,1,0
B2B00214,1,499,12,30,4,148,5,3,3,83.3432536339624,Technology,11-50,1,1,0
B2B00215,0,499,3,21,6,44,5,2,0,77.30087769649376,Other,11-50,3,1,0
B2B00216,0,99,35,23,3,42,5,2,1,89.77877190638817,Other,11-50,1,1,0
B2B00217,1,199,8,24,1,196,5,4,6,81.03584506598042,Healthcare,201-1000,2,0,0
B2B00218,0,999,25,34,7,284,25,13,0,83.4498523547498,Retail,51-200,0,1,0
B2B00219,0,199,25,27,8,13,25,16,4,82.76174822916865,Healthcare,201-1000,2,1,0
B2B00220,0,499,9,28,19,161,5,4,1,64.95571440996164,Retail,11-50,4,0,0
B2B00221,0,199,10,32,39,127,10,6,2,66.50813779523695,Finance,1-10,0,1,0
B2B00222,0,99,7,27,9,194,25,20,1,92.66339426481942,Healthcare,51-200,1,1,0
B2B00223,0,199,46,13,6,1426,25,19,1,52.952021645839274,Other,1000+,4,0,0
B2B00224,0,499,7,28,12,51,10,4,1,58.18249584246057,Healthcare,51-200,0,1,0
B2B00225,0,1999,22,29,27,308,25,19,0,73.7933222735276,Finance,11-50,0,1,0
B2B00226,0,999,13,22,5,182,5,3,3,61.85780816435958,Finance,1-10,1,1,0
B2B00227,1,99,10,19,4,324,50,31,1,70.68866012780919,Technology,201-1000,3,0,0
B2B00228,1,99,3,28,2,3189,50,43,0,52.770579961676766,Other,201-1000,3,0,0
B2B00229,0,99,9,28,7,99,5,2,0,85.43083481786688,Technology,11-50,3,1,0
B2B00230,0,499,12,17,20,16,5,2,0,73.72996474990242,Technology,201-1000,1,0,0
B2B00231,0,199,7,18,0,67,5,3,3,97.24390707134174,Healthcare,11-50,3,0,0
B2B00232,0,99,12,32,7,140,25,24,0,91.43698591761938,Healthcare,1000+,0,1,0
B2B00233,1,499,2,15,2,1510,5,3,1,76.26386906294273,Other,1-10,5,1,0
B2B00234,0,99,21,19,8,304,5,2,0,87.00051579276781,Technology,51-200,2,1,0
B2B00235,1,499,4,29,6,171,25,11,1,90.54934302150673,Retail,201-1000,3,1,0
B2B00236,1,499,8,32,1,19,10,4,0,94.91301241750323,Other,1-10,2,0,0
B2B00237,0,99,20,22,4,2490,25,18,0,47.51912791721846,Retail,51-200,1,1,0
B2B00238,1,99,1,16,4,15,5,3,2,65.10007005623541,Finance,51-200,2,1,0
B2B00239,1,199,19,21,0,1332,100,85,3,91.06314060368443,Other,1000+,6,1,0
B2B00240,0,99,10,22,15,809,5,2,1,74.92644006166064,Finance,201-1000,0,0,0
B2B00241,0,1999,12,30,8,7,5,4,6,67.26402503024984,Finance,1-10,1,1,0
B2B00242,0,999,9,28,0,7,10,6,0,73.90161614720584,Other,201-1000,2,1,0
B2B00243,0,999,7,28,10,3,5,4,3,50.17324488098568,Finance,11-50,0,1,0
B2B00244,0,99,11,27,2,23,5,3,3,76.55220452251041,Retail,1-10,3,0,0
B2B00245,0,499,9,22,0,872,10,6,4,88.45278125031261,Other,201-1000,1,1,0
B2B00246,1,4999,2,28,9,115,5,3,1,68.78273012031083,Healthcare,51-200,2,1,0
B2B00247,0,1999,9,27,4,22,5,3,3,74.14815874311907,Retail,1-10,1,1,0
B2B00248,0,999,1,25,7,14,25,22,1,85.77868699219991,Technology,201-1000,1,0,0
B2B00249,0,499,17,20,2,20,50,35,3,64.43758094750139,Technology,11-50,1,1,0
B2B00250,0,999,6,20,16,355,5,2,1,75.1186406440045,Healthcare,51-200,0,1,0
B2B00251,0,99,18,26,3,1307,50,38,3,65.32192607600301,Retail,11-50,0,1,0
B2B00252,0,999,23,26,13,285,250,122,4,71.61169580494654,Healthcare,1000+,3,1,0
B2B00253,0,499,2,21,4,308,5,2,1,66.86553070530462,Healthcare,11-50,3,1,0
B2B00254,0,99,17,22,8,238,5,4,0,93.04007814337658,Other,11-50,3,1,0
B2B00255,0,199,20,27,7,504,5,4,2,95.60878972966435,Healthcare,201-1000,3,1,0
B2B00256,0,1999,1,26,11,13,10,5,1,63.056428112397356,Retail,51-200,0,1,0
B2B00257,0,199,14,27,0,30,5,3,1,74.69155997036329,Retail,11-50,3,1,0
B2B00258,0,999,8,25,4,269,5,4,3,89.76510648695688,Healthcare,11-50,2,1,0
B2B00259,0,199,9,19,0,13,50,25,1,58.81071496366346,Technology,51-200,2,0,0
B2B00260,0,499,12,24,22,53,5,2,1,84.09228004752856,Retail,11-50,1,0,0
B2B00261,1,4999,4,30,0,301,5,4,3,92.39433520779839,Technology,51-200,2,1,0
B2B00262,0,99,1,23,13,443,5,4,1,74.31185192898346,Finance,11-50,3,1,0
B2B00263,0,199,11,29,0,275,5,3,4,85.89664892789938,Finance,201-1000,2,1,1
B2B00264,1,99,3,25,11,84,100,49,0,61.53850268654014,Technology,201-1000,0,1,0
B2B00265,0,99,10,28,19,18,5,3,3,77.27435181370511,Retail,201-1000,4,1,0
B2B00266,0,499,14,27,6,6,25,12,0,87.86326715479107,Other,201-1000,6,1,0
B2B00267,0,99,18,25,25,31,25,23,1,93.59356039313394,Finance,201-1000,0,1,0
B2B00268,0,99,11,19,2,122,100,88,3,82.49950710867293,Retail,201-1000,0,1,0
B2B00269,0,99,16,30,3,147,5,4,0,89.17407957438515,Retail,1-10,0,1,0
B2B00270,0,99,3,29,4,11,50,43,1,72.39654357385938,Retail,11-50,3,0,0
B2B00271,0,199,3,22,3,1082,5,4,1,86.57594577363218,Technology,11-50,0,1,0
B2B00272,0,99,5,27,8,401,10,6,1,88.68602188101441,Finance,11-50,1,1,0
B2B00273,0,499,37,22,11,1222,5,3,5,91.7251888742372,Retail,11-50,1,1,0
B2B00274,0,4999,3,26,1,3,50,33,0,69.55768195396071,Technology,1-10,0,1,0
B2B00275,0,1999,7,26,14,1744,5,4,4,59.07723886043457,Healthcare,1000+,1,1,0
B2B00276,0,499,8,31,5,4086,10,4,2,91.10313013269136,Technology,1-10,1,1,0
B2B00277,0,199,13,26,27,6,50,45,1,86.18795227292141,Healthcare,51-200,2,1,0
B2B00278,0,999,13,25,5,83,5,2,5,57.04755437064709,Other,201-1000,1,0,1
B2B00279,0,1999,6,19,13,1524,5,2,1,68.80027010913061,Healthcare,11-50,2,1,0
B2B00280,0,199,11,20,7,17,10,4,1,53.61972989317216,Other,201-1000,1,1,0
B2B00281,0,199,5,24,4,7,10,8,0,78.06828430495588,Retail,11-50,1,1,0
B2B00282,0,199,11,30,2,53,5,2,0,80.10154529590167,Healthcare,11-50,3,0,0
B2B00283,0,99,6,31,12,194,25,16,2,81.2097728589341,Technology,201-1000,2,0,0
B2B00284,0,199,4,33,5,459,10,8,1,87.98050365560215,Healthcare,1-10,4,1,0
B2B00285,0,499,5,28,2,152,5,4,3,93.8646566541594,Healthcare,51-200,2,1,0
B2B00286,0,199,10,20,2,78244,5,2,5,80.11304881112477,Healthcare,51-200,1,1,0
B2B00287,0,4999,10,26,8,1746,25,18,4,44.75618037874659,Technology,1-10,1,0,0
B2B00288,0,199,29,23,2,267,10,8,0,60.59107643382254,Retail,11-50,2,1,0
B2B00289,0,499,18,20,0,6072,100,91,3,76.25958567299968,Other,1-10,4,0,0
B2B00290,0,99,25,29,4,435,5,2,3,43.187145787325655,Healthcare,201-1000,1,1,0
B2B00291,0,199,7,25,1,19,5,3,3,66.62243282383244,Healthcare,51-200,2,1,0
B2B00292,0,99,13,24,46,866,5,3,4,86.80057212652152,Retail,11-50,2,0,0
B2B00293,1,199,4,24,10,73,25,16,2,79.2535767333236,Healthcare,1-10,1,1,0
B2B00294,0,199,9,13,12,1350,5,2,1,90.42108653922267,Finance,201-1000,2,1,0
B2B00295,0,99,7,22,10,7656,250,117,2,87.31934607498894,Finance,51-200,2,1,0
B2B00296,0,199,24,28,16,21,25,24,2,81.11217441761562,Retail,1000+,4,1,0
B2B00297,0,199,18,26,12,190,5,4,3,94.49563906084602,Retail,11-50,1,0,0
B2B00298,0,99,4,23,2,118,10,8,0,85.0666960897349,Technology,1000+,3,1,0
B2B00299,0,99,1,33,1,10,50,42,2,82.63620872259419,Retail,1-10,5,0,0
B2B00300,0,4999,11,25,2,56,10,4,3,67.83138754054569,Healthcare,201-1000,2,1,0
B2B00301,0,199,4,23,10,7,10,8,4,94.29581597881652,Other,1000+,1,1,0
B2B00302,1,99,7,28,4,3362,5,2,0,90.86060863263215,Finance,1-10,1,1,0
B2B00303,0,999,19,23,4,146,10,5,1,82.18337037461238,Finance,11-50,2,1,0
B2B00304,0,199,10,14,1,111,10,8,4,79.85981713587822,Healthcare,201-1000,1,1,0
B2B00305,1,99,3,35,4,138,10,9,0,74.25737308488861,Technology,51-200,4,1,0
B2B00306,1,199,13,32,2,106,100,88,2,72.66252420635786,Finance,1-10,1,1,0
B2B00307,0,499,11,15,10,37,5,3,6,82.96413093840775,Finance,1-10,4,1,0
B2B00308,0,499,35,25,0,202,10,7,2,85.87706231590703,Finance,51-200,2,0,0
B2B00309,0,199,8,35,25,950,10,6,1,80.85749273951713,Technology,201-1000,1,1,0
B2B00310,0,99,4,21,24,209,25,11,0,67.98431340723289,Technology,1-10,3,0,0
B2B00311,0,199,23,17,10,140,5,2,0,88.66163601334688,Retail,11-50,0,0,0
B2B00312,0,999,3,23,0,5,5,4,0,72.15348643416716,Technology,1-10,2,1,0
B2B00313,1,999,9,24,18,61,10,4,2,87.34468380263274,Healthcare,1-10,3,1,0
B2B00314,0,1999,6,30,5,104,10,4,0,83.34618980783473,Other,1-10,0,1,0
B2B00315,0,199,11,24,3,41,10,7,0,70.52662297465311,Other,11-50,1,1,0
B2B00316,0,999,16,24,0,2,5,3,4,75.97241094991708,Other,11-50,0,1,0
B2B00317,0,4999,6,29,25,154,10,7,1,85.16377968384239,Finance,11-50,2,1,0
B2B00318,0,99,5,25,1,396,100,72,0,84.4739740472699,Finance,1-10,3,1,1
B2B00319,0,499,10,28,10,480,5,2,1,81.85727824899193,Retail,1-10,3,1,0
B2B00320,0,499,12,24,4,10,100,66,4,84.82723841304288,Other,51-200,0,1,0
B2B00321,0,99,20,27,1,3059,10,6,2,77.4961847342142,Retail,11-50,0,1,0
B2B00322,0,499,12,21,4,76,5,2,2,88.58681136502139,Other,1-10,3,1,0
B2B00323,0,499,3,29,2,109,5,2,0,59.729537136210254,Finance,1000+,4,0,0
B2B00324,0,99,9,28,33,1495,100,54,3,63.19548037873643,Technology,51-200,2,0,0
B2B00325,0,499,9,21,7,148,5,2,0,39.62961156315841,Retail,1-10,2,0,0
B2B00326,0,99,31,23,0,3834,5,2,1,39.670425677358516,Retail,11-50,3,0,0
B2B00327,1,99,18,25,12,336,5,2,3,79.47659278610922,Finance,11-50,0,0,0
B2B00328,0,199,5,19,0,25,5,3,1,84.10300014738675,Finance,201-1000,2,1,0
B2B00329,0,199,12,19,1,85,25,24,1,88.10299888662905,Other,11-50,3,1,0
B2B00330,0,199,43,32,33,9,10,8,2,92.22944121135541,Retail,1-10,2,0,0
B2B00331,1,199,19,30,11,24,100,61,0,79.60128233515744,Other,201-1000,4,1,0
B2B00332,1,999,7,33,1,4041,50,36,0,63.54621613393901,Finance,11-50,2,0,0
B2B00333,0,1999,11,29,0,222,25,12,3,76.25766916796982,Retail,201-1000,1,1,0
B2B00334,0,99,12,35,4,66,5,4,0,95.56443555657219,Retail,51-200,3,1,0
B2B00335,0,99,25,16,2,730,25,15,3,68.93053005128962,Retail,201-1000,2,0,0
B2B00336,0,199,12,19,1,11,5,3,4,94.53670223941589,Finance,11-50,1,1,0
B2B00337,0,99,6,26,1,747,10,5,2,81.4639710171442,Healthcare,51-200,0,0,0
B2B00338,0,999,11,31,3,102,5,3,1,77.85791086085102,Healthcare,51-200,1,1,0
B2B00339,1,199,23,18,0,250,25,20,4,72.14118040971145,Finance,1000+,2,1,0
B2B00340,0,99,33,30,2,12,5,4,0,42.75533129374052,Other,51-200,2,0,0
B2B00341,0,1999,14,18,8,82,50,48,1,88.20974216341482,Healthcare,11-50,2,1,0
B2B00342,0,199,6,26,2,1846,10,8,0,85.48133581692689,Technology,51-200,4,0,0
B2B00343,0,99,14,28,5,291,25,16,2,72.2147733964273,Technology,11-50,0,1,0
B2B00344,1,99,5,22,5,5,50,20,1,64.90913593363143,Finance,1-10,0,1,0
B2B00345,1,499,23,34,23,29,5,2,3,83.2603807596051,Technology,1000+,2,1,0
B2B00346,0,99,17,17,5,71,5,3,1,74.17488446577511,Healthcare,51-200,1,1,0
B2B00347,0,999,9,23,8,20,100,62,1,36.41611647133618,Other,1-10,4,1,0
B2B00348,0,499,16,20,1,61055,5,4,0,74.01441320153208,Healthcare,51-200,1,1,0
B2B00349,0,99,2,15,10,93,5,3,3,60.81672733826643,Finance,201-1000,1,1,0
B2B00350,0,99,13,29,2,86,5,4,1,79.39455740561323,Other,51-200,0,1,0
B2B00351,0,99,5,29,9,197,50,40,2,84.54389716011602,Finance,11-50,2,1,0
B2B00352,0,4999,22,23,1,53,25,19,2,86.23859517209307,Finance,11-50,2,1,0
B2B00353,0,99,13,26,6,1189,25,12,1,66.96403170344772,Finance,11-50,3,0,0
B2B00354,1,199,9,24,2,94,10,6,6,85.72121050001653,Other,11-50,1,1,0
B2B00355,0,499,7,33,5,88,25,17,0,73.9490489970737,Finance,1000+,2,1,0
B2B00356,0,499,8,19,3,16,25,11,1,77.68616890980489,Technology,1-10,3,0,0
B2B00357,0,199,8,27,6,1041,5,3,1,59.79912323017199,Finance,1-10,0,0,0
B2B00358,0,99,12,23,3,5885,5,3,0,84.98375310808646,Retail,51-200,0,1,0
B2B00359,0,99,2,26,0,19,25,19,0,62.47046359685942,Retail,11-50,2,1,0
B2B00360,0,4999,23,24,9,7,25,14,2,89.80014178466371,Technology,51-200,3,0,0
B2B00361,1,199,45,28,2,63,5,2,1,90.73044739783647,Healthcare,11-50,3,0,0
B2B00362,1,1999,10,25,9,4,250,137,1,63.97708439700733,Other,51-200,2,1,0
B2B00363,1,499,30,29,2,414,25,11,2,97.00427899279393,Technology,51-200,1,0,0
B2B00364,1,199,8,17,2,43,50,25,3,82.48722331503232,Technology,11-50,2,1,0
B2B00365,0,199,9,33,6,72,25,24,2,79.02286169377096,Finance,1000+,3,1,0
B2B00366,0,99,5,24,1,19,25,24,3,94.58035457383274,Retail,11-50,2,1,0
B2B00367,0,199,1,27,7,814,10,6,0,61.876594739856664,Finance,11-50,2,1,0
B2B00368,1,499,4,22,8,632,25,15,0,64.61314886759885,Retail,11-50,1,1,0
B2B00369,0,499,3,28,0,59,5,2,2,57.23921451762216,Healthcare,1-10,2,1,0
B2B00370,0,1999,3,25,3,413,5,2,0,65.31902455503817,Finance,1-10,5,0,0
B2B00371,1,499,26,20,6,119,5,4,2,87.43311204358679,Finance,51-200,3,0,0
B2B00372,0,1999,21,23,5,43,10,5,2,78.54796375536242,Retail,201-1000,1,1,0
B2B00373,0,1999,7,25,8,13,5,3,0,88.98210782889946,Healthcare,1000+,2,1,0
B2B00374,0,199,19,32,7,3004,10,4,1,41.42326563566992,Technology,51-200,2,1,0
B2B00375,0,99,11,28,10,2198,100,86,3,82.7303318398398,Finance,11-50,2,1,0
B2B00376,0,199,15,19,7,40,5,2,1,71.50765477511541,Other,11-50,2,1,0
B2B00377,0,1999,5,19,14,32,5,2,1,55.953727988266564,Retail,11-50,2,0,0
B2B00378,1,199,16,27,4,304,25,13,0,81.61213312496692,Finance,51-200,5,0,0
B2B00379,0,199,6,23,2,584,5,4,3,65.62167331343396,Other,11-50,5,1,0
B2B00380,0,499,11,21,6,27,10,6,2,85.0041138166432,Finance,11-50,0,0,0
B2B00381,1,99,8,28,2,42,100,73,0,35.85439770004148,Technology,201-1000,0,1,0
B2B00382,0,999,11,27,1,26,5,2,0,48.92951417018353,Other,11-50,2,1,0
B2B00383,0,499,3,17,9,954,10,6,1,96.04625876310834,Retail,11-50,1,1,0
B2B00384,1,4999,12,28,4,179,100,83,5,65.21559598481672,Other,11-50,2,0,0
B2B00385,0,99,5,25,1,190,10,5,2,89.64547924779235,Finance,201-1000,3,1,0
B2B00386,0,199,17,12,8,3374,50,25,1,77.22561055072025,Other,11-50,0,0,0
B2B00387,0,4999,9,31,31,201,25,14,1,71.35361567001442,Finance,1-10,1,1,0
B2B00388,0,499,21,30,1,17,10,9,0,81.71591877927087,Other,1000+,3,1,0
B2B00389,1,499,40,23,0,26,10,4,1,59.69851634583729,Technology,51-200,1,1,0
B2B00390,1,199,11,25,3,708,10,4,4,70.99651096928287,Other,201-1000,4,1,0
B2B00391,0,99,28,37,5,20,5,4,0,92.63556829186724,Finance,11-50,0,1,0
B2B00392,0,199,16,19,0,679,5,2,0,99.28051285460836,Technology,11-50,1,1,0
B2B00393,1,1999,29,31,3,145,50,39,3,78.1877240919508,Finance,1000+,3,1,0
B2B00394,0,199,6,28,11,59,5,3,2,79.9639335230997,Finance,11-50,2,0,0
B2B00395,0,99,9,30,7,5,100,91,0,55.44064200930377,Retail,1000+,3,1,0
B2B00396,0,499,8,19,2,185,250,111,0,78.3948191074213,Retail,11-50,2,0,0
B2B00397,0,99,7,19,7,425,5,2,2,66.13018570369078,Healthcare,51-200,0,0,0
B2B00398,0,99,10,21,2,50,10,4,1,91.33037995737115,Healthcare,51-200,2,1,0
B2B00399,0,99,12,35,18,57,10,5,1,84.17633979915404,Healthcare,11-50,5,0,0
B2B00400,0,499,11,20,2,3186,25,21,0,98.80489427341747,Retail,1-10,2,1,0
B2B00401,0,499,15,25,14,2,10,7,0,51.45363638419022,Healthcare,1000+,0,1,0
B2B00402,0,999,18,23,10,863,5,4,2,57.876722463432415,Retail,11-50,2,1,0
B2B00403,0,99,17,29,8,128,5,2,2,85.7111040314499,Other,51-200,1,1,0
B2B00404,0,199,2,26,11,2,25,23,4,77.37575697690994,Other,11-50,1,0,0
B2B00405,0,199,22,29,5,144,5,2,1,78.62238300613656,Retail,51-200,2,1,0
B2B00406,0,199,13,25,8,401,5,4,0,76.76818806520399,Healthcare,1-10,2,1,0
B2B00407,1,199,26,22,1,352,10,9,0,60.55184173204101,Healthcare,51-200,2,1,0
B2B00408,0,4999,17,24,1,8092,5,2,1,75.283099106504,Healthcare,11-50,2,1,0
B2B00409,0,199,13,29,3,2267,25,11,0,59.347356031336176,Technology,1000+,0,1,0
B2B00410,1,499,6,21,10,537,5,3,5,84.77759083364293,Healthcare,51-200,1,1,0
B2B00411,0,4999,12,32,22,174,25,23,4,93.21626927091164,Finance,11-50,3,0,0
B2B00412,0,199,3,27,4,47,5,2,1,67.39316419050498,Healthcare,1000+,2,1,0
B2B00413,0,99,2,22,5,317,5,2,0,65.03810800866412,Healthcare,11-50,4,1,0
B2B00414,1,4999,12,28,23,66,5,2,4,70.11779958945479,Finance,1-10,4,1,0
B2B00415,0,99,8,20,14,67,10,4,4,88.06398346544209,Technology,1-10,1,1,0
B2B00416,0,99,2,23,8,130,25,15,2,74.7284670113269,Other,1-10,3,1,0
B2B00417,0,999,8,25,0,9,10,9,2,67.80093064545511,Technology,1000+,5,1,0
B2B00418,0,199,12,37,22,46,25,24,2,63.610689329448,Retail,201-1000,1,0,0
B2B00419,0,199,8,30,2,1900,100,72,0,74.05086856587837,Healthcare,51-200,3,1,0
B2B00420,0,999,12,26,3,223,5,2,2,75.67505512453357,Healthcare,51-200,0,1,0
B2B00421,0,499,17,17,14,19,10,9,5,39.374231588597475,Finance,1000+,3,1,0
B2B00422,0,999,5,35,0,89,10,9,2,92.64382282868237,Other,1-10,2,1,0
B2B00423,0,999,12,28,5,2704,5,2,1,66.31388705650193,Retail,11-50,3,1,0
B2B00424,1,99,9,26,15,220,10,7,1,82.72348190057889,Retail,201-1000,1,1,0
B2B00425,0,499,5,27,11,78,5,3,1,84.95361082933545,Healthcare,201-1000,2,1,0
B2B00426,0,99,24,20,2,959,5,2,2,82.03166073839401,Technology,201-1000,2,1,0
B2B00427,0,1999,5,26,15,692,5,3,2,92.90938577105231,Healthcare,1000+,1,1,0
B2B00428,0,99,3,30,11,215,10,4,0,84.76110332326066,Other,201-1000,3,1,0
B2B00429,0,499,12,20,1,185,25,18,1,57.409408488810165,Technology,51-200,0,1,0
B2B00430,0,499,1,25,7,79,50,44,2,85.03858861424608,Healthcare,1-10,1,1,0
B2B00431,1,99,21,22,2,144,5,2,1,66.36983690289682,Healthcare,51-200,3,1,0
B2B00432,0,499,21,20,1,166,5,3,6,83.79508748031377,Retail,11-50,1,1,0
B2B00433,0,99,5,23,45,463,25,15,1,66.6617017579864,Finance,51-200,0,1,0
B2B00434,1,99,2,30,15,144,250,200,2,88.40194101930197,Healthcare,11-50,2,1,0
B2B00435,0,199,1,21,10,66,25,20,0,86.12249426907049,Finance,51-200,2,0,0
B2B00436,0,199,7,20,0,187,5,3,2,77.56045289126537,Other,201-1000,1,1,0
B2B00437,1,999,9,24,17,1455,5,2,1,83.17040739407784,Finance,1-10,3,1,0
B2B00438,1,199,5,20,21,117,5,3,5,88.31075520944441,Finance,201-1000,3,1,0
B2B00439,0,199,9,23,10,13,25,14,0,83.68588090670843,Healthcare,1000+,1,0,0
B2B00440,0,99,19,24,11,5177,100,88,3,77.16160861443429,Finance,51-200,1,1,0
B2B00441,0,99,15,27,1,56,25,24,3,82.98936510641204,Retail,1000+,1,1,0
B2B00442,0,99,16,17,6,1608,5,3,3,71.40916551766598,Finance,1000+,3,1,0
B2B00443,0,99,5,26,4,8,5,4,1,90.44076089811036,Retail,1-10,3,1,0
B2B00444,0,99,5,30,10,77,10,6,1,85.49421901933067,Other,1000+,1,1,0
B2B00445,0,99,6,29,2,136,25,19,4,81.50381542101493,Technology,51-200,3,1,0
B2B00446,0,499,2,31,1,206,5,2,3,90.47897315636227,Finance,1-10,1,1,0
B2B00447,0,99,31,27,1,227,5,4,3,67.29467742600346,Technology,11-50,2,0,0
B2B00448,0,999,6,23,11,113,5,4,0,77.73718121267214,Retail,1000+,2,1,0
B2B00449,0,999,13,21,2,47,5,3,6,56.147560515694614,Healthcare,11-50,2,0,0
B2B00450,0,499,18,23,1,26,5,4,0,82.61646272265024,Technology,1-10,1,1,0
B2B00451,0,499,10,21,8,1176,25,16,0,75.28181503473205,Healthcare,11-50,1,1,0
B2B00452,1,199,12,24,6,41,10,5,4,91.27531478862382,Finance,1-10,3,1,0
B2B00453,0,99,5,27,3,832,50,24,5,63.04616462883308,Other,1-10,3,1,0
B2B00454,0,499,5,30,0,983,5,4,4,77.02974829722916,Healthcare,11-50,1,1,0
B2B00455,0,999,13,21,0,172,10,8,0,88.34076602823883,Healthcare,1-10,0,0,0
B2B00456,0,199,8,22,9,87,10,9,2,68.00671446031889,Retail,11-50,2,1,0
B2B00457,0,99,14,24,2,14,5,2,0,80.79661303228076,Other,11-50,3,1,0
B2B00458,1,199,6,18,7,182,5,2,1,64.40289822846991,Retail,51-200,2,0,0
B2B00459,0,499,22,22,0,336,5,3,0,64.16287469945675,Retail,1-10,0,0,0
B2B00460,0,99,13,25,13,117,10,9,0,72.88142855595868,Technology,1000+,0,1,0
B2B00461,0,99,13,28,2,44,5,4,0,76.79235023722613,Finance,11-50,0,1,0
B2B00462,0,99,3,28,9,91,5,2,6,95.52392674418681,Technology,1-10,4,1,0
B2B00463,0,499,14,18,10,4067,100,80,1,94.60464667998862,Other,51-200,2,1,0
B2B00464,0,199,25,27,1,6,5,3,2,71.56795450059923,Finance,51-200,4,1,0
B2B00465,1,99,46,26,1,115,10,6,1,80.20835248929994,Healthcare,1-10,1,1,0
B2B00466,0,199,4,28,32,75,10,6,1,96.07599186339706,Technology,201-1000,1,1,0
B2B00467,1,99,11,25,3,129,10,9,1,78.38013424872044,Other,11-50,3,1,0
B2B00468,0,499,2,25,0,390,5,3,0,77.5085699958725,Technology,1-10,2,1,0
B2B00469,0,999,4,21,1,816,5,2,1,86.99123088896889,Retail,201-1000,0,1,0
B2B00470,0,99,1,32,12,13,5,3,2,62.607684091271665,Finance,51-200,1,1,0
B2B00471,1,199,10,28,4,15,50,45,5,86.1863731416674,Healthcare,201-1000,0,1,0
B2B00472,1,499,3,32,5,402,100,74,3,80.68775831424972,Finance,11-50,2,1,0
B2B00473,1,1999,16,19,4,247,5,4,1,90.23121348625392,Retail,1-10,1,1,0
B2B00474,0,199,16,21,3,326,5,4,2,72.45979213860709,Finance,1-10,1,1,0
B2B00475,0,999,7,20,14,101,5,2,2,74.46958111862784,Retail,11-50,1,1,0
B2B00476,0,499,12,22,1,248,10,5,5,58.57147974340722,Other,1-10,2,0,0
B2B00477,0,99,37,20,0,88,10,9,1,51.526206211137946,Finance,1000+,0,1,0
B2B00478,0,499,23,27,0,41,25,22,0,79.24586519749055,Other,51-200,1,1,0
B2B00479,0,99,11,26,1,709,5,3,1,59.99871107007113,Retail,51-200,0,1,0
B2B00480,0,999,17,21,2,612,25,24,3,64.35223345224863,Technology,51-200,2,1,0
B2B00481,0,499,2,25,2,3371,10,4,1,62.04270889384556,Other,51-200,0,1,0
B2B00482,1,99,6,23,13,1028,5,4,2,89.61069975569986,Healthcare,1-10,2,1,0
B2B00483,1,499,25,28,0,1257,5,3,0,78.98568979193071,Other,51-200,1,0,0
B2B00484,0,499,1,22,0,55,5,3,1,70.09337882724058,Finance,1000+,3,1,0
B2B00485,1,999,2,17,15,170,5,2,2,77.27914162375694,Retail,51-200,4,1,0
B2B00486,0,199,7,22,2,11426,10,4,3,73.45214375289646,Technology,51-200,3,1,1
B2B00487,1,99,13,19,11,2,50,22,1,93.7701401747129,Healthcare,51-200,0,0,0
B2B00488,0,99,3,24,9,913,25,10,3,59.76320214772672,Technology,11-50,1,0,0
B2B00489,0,499,13,29,2,983,10,5,0,73.95063273232093,Technology,11-50,1,1,0
B2B00490,0,99,2,22,16,1078,10,8,1,71.507219218095,Healthcare,11-50,2,1,0
B2B00491,1,199,15,27,2,24,25,20,1,87.05393113077072,Technology,1-10,1,0,0
B2B00492,0,199,6,29,6,66,25,14,2,58.681520663288964,Retail,1-10,2,0,0
B2B00493,0,1999,2,27,1,5997,10,6,1,99.02609063503719,Healthcare,11-50,1,1,0
B2B00494,0,499,4,33,5,284,5,4,2,77.19309018688266,Retail,1-10,2,1,0
B2B00495,0,99,9,31,12,7,5,3,3,89.94460827369,Finance,1000+,1,1,0
B2B00496,0,99,7,22,2,35,250,234,0,76.91335625199885,Other,1-10,2,1,0
B2B00497,0,499,6,23,1,180,10,9,6,84.71933661067807,Retail,201-1000,0,1,0
B2B00498,0,199,15,28,18,582,10,9,2,79.00749221427023,Retail,11-50,1,1,0
B2B00499,0,199,7,23,12,348,5,4,1,84.72155460482624,Other,51-200,0,1,0
B2B00500,0,99,4,30,1,589,5,2,1,82.57072419316637,Retail,51-200,3,1,0
B2B00501,0,999,7,18,9,294,5,2,5,93.7353645122695,Finance,51-200,2,0,0
B2B00502,0,199,5,31,7,12,5,4,0,65.60972917402312,Healthcare,201-1000,1,1,0
B2B00503,0,199,5,19,0,37,5,2,1,49.971089490512284,Retail,11-50,2,0,0
B2B00504,0,999,27,21,3,3454,100,98,3,81.82941373566784,Finance,51-200,2,1,0
B2B00505,0,99,11,30,24,12,5,3,2,77.02565138598169,Finance,1-10,4,0,0
B2B00506,0,999,11,24,10,3044,10,6,6,87.75543136396122,Healthcare,1-10,1,1,0
B2B00507,0,999,20,22,15,32,250,171,1,88.92307538405966,Finance,1000+,1,1,0
B2B00508,0,499,1,22,25,676,25,20,0,72.67081199547974,Other,1000+,1,1,0
B2B00509,1,99,9,22,5,7,10,8,4,76.05803639912548,Other,51-200,1,1,0
B2B00510,1,99,16,24,33,254,5,4,2,71.7459234185746,Technology,51-200,0,1,0
B2B00511,1,999,17,21,0,4003,50,33,0,71.83939374802156,Finance,1-10,4,1,0
B2B00512,0,199,4,32,1,343,25,11,1,72.02270438605902,Technology,1000+,3,1,0
B2B00513,0,1999,43,26,0,376,10,6,2,74.0276345800948,Finance,201-1000,3,1,0
B2B00514,0,4999,40,25,2,2280,5,2,1,65.61365064766336,Other,1-10,3,1,0
B2B00515,0,99,17,27,2,941,5,4,1,80.80252398438715,Healthcare,1-10,1,0,0
B2B00516,0,1999,18,23,12,3,25,14,1,94.91515704497006,Other,201-1000,1,1,0
B2B00517,0,99,19,25,24,23,10,8,1,84.81460988457845,Other,11-50,4,1,0
B2B00518,0,99,14,31,0,137,5,3,0,86.94541068185845,Technology,1-10,1,0,0
B2B00519,1,99,10,25,4,43,5,2,3,78.50924626070588,Retail,1000+,0,1,0
B2B00520,0,1999,15,27,6,29,5,4,0,61.407049945744696,Technology,1000+,0,1,0
B2B00521,0,999,8,31,6,594,50,26,3,77.96957387286366,Finance,1000+,2,1,0
B2B00522,0,1999,1,34,14,842,25,12,3,92.67247429215814,Other,11-50,0,1,0
B2B00523,0,199,13,18,3,639,5,4,0,58.965774715131424,Finance,1-10,0,1,0
B2B00524,1,199,9,24,17,22114,10,9,2,76.75273001894678,Other,51-200,5,1,0
B2B00525,0,999,14,27,20,22,25,10,1,69.97791048468976,Other,11-50,0,1,1
B2B00526,0,499,5,30,8,1,50,48,0,67.91372398346593,Technology,11-50,3,1,0
B2B00527,0,99,17,30,2,46,25,11,2,75.94446818408609,Retail,1-10,2,0,0
B2B00528,0,199,5,21,7,6,5,2,2,92.3931374541546,Finance,11-50,0,1,0
B2B00529,1,99,1,20,4,181,5,3,1,47.14849297827449,Finance,11-50,3,0,0
B2B00530,1,499,5,20,0,81,10,8,1,70.0146672806049,Healthcare,201-1000,2,1,0
B2B00531,0,199,35,24,1,89,5,4,2,86.36561885666413,Finance,11-50,1,1,0
B2B00532,0,499,12,21,16,17696,5,2,3,39.2695548735115,Technology,1-10,4,0,0
B2B00533,0,499,4,22,0,10,5,3,1,82.82322716719523,Healthcare,51-200,0,0,0
B2B00534,0,99,11,22,2,13,25,14,2,48.139064851554316,Technology,51-200,2,1,0
B2B00535,0,99,3,17,0,975,10,7,1,42.76656706535293,Technology,51-200,1,1,0
B2B00536,0,99,10,24,0,97,5,3,0,79.03068881393943,Technology,1000+,0,0,0
B2B00537,0,99,10,24,17,18,5,3,1,81.40482090888905,Other,51-200,1,0,0
B2B00538,0,99,6,26,26,51,5,3,2,55.28856089001951,Technology,11-50,0,1,0
B2B00539,0,99,4,27,5,576,10,8,0,74.25714001124508,Technology,11-50,1,0,0
B2B00540,0,999,11,32,1,64,10,6,0,93.94930643128694,Finance,201-1000,0,0,0
B2B00541,0,199,4,28,1,870,25,19,1,54.941738553707445,Retail,1-10,4,1,0
B2B00542,1,199,1,27,23,8,25,24,2,80.36544493828085,Technology,1000+,2,1,0
B2B00543,0,199,19,27,9,6376,5,4,1,76.24693880685001,Retail,11-50,0,1,0
B2B00544,1,499,5,22,10,140,5,4,1,80.28951563415387,Other,11-50,6,1,0
B2B00545,0,999,42,29,5,1672,100,74,1,81.1554321915557,Finance,11-50,0,1,0
B2B00546,0,199,9,18,5,28,5,2,4,88.77885381271895,Finance,1-10,0,1,0
B2B00547,1,199,6,19,0,2245,5,3,1,95.44441905995124,Healthcare,11-50,3,1,0
B2B00548,0,199,11,24,2,115,10,4,3,93.03943996263692,Technology,11-50,3,1,0
B2B00549,0,99,12,27,9,463,50,47,4,80.23245202935809,Finance,11-50,2,1,0
B2B00550,0,999,5,31,1,1,5,3,2,89.34408377148065,Healthcare,1000+,2,1,0
B2B00551,0,1999,28,25,6,70,25,10,2,56.55730596258679,Healthcare,11-50,3,1,0
B2B00552,0,499,2,28,1,1789,5,4,0,69.1550977795474,Retail,51-200,2,0,0
B2B00553,1,99,7,24,0,21,10,9,1,55.751434166768455,Finance,1-10,3,0,0
B2B00554,1,1999,3,17,3,426,10,6,1,57.137672477508204,Finance,1000+,0,1,0
B2B00555,0,199,9,21,2,120,25,16,2,73.29904377038167,Healthcare,11-50,0,0,0
B2B00556,0,199,3,27,38,321,25,21,0,80.69097422440927,Technology,11-50,1,1,0
B2B00557,0,499,6,21,5,251,250,234,0,81.67108750132289,Technology,51-200,2,1,0
B2B00558,1,4999,11,23,5,281,50,29,1,78.16355718976027,Healthcare,51-200,1,1,0
B2B00559,0,499,27,34,2,250,100,67,4,74.27232583115084,Other,51-200,1,1,0
B2B00560,0,199,4,18,1,7,10,8,0,87.02687396218445,Finance,201-1000,3,1,0
B2B00561,0,999,7,21,0,32,5,4,3,87.88515428557463,Retail,11-50,0,1,0
B2B00562,0,99,9,27,23,1460,10,6,1,94.57473796641847,Finance,201-1000,2,1,0
B2B00563,0,1999,6,21,5,288,5,4,2,93.72540400635636,Retail,201-1000,2,1,0
B2B00564,0,4999,2,24,8,1931,5,2,2,60.21459147791233,Healthcare,51-200,1,0,0
B2B00565,0,499,3,24,9,91,5,4,2,89.8352985771713,Technology,51-200,1,1,0
B2B00566,0,499,7,30,3,1522,5,4,1,77.67157804884806,Finance,11-50,3,0,0
B2B00567,0,99,13,30,5,1427,50,28,1,77.76791667118368,Technology,1-10,2,1,0
B2B00568,1,999,5,26,2,1191,50,41,0,79.4088043308336,Healthcare,201-1000,2,1,0
B2B00569,0,99,7,17,1,2,5,4,0,76.66178753584708,Technology,11-50,1,0,0
B2B00570,0,99,21,21,5,24,10,5,1,96.69502459437892,Finance,51-200,3,1,0
B2B00571,0,199,11,30,0,2,10,6,3,93.77136576978751,Retail,11-50,1,0,0
B2B00572,1,199,12,21,0,4515,5,3,2,77.01514295696961,Healthcare,11-50,2,1,0
B2B00573,0,999,28,25,0,527,25,18,1,95.2430662896747,Technology,1000+,2,1,0
B2B00574,1,999,11,31,13,1722,5,3,2,88.72976398670625,Other,51-200,1,0,0
B2B00575,0,499,19,18,4,175,10,6,1,84.71794148295608,Healthcare,11-50,0,0,0
B2B00576,1,99,4,20,28,66,50,22,3,83.79829237232254,Other,11-50,2,0,0
B2B00577,0,499,11,21,0,2975,10,4,1,92.91519714245436,Other,51-200,3,1,0
B2B00578,0,999,17,20,16,136,5,3,0,63.38063606844282,Other,201-1000,2,1,0
B2B00579,1,199,10,28,0,87,5,2,1,78.36040569273868,Technology,1-10,0,1,0
B2B00580,1,199,16,23,21,98,10,5,0,93.61376070259507,Finance,51-200,1,1,0
B2B00581,0,199,16,14,1,14,5,3,2,57.329973942879185,Retail,11-50,3,1,0
B2B00582,1,499,8,30,16,1801,50,22,0,86.1407431229752,Finance,1-10,0,0,0
B2B00583,0,99,2,20,11,2426,5,2,0,98.7350625511404,Healthcare,1-10,6,1,0
B2B00584,1,99,17,27,4,49,10,8,2,92.61443328610646,Healthcare,1-10,3,1,0
B2B00585,1,499,7,22,2,38,5,4,0,98.90989310449079,Other,51-200,0,1,0
B2B00586,0,99,9,18,9,2,10,4,5,71.05409512181593,Healthcare,11-50,2,0,0
B2B00587,0,99,15,25,1,541,5,4,2,93.850410504509,Healthcare,1-10,3,1,0
B2B00588,0,999,13,24,7,688,25,16,3,68.59257951779449,Retail,1000+,1,0,0
B2B00589,0,499,3,23,12,333,50,24,2,95.76691163137167,Retail,51-200,1,0,0
B2B00590,0,199,16,27,25,243,10,9,0,77.29494263052248,Other,1000+,0,1,0
B2B00591,0,999,3,26,2,2,250,129,0,75.77705136345581,Finance,1000+,0,1,0
B2B00592,1,199,11,23,1,57,10,6,1,78.82747100618481,Retail,1000+,4,1,0
B2B00593,0,99,18,22,6,14,10,6,0,74.60313297620004,Finance,1000+,3,1,0
B2B00594,0,199,3,28,11,322,50,27,2,82.84199874898324,Finance,51-200,1,1,0
B2B00595,0,199,26,35,2,617,10,4,0,87.14153679718035,Healthcare,11-50,3,1,0
B2B00596,0,199,1,31,1,128,5,4,0,90.19053384633474,Technology,51-200,0,1,0
B2B00597,0,99,29,24,8,94,25,10,1,93.31514340970209,Technology,11-50,2,1,0
B2B00598,0,99,14,33,0,1,50,31,2,66.37249803015473,Technology,1000+,6,1,0
B2B00599,0,499,2,20,20,363,50,42,0,83.45829575171648,Finance,51-200,3,1,0
B2B00600,1,1999,7,22,2,503,25,22,0,54.147342659175735,Finance,201-1000,4,0,0
B2B00601,0,1999,13,23,1,11,25,18,5,89.17012330890681,Other,1-10,2,1,0
B2B00602,0,999,22,22,1,114,10,9,1,84.23101748923663,Technology,201-1000,2,1,0
B2B00603,0,199,21,25,0,42,5,4,1,56.106556828721835,Finance,1-10,2,0,0
B2B00604,0,499,2,20,6,47,50,48,2,83.1768632867663,Healthcare,51-200,2,0,0
B2B00605,0,4999,6,23,1,645,5,3,1,71.84903058337926,Retail,201-1000,2,1,0
B2B00606,0,1999,13,29,15,45,10,6,0,71.42963969602675,Other,201-1000,2,1,0
B2B00607,0,99,5,26,1,37,10,6,5,90.4047526009086,Technology,201-1000,0,1,0
B2B00608,0,199,11,29,10,3435,10,6,0,61.77581168376645,Healthcare,11-50,4,1,0
B2B00609,0,99,8,30,14,1463,5,2,1,93.75015638963441,Technology,51-200,4,0,0
B2B00610,0,99,9,26,1,305,25,21,4,76.33755977751413,Other,201-1000,1,1,0
B2B00611,0,1999,9,22,17,248,10,4,1,71.46287998988012,Other,201-1000,0,1,0
B2B00612,0,999,26,28,15,8,5,3,1,75.11048943751787,Other,11-50,2,1,0
B2B00613,0,99,8,21,15,91,50,27,1,67.94253238956041,Technology,11-50,2,1,0
B2B00614,0,199,7,34,2,14,5,3,1,83.42374628233755,Other,51-200,1,1,0
B2B00615,0,999,6,26,12,16,25,11,5,81.58139238464295,Other,1000+,6,1,0
B2B00616,0,199,13,18,6,248,25,20,2,92.9352442929853,Healthcare,51-200,1,1,0
B2B00617,0,99,13,18,7,18,5,4,3,82.52033124656802,Other,201-1000,0,1,0
B2B00618,0,99,8,19,2,132,50,47,0,98.39194521334153,Healthcare,51-200,2,1,0
B2B00619,0,199,8,19,4,1420,50,21,3,53.86516988650383,Retail,11-50,1,0,0
B2B00620,1,1999,15,30,6,126,10,9,1,90.90792539442101,Other,11-50,2,1,0
B2B00621,0,99,10,30,4,10,5,2,2,54.17393229634069,Technology,51-200,1,1,0
B2B00622,0,499,19,30,2,13,5,3,6,79.1629280075477,Other,11-50,1,1,0
B2B00623,0,499,5,28,20,424,10,4,2,69.30600068849935,Other,201-1000,1,1,0
B2B00624,0,199,4,27,4,1591,5,3,1,92.8820313883127,Finance,51-200,3,0,0
B2B00625,0,199,9,37,5,38,5,2,2,79.8663844695445,Healthcare,1-10,2,0,0
B2B00626,0,99,19,16,0,63,250,191,0,76.73836801297792,Retail,201-1000,1,1,0
B2B00627,0,499,5,23,6,11,10,7,0,76.77341130549262,Retail,1-10,3,0,0
B2B00628,0,99,14,27,1,1768,10,5,1,82.53160549324777,Other,201-1000,1,0,0
B2B00629,1,199,4,32,0,228,10,8,0,77.19613675989666,Finance,11-50,3,1,0
B2B00630,0,99,27,24,7,47744,25,24,3,82.8380958178208,Other,51-200,2,0,0
B2B00631,0,199,10,29,4,209,50,33,0,89.87197254023292,Healthcare,51-200,3,1,0
B2B00632,0,99,17,29,6,365,5,3,2,81.60814676762212,Other,11-50,3,1,0
B2B00633,0,499,1,33,3,31,100,78,0,62.81786235981169,Other,1-10,0,0,0
B2B00634,1,1999,13,25,5,771,25,13,0,91.45949962143182,Retail,51-200,2,1,0
B2B00635,1,199,5,27,12,67,25,13,1,68.56739420394858,Retail,1-10,2,1,0
B2B00636,1,199,13,29,7,11614,25,20,5,69.88537796904346,Other,1000+,2,1,0
B2B00637,0,99,1,29,0,107,10,4,1,95.56071905017912,Retail,1-10,0,1,0
B2B00638,0,499,3,28,10,1148,50,33,5,64.30671088408559,Finance,51-200,0,1,0
B2B00639,0,199,17,20,1,190,25,22,0,93.53296954512106,Healthcare,11-50,2,0,0
B2B00640,0,99,9,24,25,249,5,3,2,80.80282816778774,Finance,1000+,0,1,0
B2B00641,0,199,23,20,5,18,10,5,2,71.48859640276795,Retail,1000+,2,1,0
B2B00642,1,99,4,22,7,80,10,5,4,93.0445172334802,Retail,11-50,6,1,0
B2B00643,0,499,31,22,8,2807,5,2,0,53.11032346832667,Healthcare,1-10,2,0,0
B2B00644,0,999,4,23,8,54,5,2,1,74.49473274609001,Finance,11-50,1,0,0
B2B00645,0,499,3,26,8,358,5,2,1,83.99601200449055,Healthcare,11-50,2,1,0
B2B00646,0,99,6,33,17,170,5,3,4,95.76698430349037,Healthcare,1000+,1,1,0
B2B00647,0,1999,13,18,2,888,250,147,0,91.95089526881812,Other,11-50,1,1,0
B2B00648,0,499,6,32,4,583,10,4,0,64.99543783667157,Healthcare,201-1000,1,1,0
B2B00649,1,99,5,28,6,50,5,3,0,74.08733574392755,Healthcare,11-50,2,1,0
B2B00650,1,199,12,21,11,2,10,5,0,84.87671500288072,Other,1-10,2,0,0
B2B00651,0,499,23,20,6,278,10,4,0,84.79657723892723,Finance,51-200,3,1,0
B2B00652,0,199,15,31,0,47,25,24,2,63.87785888610217,Healthcare,1000+,1,1,0
B2B00653,0,99,22,23,19,432,5,2,3,81.06078345428901,Technology,51-200,3,0,0
B2B00654,0,99,11,20,10,41,5,2,3,91.57400762234678,Healthcare,11-50,4,0,0
B2B00655,0,499,9,20,1,4594,10,6,0,89.26304989099827,Other,1-10,3,1,0
B2B00656,0,99,11,25,11,229,5,2,1,71.3815131319213,Other,201-1000,2,0,0
B2B00657,0,99,39,23,2,1062,5,2,3,74.80023133308181,Finance,11-50,2,1,0
B2B00658,0,99,20,25,8,628,50,30,3,82.66599084977342,Healthcare,51-200,2,1,0
B2B00659,0,99,22,18,8,606,5,4,2,82.76316328661898,Retail,11-50,0,1,0
B2B00660,0,499,8,25,1,19,5,4,2,54.65760814152028,Retail,1-10,3,0,0
B2B00661,0,99,8,30,1,2275,5,4,1,75.13040922543931,Finance,201-1000,2,1,0
B2B00662,0,199,14,24,5,229,5,3,2,71.99809321883646,Technology,201-1000,3,1,0
B2B00663,1,999,19,33,6,555,100,92,2,61.048002619379005,Technology,11-50,2,0,0
B2B00664,0,99,6,25,7,527,50,25,3,64.12253216622995,Finance,51-200,2,0,0
B2B00665,0,1999,12,24,10,41,5,4,0,75.31167515358487,Technology,51-200,0,1,0
B2B00666,0,199,2,18,1,747,5,3,3,51.36028437293035,Healthcare,201-1000,2,1,0
B2B00667,0,99,4,24,0,61,25,19,0,85.11189991075548,Retail,11-50,2,0,0
B2B00668,0,499,4,23,16,19268,10,4,0,56.331693151358586,Technology,51-200,1,1,0
B2B00669,0,199,8,24,2,390,10,4,2,90.62807895991425,Retail,11-50,1,1,0
B2B00670,0,99,17,23,4,138,10,4,0,91.48588589199332,Finance,51-200,0,1,0
B2B00671,1,99,20,25,4,21,25,20,0,84.72495644769721,Other,51-200,1,1,0
B2B00672,0,199,9,20,13,4544,50,26,0,36.20063569548409,Technology,201-1000,1,1,0
B2B00673,0,999,12,17,3,202,5,4,3,97.7296586007977,Finance,201-1000,3,1,0
B2B00674,0,99,13,17,16,194,10,5,1,83.65647812867832,Retail,11-50,2,1,0
B2B00675,0,199,8,29,0,263,25,21,1,59.70071964946116,Technology,11-50,0,1,0
B2B00676,1,999,2,36,7,149,25,24,4,87.203062653871,Finance,51-200,3,1,0
B2B00677,0,4999,11,30,0,20,5,2,3,40.06121034427393,Finance,51-200,1,1,0
B2B00678,0,99,4,16,7,95,10,4,0,84.68191146873168,Healthcare,1-10,6,1,0
B2B00679,0,99,6,25,3,59,5,2,2,81.37930475292943,Finance,1-10,4,1,0
B2B00680,0,99,12,32,0,1,10,5,2,63.805537150483225,Healthcare,201-1000,1,0,0
B2B00681,0,499,16,28,5,109,10,4,2,85.73409793628673,Finance,11-50,0,0,0
B2B00682,0,4999,14,28,20,294,5,3,6,68.7881916449887,Healthcare,51-200,1,1,1
B2B00683,0,999,10,24,9,329,250,235,0,78.5569432953128,Technology,51-200,3,1,0
B2B00684,0,199,5,28,11,69,100,72,1,85.19333431918916,Other,51-200,2,1,0
B2B00685,0,99,19,28,4,893,25,13,2,75.5170488190292,Healthcare,1-10,3,1,0
B2B00686,1,199,17,26,4,46,10,6,1,93.29242949932981,Retail,11-50,1,0,0
B2B00687,1,1999,11,24,14,1442,5,4,0,82.12166964767988,Retail,1-10,2,1,0
B2B00688,1,199,12,31,2,94,5,2,1,58.35355946741083,Other,11-50,4,1,0
B2B00689,0,99,9,28,2,28,10,4,1,89.5098369254414,Healthcare,1-10,4,0,0
B2B00690,0,99,6,22,10,153,25,15,5,84.01349452360921,Other,11-50,1,1,0
B2B00691,0,999,20,16,18,15,10,7,0,97.19174920560931,Healthcare,1-10,0,1,0
B2B00692,0,999,11,21,0,1021,10,6,1,81.5422372386833,Other,201-1000,3,1,0
B2B00693,0,4999,15,22,6,4,10,9,2,92.57641925826678,Healthcare,11-50,1,1,0
B2B00694,0,1999,11,24,8,134,250,237,3,78.16584101608144,Retail,11-50,2,1,0
B2B00695,0,199,27,24,1,1868,50,28,1,91.30689439019632,Other,1-10,4,0,0
B2B00696,0,1999,9,26,5,42,25,13,5,80.0335353368135,Healthcare,51-200,4,0,0
B2B00697,0,999,1,18,1,45,5,4,1,85.05436402958549,Other,11-50,2,1,0
B2B00698,0,199,8,25,3,365,100,71,4,72.30478245284033,Technology,51-200,0,1,0
B2B00699,0,99,13,26,4,133,5,2,3,92.95099651313821,Technology,201-1000,2,1,0
B2B00700,1,199,16,22,3,943,5,2,2,50.96165755628083,Technology,11-50,0,1,0
B2B00701,0,499,8,24,0,3134,10,5,2,86.53819837669003,Other,1-10,2,1,0
B2B00702,0,999,3,19,3,4,5,3,1,93.75496443043214,Healthcare,11-50,0,1,0
B2B00703,0,99,8,21,11,22,10,8,0,81.75127335995654,Technology,51-200,3,1,0
B2B00704,0,1999,11,33,3,4787,10,9,0,80.47057181794634,Retail,201-1000,0,1,0
B2B00705,0,499,4,22,3,129,250,214,1,89.2971098155487,Finance,1-10,4,1,0
B2B00706,0,199,8,22,5,241,10,4,1,71.6161355234258,Other,51-200,1,1,0
B2B00707,0,99,6,24,20,24,50,26,2,85.67955541833875,Other,11-50,0,0,0
B2B00708,0,99,1,25,2,14,5,3,2,84.09249608262178,Healthcare,1-10,6,1,0
B2B00709,0,199,12,26,5,1811,10,5,1,77.99458994366412,Other,51-200,6,0,0
B2B00710,1,99,3,22,3,48,10,9,0,70.07952479088483,Finance,51-200,1,1,0
B2B00711,1,499,10,28,14,9,10,9,0,66.52253340374807,Retail,51-200,1,1,0
B2B00712,0,199,8,25,18,410,25,19,1,76.00329876555959,Technology,1-10,1,0,0
B2B00713,0,99,18,35,4,9,5,3,2,90.74808183061297,Technology,11-50,2,0,0
B2B00714,0,99,8,26,3,70,10,8,1,81.6713914202116,Healthcare,51-200,4,0,0
B2B00715,0,99,2,26,1,491,50,27,0,71.85746667434813,Technology,51-200,5,0,0
B2B00716,1,99,10,17,0,8,250,141,4,89.81677070050569,Retail,51-200,2,0,0
B2B00717,0,99,17,17,14,186,10,6,2,67.06321252263572,Other,1-10,0,1,0
B2B00718,0,999,5,26,14,7,100,80,3,67.51391328376195,Finance,51-200,1,1,0
B2B00719,0,99,7,23,4,40,5,2,0,80.44298559659427,Other,11-50,2,1,0
B2B00720,0,999,8,37,14,488,5,2,0,95.31458918938723,Healthcare,11-50,3,1,0
B2B00721,0,499,10,25,3,46,10,4,1,89.71544989000444,Retail,11-50,0,1,0
B2B00722,0,99,6,27,21,162,5,4,1,96.68892568528523,Finance,11-50,5,1,0
B2B00723,0,499,22,28,6,303,10,6,2,62.558595782494145,Technology,51-200,2,1,0
B2B00724,0,499,9,25,2,98,5,4,4,95.235978848445,Retail,1-10,3,1,0
B2B00725,0,99,13,33,5,275,25,15,0,89.8676688679873,Retail,11-50,2,0,0
B2B00726,0,99,13,26,3,135,5,3,2,84.75569772365122,Finance,51-200,1,1,0
B2B00727,0,99,36,26,46,8,5,2,6,68.81299726722531,Other,11-50,2,1,0
B2B00728,0,99,11,32,8,1020,5,2,2,61.60880799134043,Other,11-50,1,1,0
B2B00729,0,499,1,17,7,287,10,9,1,47.73194492581069,Other,201-1000,2,0,0
B2B00730,0,99,17,22,8,42,25,11,1,84.02891446342858,Healthcare,51-200,1,1,0
B2B00731,0,99,11,24,1,102,5,2,3,83.61040799628738,Retail,11-50,0,1,0
B2B00732,0,99,21,19,1,28,5,3,1,88.87828188096682,Retail,201-1000,2,1,0
B2B00733,0,499,10,22,31,189,10,9,5,88.94131957538336,Finance,51-200,4,1,0
B2B00734,0,99,7,24,5,740,50,40,2,51.51750565737242,Healthcare,51-200,0,0,0
B2B00735,0,199,11,23,1,332,5,3,1,81.1679605059951,Other,11-50,2,1,0
B2B00736,0,99,11,19,0,251,10,5,0,89.14597436277049,Other,1-10,1,0,0
B2B00737,0,999,15,22,3,411,250,118,2,88.17851855179356,Healthcare,11-50,0,1,0
B2B00738,1,499,39,26,5,29,50,31,1,80.63145233278225,Other,1-10,4,0,0
B2B00739,0,999,28,19,4,457,250,146,0,83.30336669745576,Retail,201-1000,2,1,0
B2B00740,1,199,16,29,2,58,250,148,3,90.41228493036309,Finance,1-10,5,0,0
B2B00741,0,199,6,17,2,1016,50,49,0,36.23462728481278,Other,11-50,1,1,0
B2B00742,1,4999,12,35,22,73,50,49,2,85.78692428276808,Healthcare,11-50,4,1,0
B2B00743,1,499,3,21,10,105,5,4,1,86.90475890918108,Retail,201-1000,0,1,0
B2B00744,0,4999,7,31,0,232,50,28,2,80.77539000637184,Finance,51-200,1,1,0
B2B00745,0,99,14,27,4,4,10,4,0,52.56359529014172,Retail,11-50,1,0,0
B2B00746,0,99,7,24,1,111,250,132,0,86.71038927525659,Healthcare,201-1000,3,0,0
B2B00747,0,499,15,31,4,2499,25,13,2,92.86704322720645,Healthcare,51-200,0,1,0
B2B00748,0,99,33,35,3,334,50,46,0,85.01034056770601,Other,1-10,0,1,0
B2B00749,0,199,5,27,7,22,5,3,0,93.78638556980043,Healthcare,201-1000,4,1,0
B2B00750,1,199,11,24,0,31,5,2,1,65.77401481649657,Healthcare,11-50,2,1,1
B2B00751,0,99,13,24,2,92,10,9,2,88.05749132011124,Finance,51-200,0,1,0
B2B00752,0,99,4,15,2,518,5,2,3,89.05277838158831,Technology,1000+,3,0,0
B2B00753,1,99,17,28,7,93,10,9,0,81.67284937212773,Finance,11-50,3,1,0
B2B00754,0,99,2,23,0,23,25,20,1,88.89312297146125,Technology,11-50,5,1,0
B2B00755,1,999,12,19,7,132,25,21,0,59.93130169805924,Retail,1-10,3,1,0
B2B00756,0,999,1,19,4,86,5,3,5,40.67402007500724,Healthcare,1000+,0,1,0
B2B00757,0,99,1,29,5,91,25,18,0,54.38953661786093,Retail,11-50,5,1,0
B2B00758,0,199,21,34,4,1,25,22,0,69.07311883882605,Other,1-10,0,1,0
B2B00759,1,1999,41,21,6,41,5,4,0,51.98039961319672,Healthcare,1-10,2,1,0
B2B00760,1,199,13,32,0,398,10,4,1,83.47566068808258,Healthcare,51-200,2,1,0
B2B00761,1,999,7,23,3,86,25,20,1,57.86683699925196,Other,11-50,1,1,0
B2B00762,0,1999,13,27,6,3,50,37,1,72.69468802119935,Retail,51-200,3,1,0
B2B00763,1,499,19,23,22,3,10,4,0,90.09117275561564,Other,1-10,0,1,0
B2B00764,0,499,4,18,0,29,5,3,1,75.06000610594452,Finance,1-10,1,1,1
B2B00765,1,99,20,29,1,9,50,42,1,82.82876988364694,Retail,11-50,2,1,0
B2B00766,0,999,20,23,2,851,10,6,4,76.57356704168777,Healthcare,51-200,4,0,0
B2B00767,0,999,9,23,5,1757,5,4,1,79.70601604783951,Technology,51-200,4,1,0
B2B00768,0,499,2,17,11,153,10,4,3,93.90540314747116,Other,201-1000,0,0,0
B2B00769,1,499,7,22,3,148,10,6,5,77.63403116992065,Healthcare,11-50,3,1,0
B2B00770,1,1999,1,24,2,39,5,2,0,61.36453988210516,Finance,11-50,3,1,0
B2B00771,0,499,3,24,10,10,5,3,1,68.80938311196056,Technology,201-1000,1,1,0
B2B00772,0,1999,9,26,0,72,10,5,0,69.99335623866251,Healthcare,51-200,2,1,0
B2B00773,0,499,16,24,5,16,25,24,2,75.16802003010822,Healthcare,11-50,2,1,0
B2B00774,0,499,3,29,2,668,5,2,1,89.64709555003866,Technology,1-10,4,0,0
B2B00775,1,999,7,16,6,2348,5,3,4,72.68973984818533,Healthcare,51-200,1,1,0
B2B00776,0,199,10,28,0,24,5,3,0,85.32122795304592,Technology,1-10,3,0,0
B2B00777,0,499,1,23,9,21,10,6,4,83.57967960600239,Other,11-50,3,1,0
B2B00778,0,999,15,25,4,40,10,4,0,54.396941851985936,Finance,1000+,2,1,0
B2B00779,0,499,13,24,8,11,10,7,2,70.50660877826606,Healthcare,11-50,5,1,0
B2B00780,1,499,17,15,7,6,5,3,0,85.10351087265931,Retail,1-10,3,1,0
B2B00781,0,199,8,18,2,114,10,8,3,65.17009294331316,Healthcare,11-50,3,1,0
B2B00782,1,99,11,30,2,149,5,4,0,72.3739572723067,Healthcare,1000+,2,1,0
B2B00783,0,1999,11,31,6,28,50,24,1,90.12839971088722,Healthcare,11-50,4,1,0
B2B00784,0,99,14,16,6,96,25,24,1,94.45249641360549,Finance,11-50,9,1,0
B2B00785,0,999,4,25,0,838,5,2,1,90.09030097903938,Other,1-10,3,0,0
B2B00786,0,199,2,34,1,74,10,7,3,84.42446727313757,Retail,1-10,1,1,0
B2B00787,0,199,10,26,10,375,50,40,0,77.04467505512835,Finance,1-10,2,1,0
B2B00788,0,99,29,21,7,7466,5,2,6,64.08838292470568,Technology,1000+,3,1,0
B2B00789,0,4999,13,22,21,29,25,24,2,84.53843969005788,Other,1-10,4,0,0
B2B00790,0,1999,11,15,2,81,5,2,0,74.4157462101117,Finance,11-50,2,1,0
B2B00791,0,99,4,39,11,26,5,3,3,97.34349844573774,Retail,51-200,1,1,0
B2B00792,0,499,7,22,7,37,5,4,2,74.17803074659206,Finance,11-50,1,0,0
B2B00793,0,499,6,24,1,133,5,4,3,98.7006681618264,Finance,51-200,4,0,0
B2B00794,1,499,10,25,10,3467,10,9,1,58.33297659953729,Finance,51-200,3,1,0
B2B00795,0,99,34,21,6,17,5,3,2,84.273150457832,Healthcare,51-200,2,0,0
B2B00796,0,999,24,15,10,564,5,2,0,73.16103394449279,Finance,11-50,1,1,0
B2B00797,1,499,12,32,5,4965,10,4,0,87.74084676839993,Other,11-50,2,1,0
B2B00798,0,199,10,24,5,495,10,5,2,96.3084628447619,Healthcare,51-200,1,1,0
B2B00799,0,99,8,15,0,9,100,93,0,71.42252449732341,Healthcare,1000+,2,1,0
B2B00800,0,199,6,23,0,246,250,163,1,77.66476100252511,Healthcare,11-50,0,0,0
B2B00801,0,99,5,29,9,37,10,5,0,87.46573680550773,Finance,1-10,3,1,0
B2B00802,0,4999,1,23,4,146,100,74,4,51.424476624811334,Technology,1000+,5,1,0
B2B00803,0,499,3,40,1,98,5,4,5,88.47349349780818,Healthcare,51-200,2,1,0
B2B00804,0,499,17,20,10,2861,5,3,2,96.64048883982585,Retail,1000+,5,1,0
B2B00805,1,99,37,27,18,2173,25,22,1,83.09473648272588,Technology,201-1000,1,1,0
B2B00806,0,4999,9,21,0,48,25,12,1,96.97684123278154,Technology,11-50,3,1,0
B2B00807,0,499,18,18,7,6,5,2,0,81.39768271111504,Other,1-10,4,0,0
B2B00808,1,499,27,16,12,17,5,3,0,98.54257758680555,Other,1000+,2,1,0
B2B00809,0,99,25,26,4,112,10,6,0,92.05326438784289,Other,51-200,3,0,0
B2B00810,0,99,9,21,0,307,25,13,3,83.3124596141318,Healthcare,201-1000,0,1,0
B2B00811,1,99,13,33,2,112,10,7,1,59.74787237489338,Technology,51-200,0,1,0
B2B00812,0,199,1,28,4,40,5,2,2,85.9137427427668,Technology,1000+,2,1,0
B2B00813,0,99,8,26,6,1730,250,236,2,94.32390743887518,Finance,11-50,1,0,0
B2B00814,0,499,14,31,2,209,10,6,1,88.84107423205813,Technology,201-1000,4,1,0
B2B00815,0,99,7,25,10,2268,5,4,4,97.00050222993676,Retail,1-10,1,1,0
B2B00816,0,199,19,26,8,100000,10,9,0,68.77479712182858,Technology,51-200,2,0,0
B2B00817,1,199,18,22,19,167,10,4,0,73.51797689769768,Other,11-50,1,1,0
B2B00818,0,199,7,28,26,462,25,23,2,78.71567109105607,Retail,51-200,2,1,0
B2B00819,1,99,9,22,0,1387,10,8,2,86.34893503337352,Other,1000+,2,1,0
B2B00820,0,1999,3,25,0,5,50,47,1,89.53484649466591,Technology,51-200,2,0,0
B2B00821,0,999,20,20,16,575,10,8,1,71.00952141254956,Finance,1000+,3,1,1
B2B00822,0,199,15,33,2,4,5,3,1,94.16486549713592,Finance,1-10,3,0,0
B2B00823,0,499,11,24,0,43,10,4,2,90.97718198907751,Other,51-200,3,1,0
B2B00824,0,999,1,32,2,695,100,79,1,72.16843092298171,Other,11-50,0,0,0
B2B00825,0,199,7,25,2,1310,5,2,3,74.22325855360765,Retail,201-1000,3,1,0
B2B00826,0,499,6,24,0,36,25,18,3,60.42102878156972,Healthcare,51-200,4,1,0
B2B00827,0,999,9,32,35,207,10,6,1,77.19997703888724,Other,11-50,1,0,0
B2B00828,0,199,9,17,0,24,5,3,3,78.81335512820421,Retail,1-10,2,1,0
B2B00829,0,1999,8,20,7,37,5,2,3,74.91699105424941,Retail,11-50,0,0,0
B2B00830,0,199,3,36,15,269,5,2,2,73.14091156546161,Finance,11-50,2,0,0
B2B00831,0,99,5,22,5,29,5,2,1,83.94061097515963,Healthcare,1-10,3,1,0
B2B00832,0,199,38,32,9,72,5,3,0,85.99274985699309,Technology,11-50,1,1,0
B2B00833,0,499,8,33,10,34,5,4,5,77.33860804672739,Other,1-10,1,1,0
B2B00834,0,199,24,24,2,412,100,46,0,79.09818422610715,Healthcare,11-50,3,0,0
B2B00835,0,999,9,30,6,8,5,4,0,82.73175998185208,Retail,201-1000,2,1,0
B2B00836,0,199,22,19,12,481,50,42,2,81.81737158981596,Retail,51-200,1,1,0
B2B00837,0,99,6,18,4,30,5,3,2,90.64689773132706,Technology,51-200,1,1,0
B2B00838,0,99,7,24,16,37,5,2,0,77.99815956369915,Technology,51-200,4,1,0
B2B00839,0,999,14,28,5,3847,25,14,3,96.7186351032048,Other,1-10,2,1,0
B2B00840,0,1999,6,19,3,19,5,2,1,82.99751805546356,Other,1-10,0,1,0
B2B00841,0,99,19,32,1,1422,50,42,2,85.1031087479907,Retail,1000+,3,0,0
B2B00842,0,99,11,24,4,571,10,5,0,77.45327489633944,Technology,51-200,4,0,0
B2B00843,0,99,7,21,0,202,100,86,0,53.17906894189208,Technology,11-50,4,1,0
B2B00844,0,99,9,21,2,16,5,2,6,93.20434130894651,Healthcare,51-200,3,0,0
B2B00845,1,99,10,30,4,3895,5,3,3,94.15316941404672,Retail,11-50,2,0,0
B2B00846,0,999,2,20,20,0,5,4,1,95.79123314583455,Healthcare,11-50,0,0,0
B2B00847,0,499,2,28,5,74,5,2,0,83.41726445114479,Other,11-50,4,0,0
B2B00848,0,99,5,24,7,148,10,6,2,79.6323620908948,Finance,11-50,3,0,0
B2B00849,0,99,6,31,10,10,50,44,1,88.32788303682229,Technology,1000+,0,1,0
B2B00850,1,499,24,28,3,23049,5,4,5,60.35360652806175,Other,51-200,3,1,0
B2B00851,0,99,8,20,0,3144,5,3,4,71.90682851181633,Other,51-200,1,1,0
B2B00852,0,499,5,27,12,101,10,8,3,81.15349949964866,Technology,201-1000,2,0,0
B2B00853,0,99,7,26,0,6057,5,3,2,65.78843277244863,Finance,11-50,2,1,0
B2B00854,1,4999,13,29,3,220,10,5,3,87.75204338378676,Other,51-200,2,1,0
B2B00855,0,199,1,27,0,726,5,2,2,67.1365585841095,Finance,201-1000,1,1,0
B2B00856,0,99,5,24,9,9,5,2,0,95.55374946745789,Other,11-50,3,0,0
B2B00857,0,199,13,23,43,31386,10,8,3,68.11239180639308,Retail,11-50,2,0,0
B2B00858,1,499,4,25,2,1699,250,108,3,95.43610511386747,Other,11-50,0,1,0
B2B00859,0,199,38,25,3,1370,10,8,1,63.85080936036089,Other,51-200,1,1,0
B2B00860,1,99,9,27,0,95,5,2,5,86.08990167284549,Retail,51-200,2,1,0
B2B00861,0,999,11,18,5,234,5,4,0,60.38387881362711,Other,51-200,3,0,0
B2B00862,0,99,16,19,2,110,100,87,0,57.96359069080663,Retail,201-1000,3,0,0
B2B00863,0,4999,12,22,1,5,50,41,1,59.59348144831683,Finance,11-50,3,1,0
B2B00864,0,499,11,23,2,69,5,3,1,83.63729180066811,Technology,11-50,4,1,0
B2B00865,0,499,9,19,10,292,100,56,1,68.6732217968361,Retail,1-10,0,1,0
B2B00866,0,999,7,20,0,1586,5,2,2,74.98180287318806,Finance,51-200,0,1,0
B2B00867,1,99,2,20,3,159,5,4,1,90.02162862807307,Healthcare,1-10,0,0,0
B2B00868,1,99,4,22,20,11,5,3,2,65.4973460943306,Healthcare,1000+,2,1,0
B2B00869,0,999,12,21,38,404,5,4,2,90.49307333876597,Retail,1-10,1,1,0
B2B00870,0,99,8,25,17,531,25,13,2,56.488447355198055,Retail,11-50,0,1,0
B2B00871,0,199,3,15,4,196,50,32,3,72.25845770774052,Healthcare,11-50,3,0,0
B2B00872,0,499,1,24,15,14,250,124,5,56.15629773545319,Healthcare,1000+,2,0,0
B2B00873,0,999,10,20,0,962,50,33,2,77.66081277880838,Retail,51-200,2,1,0
B2B00874,0,999,16,29,2,96,10,4,1,81.26122237595406,Finance,1-10,3,1,0
B2B00875,0,499,14,45,7,1056,10,8,1,84.48738971380163,Retail,1-10,2,1,0
B2B00876,0,999,3,28,0,27,5,4,3,92.33268904846169,Healthcare,201-1000,1,1,0
B2B00877,0,199,7,20,13,26,5,4,2,78.90917595005993,Finance,51-200,2,1,0
B2B00878,0,99,7,15,3,9,5,3,1,74.30021885209918,Retail,201-1000,1,1,0
B2B00879,0,499,15,24,5,43,50,23,0,91.00884614042948,Healthcare,1000+,3,1,0
B2B00880,0,199,21,26,12,3,25,12,3,76.21314705487985,Technology,51-200,3,1,0
B2B00881,0,1999,8,16,13,155,5,3,2,68.75403550316274,Technology,1000+,3,1,0
B2B00882,1,1999,7,24,7,128,5,4,0,55.05564984231345,Other,11-50,1,1,0
B2B00883,0,1999,28,26,3,31,5,4,1,73.3676082380644,Other,1000+,3,1,0
B2B00884,1,999,4,23,2,854,5,3,3,69.9937549654253,Finance,11-50,1,1,0
B2B00885,0,199,2,30,0,546,25,18,0,87.42991982145561,Retail,51-200,1,1,0
B2B00886,0,99,24,28,7,3599,250,240,5,97.97278705497683,Retail,11-50,1,1,0
B2B00887,0,99,19,25,0,643,10,7,1,99.07086732164714,Healthcare,11-50,1,0,0
B2B00888,0,199,9,23,4,42,10,9,1,83.39421392222545,Finance,1-10,2,1,0
B2B00889,1,99,7,24,0,2527,50,24,0,64.15030109937277,Technology,51-200,1,1,0
B2B00890,0,999,10,37,5,11,5,4,2,75.42556622053695,Other,1-10,3,1,0
B2B00891,0,99,11,32,3,7552,25,12,1,84.38587407913096,Other,1000+,1,1,0
B2B00892,0,99,18,23,3,152,50,44,1,49.34992664106622,Other,51-200,0,1,0
B2B00893,0,99,5,24,1,5221,10,6,2,54.92418459818883,Other,11-50,2,1,0
B2B00894,0,99,12,19,0,12,10,6,4,95.8527957654965,Technology,51-200,2,1,0
B2B00895,0,199,8,36,7,399,10,7,1,65.66024559328952,Retail,11-50,0,1,0
B2B00896,0,1999,9,31,5,141,100,81,3,76.26661072445081,Retail,51-200,0,1,0
B2B00897,0,999,24,23,4,443,5,4,1,89.18202209906812,Healthcare,51-200,0,1,0
B2B00898,0,199,14,29,4,112,5,4,1,76.59118937067093,Retail,11-50,0,1,0
B2B00899,0,199,40,21,2,205,10,7,2,63.70528868890509,Other,1-10,2,0,0
B2B00900,0,99,5,21,3,546,10,6,3,80.3042509476549,Technology,51-200,4,1,0
B2B00901,1,199,5,25,27,339,50,40,1,83.332618068626,Other,201-1000,3,1,0
B2B00902,1,199,9,22,11,12,10,5,2,88.27553750548121,Retail,1000+,1,0,0
B2B00903,1,199,13,26,1,120,10,7,3,76.22403613719692,Technology,1000+,2,1,0
B2B00904,1,99,18,26,1,0,5,4,1,71.40405055419437,Retail,51-200,1,1,0
B2B00905,0,99,4,21,18,39,10,9,1,89.15494019333337,Technology,11-50,3,1,0
B2B00906,1,99,11,25,13,11,25,13,0,78.763693009693,Retail,1-10,0,1,0
B2B00907,0,499,9,24,7,4044,5,3,0,58.2379621926058,Retail,51-200,1,1,1
B2B00908,0,999,7,27,29,19,5,4,1,81.8828111611786,Technology,1000+,1,1,0
B2B00909,0,99,29,24,1,182,5,4,0,70.8461713962477,Retail,11-50,1,0,0
B2B00910,0,999,5,23,4,3778,25,14,4,96.09374807754266,Technology,11-50,2,0,0
B2B00911,0,999,20,25,12,70,50,22,2,79.53061105884095,Finance,51-200,3,1,0
B2B00912,0,199,6,31,22,184,5,3,2,87.86255516894505,Other,11-50,2,0,0
B2B00913,0,99,17,27,9,151,5,4,0,78.78111655337644,Healthcare,201-1000,3,1,0
B2B00914,0,499,5,27,12,110,5,4,1,65.73188518561169,Other,51-200,0,1,0
B2B00915,0,99,11,23,11,776,10,5,0,73.43601518709065,Retail,11-50,2,1,0
B2B00916,0,1999,19,29,7,1166,5,4,1,94.14946431771348,Healthcare,1-10,1,1,0
B2B00917,1,199,4,28,2,38,50,45,3,91.28119994858996,Healthcare,1000+,0,1,0
B2B00918,0,499,4,19,7,80,25,11,4,83.95388662794117,Other,51-200,3,1,0
B2B00919,0,199,8,24,4,514,10,4,2,72.24378193924808,Retail,51-200,3,1,0
B2B00920,0,999,7,25,3,8628,25,18,2,79.06894251372626,Technology,51-200,2,1,0
B2B00921,1,4999,12,18,5,355,5,3,2,67.29531725325295,Other,51-200,4,0,0
B2B00922,0,499,23,25,4,5335,5,4,1,81.5383847374439,Finance,51-200,3,0,0
B2B00923,1,99,27,16,0,468,50,42,1,82.97271453344925,Healthcare,51-200,1,0,0
B2B00924,0,199,1,26,11,403,5,2,1,93.79880891395081,Retail,1-10,3,1,0
B2B00925,1,499,11,24,10,52,5,3,0,96.6856706229201,Technology,201-1000,1,0,0
B2B00926,1,99,14,22,26,326,100,89,3,83.30701710067973,Finance,1-10,1,1,0
B2B00927,0,499,11,26,8,2148,100,73,1,67.85892833014509,Healthcare,11-50,1,0,0
B2B00928,0,499,3,20,4,955,5,4,0,66.08635301050244,Healthcare,51-200,1,1,0
B2B00929,1,499,4,22,5,24,50,39,1,80.95009086085646,Finance,11-50,3,0,0
B2B00930,0,999,10,16,2,254,10,8,0,83.00229761655498,Technology,11-50,7,1,0
B2B00931,1,99,25,24,13,1256,25,16,0,88.75402908244564,Healthcare,11-50,1,1,0
B2B00932,0,199,53,25,4,5284,25,20,0,67.47034259107573,Healthcare,1-10,3,0,0
B2B00933,1,199,8,30,5,144,5,3,0,95.40507542924,Finance,201-1000,4,1,0
B2B00934,0,999,15,23,1,1656,5,2,1,91.47421885600339,Other,51-200,3,1,0
B2B00935,0,1999,6,25,1,697,25,22,3,67.54498297587998,Healthcare,11-50,1,1,0
B2B00936,0,499,12,28,2,323,5,3,1,87.8676574141043,Finance,11-50,2,1,0
B2B00937,0,99,15,21,5,44,5,2,0,84.18087247895363,Retail,51-200,1,1,0
B2B00938,0,199,7,23,10,287,10,6,2,78.85994951528792,Finance,1-10,2,1,0
B2B00939,1,199,19,32,23,567,10,6,3,39.957776933834985,Technology,1000+,1,1,0
B2B00940,1,99,14,24,1,5,5,2,1,75.52019939406264,Other,201-1000,3,0,0
B2B00941,0,199,8,17,2,219,5,2,0,84.68673189566667,Finance,11-50,0,1,0
B2B00942,0,499,9,23,4,118,5,4,0,89.60516951966879,Healthcare,11-50,2,1,0
B2B00943,0,99,27,21,5,299,5,4,2,74.64570797251116,Technology,1000+,3,1,0
B2B00944,0,1999,7,18,6,99,25,24,0,75.50175500037406,Other,11-50,3,1,0
B2B00945,0,99,16,27,11,5743,5,3,2,69.67820470930536,Other,1-10,1,1,0
B2B00946,0,99,22,33,2,822,10,7,2,90.34010171228621,Healthcare,11-50,3,1,0
B2B00947,0,99,26,23,7,51,5,4,2,34.0636845364048,Other,11-50,3,1,0
B2B00948,1,99,11,28,7,731,25,10,1,82.65812380705563,Finance,51-200,2,0,0
B2B00949,0,199,7,19,4,46,10,9,1,89.51650980668454,Finance,11-50,2,0,0
B2B00950,0,99,7,20,1,142,50,39,0,92.9580686817898,Other,51-200,3,0,0
B2B00951,0,99,14,24,0,3,10,6,0,65.79036898553895,Finance,1-10,3,0,0
B2B00952,1,499,16,23,5,272,5,2,1,63.58769332776355,Technology,201-1000,3,0,0
B2B00953,0,1999,2,36,3,7358,50,49,2,88.8599654730991,Other,11-50,0,1,0
B2B00954,1,499,9,24,8,1440,5,4,3,94.1320994177262,Other,1000+,3,1,0
B2B00955,0,499,6,22,17,275,5,2,1,80.61800551431098,Finance,11-50,1,1,0
B2B00956,0,99,7,25,0,516,10,9,2,66.94225142038222,Retail,1000+,3,1,0
B2B00957,0,199,17,27,38,1077,10,6,2,74.06536522975782,Retail,51-200,3,0,0
B2B00958,0,4999,24,35,20,336,10,6,2,77.92007967686723,Finance,201-1000,1,1,0
B2B00959,1,99,1,27,7,2600,25,19,2,73.22738020320796,Other,11-50,1,1,0
B2B00960,1,199,26,26,6,13816,25,21,1,78.63944195225424,Finance,201-1000,2,1,0
B2B00961,0,199,7,30,4,105,100,85,0,93.07985019539237,Healthcare,1-10,2,1,0
B2B00962,0,99,3,14,3,90,100,72,3,83.49868434090457,Finance,1000+,2,1,0
B2B00963,1,999,16,19,11,95,5,4,0,94.27728456861033,Other,11-50,2,0,0
B2B00964,0,999,9,32,14,33,5,3,4,58.522096632556384,Retail,1-10,1,1,0
B2B00965,0,199,35,22,34,650,10,7,0,70.37052079142138,Retail,1-10,2,1,0
B2B00966,0,499,5,25,0,38,100,56,4,72.36886473669405,Retail,201-1000,2,1,0
B2B00967,0,199,10,34,2,1170,10,9,0,62.90556418447362,Retail,11-50,1,1,0
B2B00968,0,199,11,18,5,183,25,21,2,90.05712905864553,Other,11-50,5,1,0
B2B00969,0,99,6,26,5,5129,10,8,1,93.52337518882791,Retail,1-10,1,0,0
B2B00970,0,999,8,21,1,206,5,3,3,76.09792766544064,Other,1000+,2,1,0
B2B00971,1,99,26,25,23,1478,5,4,2,75.44957738329204,Healthcare,11-50,3,0,0
B2B00972,0,199,2,17,4,51,5,3,0,91.10302676671655,Other,1-10,1,0,0
B2B00973,0,99,8,24,0,28,5,3,2,93.82435977315234,Finance,11-50,1,1,0
B2B00974,0,499,2,26,1,18,25,20,3,89.35895557026956,Technology,51-200,4,1,0
B2B00975,1,99,12,24,6,70,25,11,0,68.89050396128458,Retail,11-50,1,0,0
B2B00976,1,199,6,26,7,20444,5,4,1,76.04807120742996,Healthcare,11-50,1,1,0
B2B00977,0,99,6,27,2,230,10,7,1,70.87928671535695,Retail,11-50,1,0,0
B2B00978,0,99,40,32,14,126,5,3,6,88.54004497036347,Retail,51-200,5,1,0
B2B00979,1,199,13,21,1,108,5,2,6,81.24631610830674,Finance,11-50,1,1,0
B2B00980,1,999,8,23,17,8,25,20,0,77.29611378668334,Finance,1-10,1,0,0
B2B00981,0,499,16,22,1,25,50,37,1,78.2715940331692,Healthcare,51-200,1,1,0
B2B00982,0,499,17,27,11,220,50,29,1,71.30932245399796,Other,1-10,2,0,0
B2B00983,0,1999,2,34,1,2,100,77,2,92.93580058345475,Finance,201-1000,1,1,0
B2B00984,0,199,29,22,5,139,25,14,0,98.65545550865802,Healthcare,11-50,5,0,0
B2B00985,0,199,3,33,4,942,5,4,2,89.76013722992393,Retail,1000+,3,1,0
B2B00986,0,199,3,31,0,77,10,8,2,40.12692583038956,Other,51-200,2,1,0
B2B00987,0,99,13,16,18,192,25,10,0,65.98706376142573,Retail,51-200,4,1,0
B2B00988,0,99,16,18,0,115,5,2,0,56.55199023302925,Healthcare,11-50,2,1,1
B2B00989,1,99,14,22,18,400,10,6,5,80.28470348834877,Finance,11-50,3,1,0
B2B00990,0,199,34,38,14,4138,50,29,3,79.60603021711977,Retail,11-50,5,1,0
B2B00991,0,499,4,28,9,3726,10,9,1,78.970636184811,Retail,201-1000,1,1,0
B2B00992,0,499,22,22,4,11,5,3,1,76.97470740016621,Other,1000+,2,1,0
B2B00993,0,999,4,18,13,32,10,5,0,72.08523305726328,Other,11-50,5,1,0
B2B00994,1,999,3,23,34,18,5,4,1,95.90371564124898,Retail,51-200,4,0,0
B2B00995,0,199,27,26,1,263,5,4,1,86.81789692753803,Finance,51-200,3,1,0
B2B00996,0,99,26,22,4,4832,10,5,2,77.35768511747936,Finance,1-10,5,1,0
B2B00997,0,199,3,18,12,80,5,3,2,86.2062217537988,Other,11-50,2,1,0
B2B00998,0,999,11,30,12,1,5,3,1,83.66707183549671,Retail,1-10,0,1,0
B2B00999,0,499,15,23,13,501,5,2,0,75.58039686240487,Other,1000+,2,0,0
B2B01000,0,499,10,27,0,28,5,3,2,77.2744825264327,Healthcare,1-10,3,1,0
B2B01001,0,199,2,19,10,380,10,8,0,75.5736863793801,Technology,201-1000,3,1,0
B2B01002,0,499,6,25,4,704,10,6,0,67.34573813618853,Other,51-200,1,1,0
B2B01003,0,99,1,31,3,9,50,38,2,86.93277627167484,Retail,11-50,5,1,0
B2B01004,0,199,27,29,0,36,5,4,1,81.27586068911738,Healthcare,51-200,4,0,0
B2B01005,0,99,4,28,1,1214,10,7,1,76.89839223788076,Technology,11-50,1,1,0
B2B01006,0,1999,4,33,2,169,10,4,2,89.77229704875535,Healthcare,201-1000,0,1,0
B2B01007,0,99,6,20,6,421,5,3,0,84.96136575445362,Technology,51-200,2,1,0
B2B01008,0,99,5,23,7,634,5,4,0,95.66031397101193,Other,1-10,2,1,0
B2B01009,1,499,15,27,8,82,25,17,0,58.199534897627494,Other,1000+,0,1,0
B2B01010,0,199,7,29,3,1138,5,3,0,74.70864501074688,Retail,11-50,0,1,0
B2B01011,0,499,18,25,6,43,10,7,1,81.6070763671121,Retail,1-10,2,1,0
B2B01012,0,499,18,20,0,786,10,4,5,94.03804721641333,Healthcare,51-200,3,0,0
B2B01013,0,999,4,30,7,77,5,2,2,68.7835835492157,Healthcare,51-200,2,0,0
B2B01014,0,99,8,26,9,306,25,13,6,51.97779958583914,Finance,201-1000,0,1,0
B2B01015,0,199,13,21,3,149,5,2,1,73.12547631629184,Retail,1000+,2,1,0
B2B01016,0,199,25,24,11,133,10,5,4,41.74496901286695,Finance,11-50,2,1,0
B2B01017,0,499,2,22,4,1757,5,2,2,94.97969775579996,Technology,1000+,4,1,0
B2B01018,0,199,7,23,3,40,50,35,4,74.58769204113473,Other,51-200,0,1,0
B2B01019,1,99,14,27,2,513,250,179,4,60.15756322397778,Retail,201-1000,2,1,0
B2B01020,0,999,19,21,21,95,50,34,4,92.00671882186498,Finance,51-200,2,0,1
B2B01021,1,99,13,28,1,110,5,2,2,92.98675100645049,Healthcare,51-200,4,1,0
B2B01022,0,999,19,30,3,11,250,153,4,57.28542736255133,Technology,1-10,0,1,0
B2B01023,1,99,4,21,3,3,5,4,2,71.72269104616394,Retail,201-1000,0,1,0
B2B01024,1,1999,9,28,3,142,250,196,5,79.4823176663104,Other,11-50,0,1,0
B2B01025,0,199,7,17,7,6,50,32,2,69.11378292348968,Other,11-50,2,1,0
B2B01026,0,99,1,23,1,9,5,4,0,72.50989298553361,Retail,11-50,0,1,0
B2B01027,0,1999,18,30,3,3,5,3,4,57.439886853142596,Healthcare,1-10,2,1,0
B2B01028,0,999,8,25,27,690,100,70,1,82.98201240468694,Finance,11-50,1,1,0
B2B01029,0,99,2,31,4,42,10,4,4,86.77229539369824,Other,51-200,5,0,0
B2B01030,1,499,22,25,16,131,25,19,3,67.73985676390608,Finance,1000+,4,1,0
B2B01031,0,199,15,19,3,742,25,14,2,77.0599512643364,Technology,1000+,2,0,0
B2B01032,1,99,6,31,2,5050,5,4,1,79.95055844397191,Retail,11-50,0,1,0
B2B01033,0,199,5,18,2,13,5,3,3,89.60130147954635,Other,201-1000,1,1,0
B2B01034,1,499,23,27,14,4,10,9,2,74.02444296536265,Retail,11-50,2,1,0
B2B01035,1,499,20,23,26,44,10,7,0,76.75327905409614,Other,51-200,2,0,0
B2B01036,0,999,3,21,18,329,50,42,5,86.98130853309948,Finance,1000+,2,1,0
B2B01037,0,1999,4,36,4,23,5,2,5,66.89921588582543,Healthcare,11-50,5,1,0
B2B01038,0,99,9,23,1,40,5,4,0,80.09935383286987,Other,201-1000,0,1,0
B2B01039,0,999,5,26,3,1,5,2,2,59.757168365716794,Healthcare,1-10,1,1,0
B2B01040,0,499,5,24,7,104,25,20,4,59.3813995325368,Technology,51-200,2,1,0
B2B01041,0,99,5,31,2,2,5,4,0,64.23337387538479,Finance,1-10,1,1,0
B2B01042,0,499,23,22,11,166,5,3,0,80.94054347119511,Other,51-200,4,1,0
B2B01043,0,199,3,24,6,2721,100,97,1,58.73893341057439,Other,11-50,0,0,0
B2B01044,0,499,12,23,0,298,50,45,3,63.146540479770806,Other,201-1000,2,1,0
B2B01045,0,99,9,23,2,35,10,6,1,98.55779416665436,Healthcare,201-1000,2,0,0
B2B01046,0,4999,19,34,0,210,250,221,1,90.33864509677997,Finance,1000+,1,1,0
B2B01047,1,499,5,32,9,55,5,2,2,85.61994520113994,Retail,1-10,2,1,0
B2B01048,0,499,4,26,7,63851,5,4,1,89.0293293632762,Technology,201-1000,3,1,0
B2B01049,0,499,22,28,1,82,25,12,2,63.12170240945366,Healthcare,201-1000,1,1,0
B2B01050,0,99,3,32,2,1107,10,8,5,86.88804862603152,Retail,11-50,1,1,0
B2B01051,0,99,13,25,12,205,5,2,0,96.42085251424322,Finance,11-50,4,1,0
B2B01052,0,499,6,26,0,53,5,3,0,88.04121499370964,Technology,51-200,1,1,0
B2B01053,0,199,14,22,32,109,10,4,1,85.71833924262553,Finance,11-50,2,1,1
B2B01054,0,199,1,27,24,1573,10,4,0,72.91894592399733,Finance,51-200,0,1,0
B2B01055,0,99,3,20,6,315,10,5,1,85.61002417090981,Other,51-200,2,1,0
B2B01056,0,499,29,24,3,59,5,4,0,76.82688473148228,Healthcare,11-50,1,1,0
B2B01057,0,1999,17,25,0,732,5,2,2,78.65374908921652,Finance,1-10,4,1,0
B2B01058,0,99,4,26,4,24,5,2,3,96.08921528266963,Technology,51-200,0,1,0
B2B01059,0,199,23,23,1,105,100,50,2,95.5286068175626,Retail,11-50,2,1,0
B2B01060,0,499,6,28,2,162,5,3,1,76.55356087930726,Other,201-1000,2,1,0
B2B01061,0,499,16,27,2,63,5,3,0,78.70299057856818,Other,11-50,2,1,0
B2B01062,0,99,3,28,2,116,50,27,0,83.09120598516695,Other,11-50,1,1,0
B2B01063,0,99,2,22,15,179,10,9,6,81.76473056005462,Healthcare,201-1000,0,1,0
B2B01064,1,1999,10,24,11,0,10,6,2,74.28359786714334,Retail,51-200,0,1,0
B2B01065,0,999,5,26,6,10647,5,4,1,77.55280958054898,Other,11-50,4,0,0
B2B01066,0,1999,42,23,0,247,10,8,0,61.895544637699984,Healthcare,51-200,2,0,0
B2B01067,0,199,5,18,1,741,5,4,1,74.02877380129182,Healthcare,201-1000,2,0,0
B2B01068,0,999,1,27,1,153,5,3,1,64.39943597025342,Other,51-200,0,1,0
B2B01069,0,1999,21,21,9,308,10,8,4,83.41047471275188,Finance,1000+,1,1,0
B2B01070,0,199,6,32,5,891,5,4,2,71.69676272345161,Retail,11-50,0,0,0
B2B01071,0,1999,27,22,5,68,5,2,4,70.43453257437167,Other,51-200,3,1,0
B2B01072,0,99,39,18,15,1003,5,3,4,82.48008461223722,Retail,11-50,2,0,0
B2B01073,0,999,12,27,0,78,10,8,0,66.96019498449147,Other,11-50,2,1,0
B2B01074,0,99,4,36,0,101,10,9,2,86.7726685002917,Technology,201-1000,4,1,0
B2B01075,0,199,14,27,11,2154,10,8,1,70.49196764023318,Other,11-50,3,1,0
B2B01076,0,499,17,21,1,72,50,28,2,95.29898510359199,Technology,1-10,1,0,0
B2B01077,0,4999,26,24,0,98,25,19,1,73.95667137303221,Technology,201-1000,0,1,0
B2B01078,0,1999,4,32,5,58,25,11,0,80.30014591704041,Retail,1-10,1,1,0
B2B01079,1,499,27,25,0,95,5,3,0,91.50782829212835,Technology,201-1000,2,0,0
B2B01080,0,199,5,27,2,45,5,4,0,95.31849459122806,Technology,201-1000,1,0,0
B2B01081,0,99,60,28,3,1772,10,8,2,62.22353405747294,Technology,11-50,0,1,0
B2B01082,0,199,8,21,2,1430,5,2,1,79.0402145530934,Other,1-10,2,1,0
B2B01083,0,999,48,31,1,119,10,9,6,78.97741963330905,Healthcare,1-10,3,0,0
B2B01084,0,499,19,31,9,73,10,7,3,62.83445971025642,Retail,11-50,1,1,0
B2B01085,0,499,13,27,15,4,25,19,2,82.86723769381953,Technology,1-10,2,1,0
B2B01086,0,499,9,17,8,32,50,32,1,94.67354124445602,Retail,201-1000,0,0,0
B2B01087,0,99,5,21,10,20,5,4,2,81.83854249722239,Retail,1-10,2,1,0
B2B01088,0,999,7,27,4,86,5,4,1,82.9786424067811,Healthcare,1-10,1,1,0
B2B01089,0,99,12,29,19,19,100,50,4,52.68870394707308,Finance,11-50,1,1,0
B2B01090,1,99,4,24,2,15,5,2,0,98.89006070100291,Technology,51-200,2,1,0
B2B01091,0,999,6,27,1,211,5,3,0,61.1430186601335,Retail,1-10,1,1,0
B2B01092,0,199,18,28,28,297,50,44,1,93.8958734541966,Healthcare,51-200,3,1,0
B2B01093,0,1999,9,21,1,1577,5,3,0,92.81957829553276,Other,201-1000,0,1,0
B2B01094,0,999,7,26,3,706,10,9,0,89.0086066967865,Retail,201-1000,2,1,0
B2B01095,1,199,25,32,5,403,5,4,1,88.59393512353702,Finance,1000+,2,1,0
B2B01096,1,99,2,24,0,99,10,8,1,94.89985648382554,Technology,11-50,1,1,0
B2B01097,0,99,24,21,10,107,50,22,0,88.93491013091295,Other,1-10,3,1,0
B2B01098,0,99,8,21,11,231,5,3,1,80.38779699808963,Finance,1-10,2,0,0
B2B01099,0,99,17,15,10,2,5,4,1,92.50587368285447,Other,51-200,4,1,0
B2B01100,0,99,23,25,3,688,25,20,1,81.49430486582709,Healthcare,1-10,4,1,0
B2B01101,0,99,7,20,1,275,250,182,2,67.8272326355188,Finance,51-200,1,1,0
B2B01102,1,199,2,15,19,46,50,44,2,86.8288228934796,Healthcare,201-1000,2,1,0
B2B01103,0,499,17,35,10,160,5,2,1,47.465545999726785,Retail,201-1000,2,1,0
B2B01104,1,499,10,31,3,156,25,16,2,79.47972030777314,Finance,1000+,3,1,1
B2B01105,1,499,1,21,7,6,5,3,2,80.45633893499209,Technology,201-1000,1,0,0
B2B01106,0,99,3,20,2,1276,25,24,2,89.21916501959456,Finance,51-200,0,1,0
B2B01107,0,499,5,29,3,17,5,2,4,93.73571617576707,Healthcare,1-10,2,1,0
B2B01108,0,199,7,26,8,6,5,4,2,56.59690440833186,Technology,51-200,1,0,0
B2B01109,0,499,3,22,10,16248,5,2,0,73.8662927226536,Finance,51-200,1,0,0
B2B01110,1,199,6,17,2,644,25,11,1,87.57828239986803,Other,51-200,1,1,0
B2B01111,0,199,21,27,10,38,25,10,0,71.01425877755187,Technology,201-1000,3,0,0
B2B01112,0,99,29,26,7,2413,25,16,4,96.53030639573265,Technology,11-50,3,1,0
B2B01113,0,199,2,18,3,24,10,8,0,97.77999084020618,Other,11-50,0,1,0
B2B01114,0,999,4,19,12,8,25,23,2,90.3324271471023,Other,1-10,3,0,0
B2B01115,1,99,2,25,0,15,250,173,1,79.73348001061512,Other,1000+,1,1,0
B2B01116,0,99,6,20,3,281,25,13,0,88.84174669342774,Healthcare,51-200,2,1,0
B2B01117,0,1999,14,22,17,874,50,36,2,72.30219975095086,Retail,11-50,2,1,0
B2B01118,0,99,7,22,9,44,5,4,0,78.17022204882129,Healthcare,201-1000,4,1,0
B2B01119,0,999,16,19,1,13471,10,8,3,82.85832474011883,Finance,11-50,2,1,0
B2B01120,0,499,9,18,4,11,5,3,1,75.12931673476861,Healthcare,1-10,4,1,0
B2B01121,0,499,30,23,4,115,5,2,2,92.5611812699061,Healthcare,51-200,3,1,0
B2B01122,0,199,1,20,2,60,25,10,2,86.58944466265248,Finance,1-10,1,1,0
B2B01123,0,199,3,19,10,57,25,19,0,76.58668295608835,Finance,51-200,5,1,0
B2B01124,1,499,22,25,3,988,5,2,0,87.77760279192869,Technology,201-1000,3,1,0
B2B01125,0,99,14,27,7,14,5,4,2,96.21456449650067,Healthcare,11-50,1,1,0
B2B01126,0,99,8,24,14,64,5,4,2,59.84388166851422,Other,201-1000,3,1,0
B2B01127,0,99,13,31,2,1577,5,3,1,75.75642214620572,Healthcare,201-1000,1,0,0
B2B01128,1,99,16,22,20,187,25,24,3,93.51569303161727,Healthcare,1-10,1,1,0
B2B01129,0,499,9,22,0,45,100,96,1,51.458437277722204,Other,51-200,0,1,0
B2B01130,0,999,15,26,4,27,5,4,2,81.50435986610952,Retail,1000+,2,1,0
B2B01131,1,199,5,34,2,167,10,7,3,70.3838544775608,Retail,11-50,0,1,0
B2B01132,0,99,14,25,6,505,5,2,1,69.234434109072,Retail,11-50,1,1,0
B2B01133,0,99,13,25,8,375,10,7,2,82.45418345418275,Healthcare,51-200,2,1,0
B2B01134,0,99,5,28,32,21,10,9,1,64.1547755669705,Retail,51-200,1,1,0
B2B01135,1,999,21,20,2,1254,5,3,2,44.373539616176345,Healthcare,1000+,2,1,0
B2B01136,0,99,6,29,8,78900,5,4,2,74.00363491626145,Finance,51-200,0,1,0
B2B01137,0,199,5,19,10,141,10,7,1,88.49314457323631,Healthcare,51-200,1,1,0
B2B01138,1,99,5,19,3,18,50,32,1,66.02499884133796,Finance,51-200,1,1,0
B2B01139,0,199,19,20,15,1507,5,4,1,72.65690768114005,Retail,51-200,0,0,0
B2B01140,0,4999,13,27,15,175,10,4,3,78.69747481423617,Finance,51-200,1,1,0
B2B01141,0,99,16,27,4,969,10,8,4,84.36026082074271,Technology,1-10,1,1,0
B2B01142,0,199,14,26,2,3279,5,2,0,91.30069000207064,Technology,11-50,1,0,0
B2B01143,0,499,8,19,0,357,10,4,2,76.05557439715838,Retail,11-50,2,1,0
B2B01144,0,199,6,26,11,222,50,41,2,73.85208660941485,Healthcare,51-200,1,1,0
B2B01145,0,99,13,29,4,11,5,2,0,71.06218130643204,Healthcare,11-50,0,1,0
B2B01146,0,1999,9,28,4,395,5,2,3,76.44919615583673,Technology,51-200,4,1,0
B2B01147,0,4999,2,33,11,470,5,4,4,72.31251009372596,Finance,11-50,2,1,1
B2B01148,0,999,19,24,16,422,100,89,0,87.28792963761988,Retail,11-50,3,1,0
B2B01149,0,199,22,29,0,65,5,3,1,75.70951696777975,Retail,51-200,1,1,0
B2B01150,0,199,12,31,1,40,100,66,2,97.27984734257521,Other,51-200,1,0,0
B2B01151,0,999,8,34,35,82,5,4,0,79.64056804212706,Retail,11-50,0,1,0
B2B01152,0,1999,3,27,1,8,25,17,0,66.59031149741155,Finance,1-10,0,1,0
B2B01153,0,99,18,27,7,68,25,17,2,81.8682242485582,Technology,51-200,0,1,0
B2B01154,0,499,9,34,7,349,5,4,1,51.7901097412929,Retail,11-50,1,1,0
B2B01155,1,199,9,16,0,253,25,18,0,66.19229333822211,Other,51-200,4,1,0
B2B01156,0,1999,8,20,1,231,5,3,2,66.0568929090935,Retail,51-200,3,1,0
B2B01157,1,999,3,21,3,71,10,9,3,97.23842613640005,Technology,51-200,1,1,0
B2B01158,0,99,4,23,3,59,10,9,0,92.03222805297958,Technology,1-10,1,1,0
B2B01159,0,99,8,20,9,174,10,9,3,91.33106859425749,Finance,201-1000,3,0,0
B2B01160,0,199,2,21,1,77,5,3,1,62.71983500631904,Finance,1-10,1,1,0
B2B01161,0,4999,4,31,5,27,25,15,4,70.89511815800232,Healthcare,1-10,1,0,0
B2B01162,0,199,16,23,19,143,10,4,1,62.36025674650105,Retail,11-50,2,1,0
B2B01163,0,999,18,26,6,217,5,2,0,78.08660037665184,Healthcare,11-50,3,1,0
B2B01164,0,499,18,18,6,28,50,44,0,82.03703711037129,Technology,1-10,3,1,0
B2B01165,0,199,1,15,4,74,50,35,1,87.46161452417877,Finance,51-200,2,0,0
B2B01166,1,99,7,21,4,29850,50,49,1,69.67375668234797,Retail,1-10,4,0,0
B2B01167,1,499,14,35,3,19,5,3,0,83.783422098746,Healthcare,1000+,3,0,0
B2B01168,0,199,4,18,20,134,10,7,0,92.36705327267939,Healthcare,201-1000,5,1,0
B2B01169,0,499,25,33,21,86,50,30,0,72.78569869255006,Technology,51-200,4,1,0
B2B01170,1,999,13,26,4,74,5,4,1,81.11454584992082,Other,1-10,4,0,0
B2B01171,0,499,32,20,1,72,5,3,3,67.09563143824175,Technology,201-1000,4,1,0
B2B01172,0,499,16,26,3,15046,50,29,2,84.02990797512008,Retail,11-50,1,1,0
B2B01173,0,199,1,27,15,92,100,63,0,46.18161615169557,Technology,11-50,1,1,0
B2B01174,0,99,14,24,0,56,5,4,3,89.49991112075932,Other,201-1000,3,0,0
B2B01175,1,499,8,33,0,361,10,6,0,79.19870890761467,Retail,1-10,6,1,0
B2B01176,0,99,8,18,0,114,5,2,0,73.64937863028129,Healthcare,1-10,0,0,0
B2B01177,0,199,6,29,2,8,5,3,2,67.62060037824791,Healthcare,11-50,1,1,0
B2B01178,0,999,8,37,3,427,5,4,1,81.3924451461715,Finance,1-10,2,1,0
B2B01179,0,999,16,32,16,5509,10,4,1,90.53419396553377,Healthcare,11-50,3,1,0
B2B01180,0,999,8,22,4,194,5,2,2,78.8121539567072,Finance,51-200,0,1,0
B2B01181,0,99,12,15,1,90,100,51,2,88.762409596741,Finance,201-1000,5,1,0
B2B01182,1,499,5,26,6,94,10,6,1,58.099857116956855,Other,51-200,3,1,0
B2B01183,0,99,5,28,11,90,25,20,2,96.72557288411403,Technology,1000+,1,0,0
B2B01184,0,999,12,27,8,42,10,5,1,81.1058783572143,Healthcare,201-1000,6,1,0
B2B01185,0,99,25,32,2,273,5,3,1,99.1498583246787,Other,11-50,2,0,0
B2B01186,1,1999,13,25,3,101,10,4,1,66.32801219414917,Healthcare,51-200,1,1,0
B2B01187,0,499,12,36,3,7,10,5,0,78.26747181944232,Retail,1-10,2,0,0
B2B01188,0,199,14,15,12,46,10,4,0,79.80421222655696,Technology,11-50,1,1,0
B2B01189,0,499,9,26,5,109,25,16,2,83.1554112000972,Other,11-50,4,1,0
B2B01190,0,199,5,31,11,413,5,4,0,58.122883031219445,Finance,1000+,3,1,0
B2B01191,0,499,9,19,1,118,50,25,3,66.24358087073242,Retail,51-200,3,1,0
B2B01192,0,99,10,36,3,181,50,37,0,90.60322363042913,Other,11-50,6,0,0
B2B01193,0,1999,3,17,5,88,100,43,1,90.90510275922867,Healthcare,51-200,4,1,0
B2B01194,0,999,5,27,13,26,10,8,2,68.23588981488106,Retail,11-50,2,1,0
B2B01195,0,499,10,27,4,124,10,9,3,88.00146755267694,Retail,201-1000,2,1,0
B2B01196,0,999,5,34,1,10,5,4,0,57.191695317819466,Finance,201-1000,3,1,0
B2B01197,0,99,29,20,0,706,5,2,1,92.21315071184392,Healthcare,201-1000,3,1,0
B2B01198,0,499,9,20,7,46,5,4,0,63.812340219257045,Retail,51-200,2,0,0
B2B01199,0,199,5,27,7,15,5,2,2,61.672340778578125,Technology,201-1000,1,0,0
B2B01200,1,99,1,20,22,554,10,6,0,71.2203994618201,Retail,1000+,2,0,0
B2B01201,0,199,43,26,6,22,5,3,5,82.83039087261497,Technology,51-200,3,0,0
B2B01202,0,499,6,25,9,15,100,56,3,89.55149008101566,Finance,201-1000,2,1,0
B2B01203,0,999,13,22,4,133,5,2,3,86.8823980734798,Finance,11-50,2,1,0
B2B01204,1,999,10,26,2,249,10,8,1,54.45463881244707,Retail,1-10,3,1,0
B2B01205,1,999,8,25,15,7,5,2,2,61.033184372765106,Retail,201-1000,0,0,0
B2B01206,0,499,10,21,11,121,25,22,0,80.50244790324965,Technology,51-200,2,1,0
B2B01207,0,99,18,31,2,15,10,9,2,89.97872979154137,Retail,201-1000,4,1,0
B2B01208,0,99,14,29,2,35,250,161,3,73.27644043796488,Healthcare,11-50,2,1,0
B2B01209,0,999,1,33,0,25,250,190,3,91.58505676996032,Healthcare,11-50,1,1,0
B2B01210,1,99,18,21,1,88,10,9,0,48.520857154557945,Technology,1-10,2,1,0
B2B01211,0,199,11,24,0,133,10,7,0,90.18156171411408,Retail,1000+,1,1,0
B2B01212,0,99,6,18,7,2726,5,3,1,65.57726958104915,Healthcare,201-1000,2,1,0
B2B01213,0,199,14,36,2,289,50,33,0,74.63632333825218,Retail,11-50,5,1,0
B2B01214,0,199,7,18,2,5301,5,2,2,91.11112889078782,Retail,51-200,2,1,0
B2B01215,0,199,4,29,21,66,5,3,6,66.89243526603292,Finance,11-50,1,1,0
B2B01216,0,999,27,31,13,81,50,39,1,78.31866514422379,Finance,1-10,2,1,0
B2B01217,1,199,5,27,2,66,5,2,1,85.88608578997473,Finance,11-50,0,0,0
B2B01218,0,499,6,27,1,12,10,4,2,72.76881040084137,Retail,1-10,3,0,1
B2B01219,0,499,6,38,11,2,5,4,1,90.50632434876644,Other,1000+,4,1,0
B2B01220,1,99,8,26,4,178,50,46,0,36.79781324002715,Retail,51-200,2,0,0
B2B01221,0,99,6,30,1,1133,5,3,1,89.06742983146346,Other,11-50,0,1,0
B2B01222,0,199,2,23,8,698,5,3,1,90.09883081034472,Other,51-200,6,1,0
B2B01223,1,1999,15,31,5,39,5,3,2,92.79031622688453,Healthcare,51-200,1,1,0
B2B01224,0,999,14,22,11,40,5,2,0,80.66001634873372,Technology,51-200,1,0,0
B2B01225,0,499,2,17,18,1931,25,15,2,64.13919850750788,Other,51-200,2,1,0
B2B01226,0,999,8,24,28,65,100,65,1,72.95868300777745,Healthcare,201-1000,1,0,0
B2B01227,0,499,28,14,6,31,10,7,3,66.70921083758373,Healthcare,51-200,1,1,0
B2B01228,0,1999,1,36,4,1565,5,3,3,88.94129829259589,Finance,1000+,3,1,0
B2B01229,0,499,13,25,7,39,100,76,3,74.3811376311806,Other,51-200,2,1,0
B2B01230,0,999,26,18,0,127,25,21,1,91.6409123415882,Technology,11-50,3,1,0
B2B01231,0,999,1,28,10,263,50,33,0,96.48209685345802,Other,1-10,1,0,0
B2B01232,0,99,14,23,5,9,10,9,0,86.12757797713158,Other,51-200,1,1,0
B2B01233,0,199,3,29,22,3579,5,2,1,77.05167028147086,Retail,11-50,3,0,0
B2B01234,1,99,17,14,9,119,5,3,3,93.72284145724554,Technology,11-50,4,1,0
B2B01235,1,199,6,28,4,31,5,2,2,59.23490456922428,Retail,11-50,4,1,0
B2B01236,0,999,6,23,17,9,5,2,3,69.57423356482903,Retail,51-200,2,1,0
B2B01237,0,1999,6,27,19,64,100,77,2,65.91287253819749,Retail,1000+,0,1,0
B2B01238,0,99,5,25,4,604,10,9,1,91.08024245029279,Other,51-200,5,0,0
B2B01239,1,199,6,28,7,11,10,7,0,84.7035116492817,Retail,1-10,1,1,0
B2B01240,1,199,1,25,1,17,100,81,3,79.89219472511435,Other,51-200,1,1,0
B2B01241,0,99,12,28,6,22,10,7,1,62.40260600364771,Retail,51-200,1,0,0
B2B01242,0,99,10,20,12,175,10,9,3,82.98705044484784,Finance,1000+,2,1,0
B2B01243,0,99,15,26,1,6,10,6,1,78.02255355135114,Retail,1000+,2,1,0
B2B01244,0,999,5,28,1,24,5,4,3,55.65244757839105,Technology,201-1000,1,1,0
B2B01245,0,999,8,21,5,1642,10,6,3,92.05753518168692,Retail,1-10,1,1,0
B2B01246,0,999,9,39,30,130,5,4,0,91.43240056139697,Other,1000+,2,1,0
B2B01247,0,199,12,30,9,39,5,2,3,67.95366316992396,Healthcare,51-200,2,0,0
B2B01248,0,199,3,24,0,72,10,5,1,79.70158604312033,Healthcare,51-200,5,1,0
B2B01249,0,4999,15,36,0,7778,5,3,3,51.05662008831921,Healthcare,1-10,1,1,0
B2B01250,1,499,9,25,12,50,5,2,1,91.72564665668024,Technology,11-50,3,0,0
B2B01251,0,499,5,32,4,579,25,24,0,79.88830646010388,Retail,51-200,0,0,0
B2B01252,1,199,25,30,0,244,50,23,0,73.50154239007853,Finance,11-50,2,1,0
B2B01253,0,199,8,27,1,98,5,4,0,66.46226592344526,Finance,201-1000,1,1,0
B2B01254,0,199,14,29,9,8,5,3,4,65.21451499712131,Retail,1-10,5,1,0
B2B01255,0,99,12,24,8,57,25,21,1,74.00373456873703,Other,1-10,2,1,0
B2B01256,0,99,11,33,12,1736,100,66,0,64.03321846272081,Other,201-1000,4,1,0
B2B01257,0,999,7,36,17,1664,10,8,1,69.60876215862642,Finance,11-50,2,1,0
B2B01258,0,499,25,21,1,6,100,40,0,70.76055824093336,Technology,51-200,2,1,0
B2B01259,0,99,4,22,2,72,5,2,1,69.60137245555208,Healthcare,11-50,2,1,0
B2B01260,0,99,14,18,6,1170,10,8,1,95.3537836565839,Other,1000+,3,1,0
B2B01261,1,999,4,24,26,461,25,10,2,57.76628489482487,Technology,1000+,1,1,0
B2B01262,0,99,13,25,29,87,100,64,1,88.15395352597571,Technology,1000+,0,0,0
B2B01263,0,4999,12,23,1,205,5,3,4,76.67823374535133,Retail,201-1000,3,1,0
B2B01264,0,199,5,23,11,463,50,39,2,75.85240160399307,Finance,11-50,2,1,0
B2B01265,0,99,11,23,9,18,5,4,4,92.91505496189828,Finance,11-50,5,0,0
B2B01266,1,99,8,21,9,22,25,13,3,69.23252675297927,Technology,11-50,1,1,0
B2B01267,0,99,12,30,1,7,25,21,6,90.13115941501762,Healthcare,1-10,5,1,0
B2B01268,1,1999,23,21,1,512,50,22,1,89.8749216625272,Healthcare,11-50,3,0,0
B2B01269,1,499,15,25,2,557,5,2,0,74.22157350039815,Healthcare,1000+,2,0,0
B2B01270,0,199,7,25,3,2,10,7,4,93.74115063188373,Healthcare,51-200,2,1,0
B2B01271,1,99,15,22,1,1289,100,65,3,79.01544724773369,Retail,201-1000,3,1,0
B2B01272,0,199,6,19,15,30,5,2,4,61.740860755101615,Technology,11-50,3,1,0
B2B01273,0,499,9,25,0,2969,5,2,3,75.18222227766235,Retail,201-1000,1,1,0
B2B01274,0,999,15,31,6,37,5,2,0,95.39515084928514,Technology,201-1000,1,1,0
B2B01275,0,499,3,19,18,58,25,14,1,90.32870503572732,Technology,201-1000,2,0,0
B2B01276,0,99,23,21,3,2091,5,4,3,94.08684148946375,Other,11-50,1,1,0
B2B01277,0,99,10,30,1,5073,10,7,0,77.2336980669762,Retail,1000+,1,0,0
B2B01278,0,199,9,35,3,160,5,4,1,73.64687845067483,Retail,11-50,4,1,0
B2B01279,0,99,9,17,3,15147,5,2,0,69.7147977179575,Retail,201-1000,5,0,0
B2B01280,0,199,5,29,1,301,5,2,2,80.82157537826427,Technology,11-50,2,1,0
B2B01281,0,99,17,15,4,2054,25,15,1,67.44077341457043,Finance,201-1000,2,1,0
B2B01282,0,99,14,25,0,865,5,4,3,91.64668388150733,Other,11-50,1,1,0
B2B01283,1,999,3,18,7,61,25,23,1,53.33755662034023,Other,51-200,3,1,0
B2B01284,0,999,19,22,6,15,10,9,1,86.78610221207992,Finance,201-1000,2,0,0
B2B01285,0,499,5,29,5,5172,5,4,3,79.29853417575549,Finance,201-1000,3,1,0
B2B01286,0,499,11,31,6,102,10,8,5,85.98438840243602,Technology,201-1000,1,1,0
B2B01287,0,99,42,33,3,40100,5,4,2,85.0886626521656,Retail,11-50,2,1,0
B2B01288,0,999,12,34,9,850,10,5,0,61.60368939682003,Healthcare,11-50,3,0,0
B2B01289,0,999,12,26,6,203,5,3,5,90.73967823400056,Finance,51-200,1,1,0
B2B01290,0,199,4,17,25,699,250,128,0,77.02862778082797,Technology,1000+,1,1,0
B2B01291,0,99,8,22,5,1046,100,70,1,64.26419684896645,Finance,11-50,4,1,0
B2B01292,1,999,3,21,17,42,100,77,1,89.82021581097239,Retail,51-200,4,1,0
B2B01293,1,499,2,22,1,44,5,2,2,88.56450669536093,Healthcare,51-200,1,1,0
B2B01294,1,499,7,30,2,1247,50,30,0,72.73837598846683,Retail,201-1000,1,1,0
B2B01295,1,199,16,16,6,1,5,3,0,79.75323619297093,Retail,51-200,1,1,0
B2B01296,0,4999,12,28,2,5,10,4,2,96.85508875462517,Other,51-200,3,1,0
B2B01297,0,1999,7,25,1,594,10,5,1,88.18442171602973,Other,51-200,2,1,1
B2B01298,0,499,5,25,15,101,50,23,0,88.27270342927747,Healthcare,201-1000,1,0,1
B2B01299,0,499,4,21,0,24,25,21,0,69.5377972296479,Finance,1-10,1,1,0
B2B01300,1,999,5,16,4,1629,10,4,2,86.87958398972951,Other,51-200,2,1,0
B2B01301,0,199,8,23,5,64,10,8,0,88.4484502279045,Retail,1-10,0,1,0
B2B01302,0,99,5,31,8,20,100,46,0,89.9832522692,Other,11-50,3,0,0
B2B01303,0,99,15,33,20,223,10,4,0,81.39798933503002,Technology,11-50,3,1,0
B2B01304,1,499,2,34,8,268,25,22,1,94.97201072307625,Technology,51-200,2,1,0
B2B01305,1,199,4,19,18,38,10,8,2,81.4654185909841,Technology,51-200,1,0,0
B2B01306,1,199,2,24,1,72,50,44,0,73.82981289601285,Healthcare,51-200,4,1,0
B2B01307,0,4999,8,37,6,60,25,18,0,66.86089400119118,Healthcare,51-200,2,0,0
B2B01308,0,499,1,23,13,128,10,9,2,84.91149996533294,Other,1-10,3,1,0
B2B01309,1,499,8,26,0,270,50,47,6,55.40828411716222,Other,1000+,2,1,0
B2B01310,0,199,1,22,9,7467,100,70,3,91.55448641816855,Technology,201-1000,3,1,0
B2B01311,0,499,6,24,11,109,50,28,2,94.38696167161693,Finance,201-1000,4,1,0
B2B01312,0,99,10,20,22,733,5,3,2,84.24834627126108,Other,11-50,4,1,0
B2B01313,0,499,8,30,14,146,10,6,1,60.163435615607675,Retail,11-50,3,1,0
B2B01314,1,99,3,19,2,21,100,88,3,85.90932710230122,Technology,51-200,3,1,0
B2B01315,1,1999,5,23,11,2447,10,6,3,81.85534666764349,Other,51-200,2,1,0
B2B01316,0,199,9,25,15,158,5,3,0,87.48796962263496,Technology,1-10,2,0,0
B2B01317,1,199,3,20,9,25,5,3,0,85.88647708119885,Retail,1000+,2,1,0
B2B01318,1,4999,5,20,5,1390,25,13,1,85.25214679372971,Technology,11-50,2,1,0
B2B01319,0,99,17,18,3,103,5,2,0,78.31242668769723,Healthcare,11-50,4,1,0
B2B01320,0,999,6,21,8,92,5,4,3,82.54876971172189,Technology,51-200,6,0,0
B2B01321,0,999,2,33,3,153,25,16,1,70.90499112932866,Finance,1-10,2,0,0
B2B01322,0,199,23,38,6,101,5,3,2,87.15032857843515,Finance,11-50,1,1,0
B2B01323,0,99,6,30,4,1998,25,18,1,95.00463318956383,Retail,11-50,2,1,0
B2B01324,0,499,14,32,19,314,5,4,1,79.49383851548166,Technology,201-1000,2,1,0
B2B01325,1,499,12,19,15,561,5,4,3,61.09600721864247,Technology,51-200,1,1,0
B2B01326,0,999,5,24,4,19,250,174,0,55.958408394489034,Finance,1000+,1,1,0
B2B01327,0,499,5,20,8,2070,50,46,1,54.56270055935906,Other,11-50,0,1,0
B2B01328,0,99,4,28,3,40,10,8,1,67.36432996472819,Finance,201-1000,1,1,0
B2B01329,1,99,4,30,2,452,25,16,0,88.30067510152794,Finance,11-50,4,1,0
B2B01330,1,199,15,30,1,1934,10,5,1,89.24760795443298,Healthcare,11-50,2,1,0
B2B01331,0,99,35,21,9,64,100,46,2,58.910938342162936,Other,11-50,4,1,0
B2B01332,0,499,5,34,4,1129,5,3,2,94.74816714077068,Other,11-50,5,1,0
B2B01333,1,999,11,25,8,126,5,2,2,73.75191278185602,Healthcare,11-50,1,1,0
B2B01334,0,4999,2,32,1,97,250,243,0,73.52537275144483,Retail,1-10,4,1,0
B2B01335,1,199,18,21,7,39,10,7,0,80.10217782238239,Other,1-10,3,1,0
B2B01336,0,999,4,26,4,107,50,48,1,82.10213379821177,Finance,51-200,2,1,0
B2B01337,0,999,9,29,4,331,10,8,0,78.20221475803314,Technology,201-1000,4,0,0
B2B01338,0,499,9,26,0,6,5,3,3,91.9564840634969,Technology,1-10,1,1,0
B2B01339,0,499,10,21,30,57,25,14,2,62.14719041209058,Finance,1000+,2,1,0
B2B01340,1,499,20,20,19,13,5,2,2,87.17212631876711,Healthcare,51-200,2,0,0
B2B01341,0,4999,9,18,0,333,5,2,3,98.51306802899352,Healthcare,11-50,2,1,0
B2B01342,0,4999,10,37,4,228,10,9,3,91.83140855920087,Finance,201-1000,4,1,0
B2B01343,0,99,15,28,0,1428,5,2,2,94.5078913300713,Healthcare,1000+,2,0,0
B2B01344,0,99,8,23,0,2,5,3,0,85.98124855001285,Other,11-50,4,1,0
B2B01345,0,99,3,25,17,807,10,6,1,71.93032223341427,Other,11-50,4,1,0
B2B01346,0,99,20,28,13,42,5,3,4,70.47511907444516,Healthcare,11-50,4,1,0
B2B01347,0,199,6,25,4,666,5,3,0,97.23435985689284,Healthcare,51-200,2,1,0
B2B01348,0,99,1,18,9,35,25,12,2,43.323155504971204,Other,1-10,1,1,0
B2B01349,0,99,4,31,7,354,5,4,0,69.72643551347299,Technology,201-1000,3,1,0
B2B01350,1,499,9,24,9,37,10,5,2,56.75303670286146,Healthcare,51-200,1,1,0
B2B01351,0,999,3,21,15,1365,25,18,0,74.8378402380852,Other,11-50,1,1,0
B2B01352,0,199,6,21,20,6250,5,2,0,77.18090608887353,Other,11-50,0,1,0
B2B01353,1,99,5,26,3,3458,5,2,0,92.58911911866421,Other,11-50,5,1,0
B2B01354,1,1999,14,20,9,23,10,7,0,62.318748481209205,Finance,1-10,2,1,0
B2B01355,0,99,13,22,4,203,50,22,0,81.9209807834174,Retail,1-10,1,1,0
B2B01356,0,99,14,23,4,29,5,2,2,79.38933591994495,Retail,11-50,1,1,0
B2B01357,1,199,10,24,0,693,5,2,1,88.67029287744718,Technology,1000+,1,1,0
B2B01358,0,199,5,29,11,36,50,29,0,69.3733103974827,Finance,1-10,5,1,0
B2B01359,1,499,7,29,11,14,10,6,3,70.56547509288261,Technology,1-10,4,1,0
B2B01360,0,99,33,26,0,4550,10,7,2,75.83038520962026,Finance,51-200,1,1,0
B2B01361,0,199,23,22,35,174,50,49,2,83.40872753452558,Healthcare,51-200,1,1,0
B2B01362,0,499,13,29,1,1091,5,4,4,58.98089536893172,Healthcare,11-50,0,1,0
B2B01363,0,499,9,21,0,16,5,4,5,88.84385709400094,Technology,51-200,1,1,0
B2B01364,0,499,7,26,28,2050,50,20,1,79.46618715562423,Finance,1-10,1,1,0
B2B01365,0,199,7,30,2,65,10,4,1,74.58599607659833,Healthcare,51-200,2,1,0
B2B01366,0,999,4,22,1,36,100,58,0,52.87771393293612,Healthcare,201-1000,1,0,0
B2B01367,0,199,23,24,8,726,100,48,0,79.83188371002603,Healthcare,51-200,0,0,0
B2B01368,0,999,5,22,15,1163,5,4,0,70.56360506535717,Other,1-10,2,1,0
B2B01369,0,99,3,22,7,197,5,3,1,64.81341388485573,Retail,11-50,1,1,0
B2B01370,0,499,8,25,5,8,5,4,3,62.82146130792352,Other,11-50,3,1,0
B2B01371,0,199,5,29,2,2031,10,6,0,40.06722036355562,Finance,11-50,0,1,0
B2B01372,0,1999,10,24,3,23,25,24,1,91.1935708696053,Healthcare,51-200,5,1,0
B2B01373,1,99,12,32,1,1808,5,4,0,86.76981392474293,Technology,201-1000,3,1,0
B2B01374,0,99,2,22,1,40,5,4,0,88.07854869049874,Finance,51-200,1,1,0
B2B01375,0,99,4,20,4,5439,50,22,2,81.17276791459079,Retail,11-50,3,1,0
B2B01376,1,99,4,27,15,43,25,22,0,80.59541406845744,Retail,51-200,1,1,0
B2B01377,0,99,23,27,2,176,5,4,0,75.53790663571444,Healthcare,11-50,1,1,0
B2B01378,0,499,18,18,7,353,25,21,0,80.79211216439923,Other,1-10,1,1,0
B2B01379,0,999,20,22,8,1206,50,29,4,97.30462810934948,Retail,11-50,0,1,0
B2B01380,0,99,26,19,7,117,10,4,0,62.93299128001145,Retail,11-50,1,1,0
B2B01381,0,4999,6,21,12,16,5,4,1,86.22619767533341,Healthcare,51-200,4,1,0
B2B01382,0,499,22,34,0,30,100,54,0,78.0206075876203,Finance,11-50,0,1,0
B2B01383,0,99,11,25,2,108,10,8,3,75.07124834776045,Healthcare,51-200,0,1,0
B2B01384,0,1999,6,30,22,14,5,2,2,88.0706715914332,Other,11-50,3,0,0
B2B01385,0,199,12,25,10,65,50,47,5,82.91361347314161,Retail,1-10,3,1,0
B2B01386,0,1999,5,24,0,67,10,8,2,56.791789485223795,Technology,1-10,1,0,0
B2B01387,0,4999,22,25,0,5,25,12,0,75.16997383094922,Other,11-50,2,0,0
B2B01388,0,99,13,29,6,1188,5,2,1,50.94037704280316,Finance,1000+,4,1,0
B2B01389,1,199,18,24,5,2795,10,9,0,49.020930830992555,Technology,51-200,1,1,0
B2B01390,0,999,2,23,6,10300,5,4,2,62.705142625841525,Healthcare,51-200,2,0,0
B2B01391,0,1999,3,19,0,1237,100,63,0,53.968264167919955,Other,11-50,2,1,0
B2B01392,0,99,13,28,20,60,50,28,4,74.73440257147168,Retail,11-50,3,0,0
B2B01393,0,499,6,24,5,25,50,24,2,95.40111025905762,Other,1000+,3,1,0
B2B01394,0,999,10,23,3,382,10,6,0,93.83628195008718,Other,11-50,3,0,0
B2B01395,1,999,19,19,9,8200,10,8,1,97.4805835119346,Healthcare,1-10,0,1,0
B2B01396,0,999,15,18,6,236,25,24,2,89.42447627801644,Finance,11-50,0,1,0
B2B01397,0,99,10,29,0,6,250,103,0,70.62243639230329,Finance,11-50,3,1,0
B2B01398,0,99,27,33,3,237,5,4,5,53.554861918290754,Healthcare,1-10,3,1,0
B2B01399,0,499,37,34,1,349,5,4,5,61.794489861746385,Technology,51-200,0,1,0
B2B01400,0,499,15,26,0,263,5,4,0,61.15470750192955,Other,11-50,1,0,0
B2B01401,0,99,16,20,2,313,10,9,5,85.42677379804793,Retail,1000+,2,1,0
B2B01402,0,199,16,25,4,133,5,4,1,98.79773644788604,Healthcare,1000+,1,1,0
B2B01403,0,199,4,23,13,53,5,4,1,80.27859447968814,Healthcare,11-50,0,1,0
B2B01404,0,1999,3,20,3,144,5,4,0,73.95852873378054,Retail,11-50,1,1,0
B2B01405,0,199,4,23,9,9,10,4,4,73.0397870246861,Retail,11-50,1,1,1
B2B01406,0,99,17,29,1,324,50,39,2,66.10453591300123,Finance,1-10,1,1,0
B2B01407,0,199,12,25,7,99,5,3,0,78.3704762819162,Other,11-50,2,1,0
B2B01408,0,99,6,23,3,359,25,21,0,66.8014336992626,Retail,11-50,2,1,0
B2B01409,0,199,8,29,9,1807,10,9,2,67.01658770059805,Retail,51-200,5,1,0
B2B01410,1,499,11,28,9,270,25,23,0,73.64568820120041,Technology,51-200,1,0,0
B2B01411,0,999,10,24,0,9,10,8,4,96.33225987016611,Retail,201-1000,3,1,0
B2B01412,0,199,22,25,5,1,5,4,2,73.68898900172887,Finance,51-200,1,0,0
B2B01413,0,199,8,21,10,32,5,4,0,81.20100052186073,Other,1-10,2,1,0
B2B01414,0,999,6,36,8,68,10,6,5,93.51453037676318,Healthcare,51-200,4,0,0
B2B01415,1,999,3,26,1,2,100,78,0,62.28891215640314,Finance,201-1000,1,1,0
B2B01416,0,499,20,15,17,128,50,28,1,83.04546120324221,Other,201-1000,1,1,0
B2B01417,1,999,2,32,14,674,5,4,0,82.63730185454497,Healthcare,1-10,2,1,0
B2B01418,0,499,5,27,5,133,10,5,0,76.3141307179789,Other,1000+,1,1,0
B2B01419,0,499,10,31,1,896,50,38,2,65.90708021100812,Finance,11-50,1,0,0
B2B01420,0,999,8,28,4,2595,5,3,0,83.40164498849106,Healthcare,201-1000,1,0,0
B2B01421,0,499,4,26,4,104,10,5,4,59.09298516805007,Healthcare,11-50,1,1,0
B2B01422,0,999,16,21,3,123,5,4,0,69.32134497213478,Healthcare,201-1000,3,1,0
B2B01423,0,99,24,30,0,4,10,4,0,56.37598815647949,Finance,11-50,1,1,0
B2B01424,0,499,5,17,3,157,250,172,1,84.16448604124453,Technology,51-200,4,1,0
B2B01425,0,199,1,24,10,46,5,4,0,96.98368865320329,Finance,1-10,5,0,0
B2B01426,0,99,27,34,3,4,100,99,3,61.26810836316699,Other,11-50,1,1,0
B2B01427,0,199,5,22,3,148,10,4,0,93.24867805860563,Finance,201-1000,0,1,0
B2B01428,0,4999,12,29,2,1058,25,23,3,81.17831012516777,Finance,1000+,3,1,0
B2B01429,0,999,9,37,1,2083,10,9,2,55.98340802097018,Other,51-200,1,1,0
B2B01430,0,199,4,23,6,462,5,3,1,72.49727227896405,Retail,1-10,1,0,0
B2B01431,1,1999,1,30,23,330,5,4,3,91.07442108753331,Technology,201-1000,2,1,0
B2B01432,0,199,5,19,0,14,10,5,1,75.69420377200214,Healthcare,1000+,3,1,0
B2B01433,0,199,4,33,1,10,10,7,4,95.33158173997215,Other,1000+,4,1,0
B2B01434,0,99,23,29,4,43,10,6,1,79.07809389996233,Technology,11-50,2,1,0
B2B01435,0,99,10,24,5,57,10,7,0,88.20184376939582,Other,201-1000,5,1,0
B2B01436,0,199,15,22,3,92,10,5,4,87.30132634171112,Retail,11-50,0,0,0
B2B01437,0,99,12,19,14,203,5,3,1,75.73583535531661,Finance,201-1000,3,0,0
B2B01438,1,999,5,27,10,145,5,2,6,68.65431479984075,Other,1000+,1,1,0
B2B01439,0,999,8,26,3,89,5,4,1,97.79305234010536,Technology,11-50,2,0,0
B2B01440,0,499,33,23,13,1145,5,4,0,85.28827011861362,Retail,11-50,2,0,0
B2B01441,0,199,9,21,1,2022,5,4,0,78.8495652038654,Retail,1000+,2,1,0
B2B01442,1,99,3,32,16,409,5,3,1,62.14338891256973,Finance,11-50,3,0,0
B2B01443,0,199,1,32,18,210,10,6,2,55.83161980829823,Other,11-50,2,1,0
B2B01444,1,499,6,18,0,57,10,7,2,62.96859718484205,Retail,11-50,3,1,0
B2B01445,0,199,5,30,1,912,5,2,0,72.88722215880466,Technology,11-50,2,1,0
B2B01446,0,499,8,24,0,100,5,2,4,82.05355170831052,Healthcare,201-1000,6,1,0
B2B01447,0,199,10,30,0,15,5,2,1,89.96434797468456,Finance,11-50,0,1,0
B2B01448,0,499,5,31,6,142,50,37,4,87.29293253055553,Technology,1000+,1,1,0
B2B01449,0,199,7,27,10,16,25,15,2,87.39778785359746,Technology,1-10,1,0,0
B2B01450,0,999,12,29,4,10907,10,4,0,37.25080171064855,Finance,51-200,0,0,0
B2B01451,1,1999,7,24,3,332,5,3,0,85.0383973031819,Other,11-50,2,1,0
B2B01452,0,199,20,26,0,12,5,4,4,85.37558594349686,Healthcare,1-10,4,1,0
B2B01453,1,999,7,30,12,42,5,3,2,81.04393375943836,Technology,1000+,2,1,0
B2B01454,1,99,4,21,5,28,5,4,1,63.118557294592726,Technology,51-200,2,1,0
B2B01455,0,999,33,34,7,76,5,2,0,79.81739922084876,Retail,11-50,3,1,0
B2B01456,0,199,3,26,0,860,25,10,1,80.25269668414798,Retail,51-200,3,0,0
B2B01457,0,499,25,32,2,533,5,2,0,72.35489834148036,Healthcare,11-50,6,1,1
B2B01458,0,1999,32,25,3,3458,10,4,1,57.65172648663327,Healthcare,11-50,2,1,0
B2B01459,1,99,18,22,19,601,50,28,4,82.05656507057417,Retail,51-200,0,0,0
B2B01460,0,199,14,25,1,62,10,7,3,88.25217850619865,Retail,11-50,2,1,0
B2B01461,0,99,29,30,0,5531,10,8,1,88.36582215466787,Technology,11-50,3,1,0
B2B01462,0,999,4,36,4,1126,10,5,2,79.91557019164618,Technology,51-200,1,1,0
B2B01463,0,199,18,25,9,575,50,49,4,68.46955101500174,Other,1000+,2,1,0
B2B01464,1,99,7,26,21,39,25,12,2,91.68431086388814,Healthcare,1000+,1,1,0
B2B01465,0,499,6,18,4,1995,25,16,3,91.05178002272439,Retail,1-10,2,1,0
B2B01466,0,99,17,26,9,76,5,2,0,67.8251389131502,Retail,11-50,2,0,0
B2B01467,0,1999,10,26,1,44,10,9,2,89.37981499711039,Technology,11-50,2,1,0
B2B01468,0,999,5,24,9,8,10,8,2,80.11442633570066,Retail,1-10,1,1,0
B2B01469,0,99,4,20,16,233,5,2,3,76.03148020290433,Other,201-1000,1,1,0
B2B01470,0,99,18,22,4,160,5,2,3,88.05752028283771,Finance,51-200,1,1,0
B2B01471,0,999,19,27,15,10,25,12,5,55.31013695151054,Healthcare,11-50,4,0,0
B2B01472,1,99,17,26,1,253,10,6,0,76.66868563127005,Finance,51-200,2,1,0
B2B01473,1,99,38,24,0,30,5,2,0,78.58883628250727,Healthcare,51-200,2,1,0
B2B01474,0,999,5,16,1,203,5,3,0,46.93731969057317,Other,201-1000,0,1,0
B2B01475,0,99,23,25,21,530,10,6,0,80.87473777793602,Retail,51-200,1,1,0
B2B01476,0,499,1,17,5,7363,10,8,0,92.76368248989016,Finance,1-10,3,1,0
B2B01477,0,199,10,28,2,399,5,4,0,69.20117381922249,Finance,11-50,1,1,0
B2B01478,0,999,3,20,4,3313,10,8,2,77.08822202655344,Other,11-50,1,1,0
B2B01479,0,199,18,10,0,125,25,24,0,74.39719661607782,Retail,201-1000,6,1,0
B2B01480,0,999,6,21,45,202,50,43,0,87.88002878634491,Finance,51-200,3,0,0
B2B01481,0,99,16,28,4,452,10,6,2,74.72530013361079,Healthcare,51-200,1,1,0
B2B01482,1,999,5,19,0,2318,25,23,0,85.20697015008531,Other,11-50,4,0,0
B2B01483,0,99,8,30,24,23,50,41,0,83.12239171147424,Retail,1000+,0,1,0
B2B01484,1,99,7,20,26,17036,25,24,0,85.85863743620399,Other,1000+,1,1,0
B2B01485,0,199,17,27,6,23,10,4,2,64.40796292030157,Other,1-10,5,1,0
B2B01486,0,99,12,27,0,100,250,178,0,87.62940058725844,Retail,1-10,2,1,0
B2B01487,1,199,1,29,0,95,5,4,0,65.78798037094784,Healthcare,1000+,5,1,0
B2B01488,1,499,11,27,3,12,100,72,0,78.07039247327779,Technology,1-10,2,0,0
B2B01489,0,199,20,29,22,45,5,3,4,62.626480809553776,Technology,1000+,4,1,0
B2B01490,1,999,3,22,11,146,5,2,0,95.88894358763201,Retail,1000+,2,1,0
B2B01491,1,999,1,28,6,890,5,2,0,92.51599277319646,Retail,51-200,3,0,0
B2B01492,0,1999,12,22,11,3774,10,6,3,88.66407546722219,Finance,11-50,0,1,0
B2B01493,0,99,37,18,2,1115,10,5,1,50.22576897449601,Finance,1-10,3,1,0
B2B01494,0,199,6,31,2,122,5,4,2,88.35770482930158,Healthcare,51-200,0,1,0
B2B01495,1,99,3,28,12,923,10,8,4,75.99330409157744,Retail,1-10,1,0,0
B2B01496,1,1999,16,24,18,10,5,2,0,81.1428616944032,Finance,51-200,1,1,0
B2B01497,0,99,10,35,13,24,5,3,1,74.5227736719262,Finance,1000+,2,1,0
B2B01498,0,199,22,29,7,925,5,4,1,78.64179770390719,Healthcare,1-10,2,0,0
B2B01499,0,199,2,27,8,7021,100,62,0,55.47853194899767,Healthcare,201-1000,2,1,0
B2B01500,0,199,12,26,10,1264,50,30,1,86.681924849986,Technology,1-10,3,0,0
B2B01501,1,999,6,16,6,643,10,6,0,80.46650679035928,Healthcare,11-50,1,1,0
B2B01502,0,499,9,25,7,84,10,7,3,94.27391259934087,Healthcare,1-10,1,1,0
B2B01503,0,499,17,21,4,15,250,131,1,94.00053817642748,Other,51-200,1,1,0
B2B01504,1,999,22,21,5,212,25,24,2,88.71212789610776,Retail,1000+,3,1,0
B2B01505,1,199,11,19,2,248,5,3,2,78.56123684396567,Other,1000+,1,1,0
B2B01506,0,1999,9,21,7,142,10,6,0,86.7073368229629,Finance,11-50,0,0,0
B2B01507,0,499,5,35,10,914,5,3,0,93.97854836535117,Retail,1-10,0,1,0
B2B01508,0,199,6,26,26,35,250,240,1,85.41478008009925,Finance,201-1000,8,1,0
B2B01509,0,199,39,30,24,26,10,8,1,98.16363349680502,Technology,11-50,4,1,0
B2B01510,0,199,6,29,7,17,10,9,2,60.73145173370591,Healthcare,1-10,4,0,0
B2B01511,0,999,8,24,2,8,10,4,2,96.43661997696414,Finance,201-1000,1,1,0
B2B01512,0,99,7,30,9,525,10,9,6,92.95460276834935,Retail,1-10,2,1,0
B2B01513,1,99,25,20,13,463,25,14,3,63.67663658856425,Retail,201-1000,3,1,0
B2B01514,0,1999,12,20,3,262,25,22,0,88.21009040811421,Other,11-50,3,1,0
B2B01515,0,999,32,19,11,1459,100,45,0,81.59296532901932,Healthcare,201-1000,3,0,0
B2B01516,1,499,9,25,1,122,50,32,2,96.70350212159506,Technology,11-50,3,0,0
B2B01517,0,99,9,30,1,8,10,7,2,76.17859114964659,Retail,1-10,0,1,0
B2B01518,0,499,14,28,6,8047,5,2,2,81.27290273476606,Retail,201-1000,2,1,0
B2B01519,0,199,12,35,6,4778,10,9,0,80.2921132697474,Healthcare,201-1000,0,1,0
B2B01520,0,499,9,23,11,834,5,2,1,63.03273708285621,Technology,51-200,1,1,0
B2B01521,0,4999,13,22,11,135,5,3,1,78.51756831831614,Healthcare,1-10,4,1,0
B2B01522,0,499,27,29,4,42,50,49,0,86.07317308802887,Healthcare,201-1000,2,1,0
B2B01523,0,199,4,31,7,55,5,2,0,90.99713934039244,Healthcare,201-1000,0,1,0
B2B01524,0,199,4,24,0,152,25,15,3,82.9964690014512,Finance,11-50,2,1,0
B2B01525,0,999,18,37,27,281,50,45,3,86.77541741363457,Technology,51-200,3,1,0
B2B01526,1,99,3,22,15,1333,50,27,0,65.45702800009549,Technology,201-1000,1,1,0
B2B01527,0,99,22,25,1,856,5,4,1,86.48669213803137,Technology,1-10,1,1,0
B2B01528,0,99,3,23,4,3116,5,2,2,92.34055584786853,Other,51-200,1,1,0
B2B01529,0,199,34,22,9,12,250,186,5,82.96196446087949,Other,1000+,1,1,0
B2B01530,0,199,11,15,11,211,10,6,5,78.5814684978295,Other,11-50,4,1,0
B2B01531,0,999,9,25,4,22,100,93,1,50.92583420812519,Other,51-200,4,1,0
B2B01532,0,1999,1,23,7,2488,10,9,1,81.18254327024412,Retail,201-1000,2,1,0
B2B01533,0,199,4,20,2,395,100,57,3,59.55879929633375,Other,201-1000,0,1,0
B2B01534,0,499,5,30,10,159,5,3,1,71.54080202959997,Healthcare,11-50,1,1,0
B2B01535,0,199,26,19,14,0,50,30,0,81.08785762334368,Retail,51-200,3,1,0
B2B01536,1,199,17,22,0,13,5,4,0,86.34360814148188,Technology,11-50,3,1,1
B2B01537,1,99,16,26,4,59,5,3,1,52.271033773280585,Retail,1000+,0,0,1
B2B01538,1,99,6,40,9,11,100,64,0,70.91282552773333,Other,11-50,4,1,0
B2B01539,0,499,10,23,8,352,5,3,1,89.25343960081804,Finance,11-50,1,0,0
B2B01540,0,499,10,26,6,206,10,9,1,61.467841916475805,Retail,1-10,6,1,0
B2B01541,1,999,6,31,10,69,100,52,0,83.05476591290817,Retail,1-10,1,1,0
B2B01542,0,499,9,20,11,185,100,81,2,54.874637291205644,Technology,11-50,3,0,0
B2B01543,0,99,5,25,21,336,50,30,1,91.60549483209708,Technology,11-50,1,1,0
B2B01544,0,99,8,28,5,6,5,4,1,67.54563592871612,Finance,11-50,4,0,0
B2B01545,0,199,14,25,5,82,10,6,4,95.73836791726656,Finance,1-10,2,1,0
B2B01546,0,99,10,17,11,2,50,44,3,63.36241344461276,Other,11-50,3,1,0
B2B01547,0,199,23,20,21,880,25,22,4,85.06412645585836,Other,1-10,3,1,0
B2B01548,0,199,21,19,8,64,5,3,2,80.8617706681644,Finance,1-10,2,1,0
B2B01549,1,99,1,20,6,22,5,4,2,60.138175820931615,Technology,11-50,0,1,0
B2B01550,0,199,3,31,2,1575,10,7,0,88.83449361541008,Finance,1-10,1,0,0
B2B01551,0,99,11,31,0,2991,10,7,2,43.79374185227877,Finance,201-1000,2,1,0
B2B01552,0,199,11,31,5,3,25,13,1,68.86923536078388,Healthcare,1000+,3,1,0
B2B01553,1,99,22,32,0,64,5,4,0,70.22671564802666,Other,11-50,2,1,0
B2B01554,1,99,7,33,0,26,10,6,0,93.35812859683209,Technology,201-1000,2,0,0
B2B01555,0,499,17,26,9,1111,100,92,2,58.81428367318837,Technology,51-200,1,1,0
B2B01556,0,499,7,38,4,923,5,3,2,81.70626648575067,Retail,51-200,0,0,0
B2B01557,0,499,10,25,19,139,10,7,2,76.92168346823588,Finance,201-1000,2,1,0
B2B01558,0,99,17,21,6,197,5,2,1,79.59848834381866,Other,11-50,2,0,0
B2B01559,0,499,46,25,16,3290,25,11,4,94.03052877956445,Other,11-50,3,0,0
B2B01560,0,199,21,21,6,90,25,22,1,93.6010602703242,Retail,201-1000,1,0,0
B2B01561,0,1999,11,34,2,63,10,6,0,54.167213464644625,Technology,11-50,2,1,0
B2B01562,0,199,7,24,17,490,25,15,2,62.032136838572406,Finance,11-50,3,1,0
B2B01563,0,1999,4,22,1,406,5,2,2,74.19121374023138,Retail,51-200,0,1,0
B2B01564,0,1999,6,26,3,440,5,3,1,41.747434448996984,Technology,1000+,1,1,0
B2B01565,1,99,11,21,6,5,5,4,3,37.626868495108454,Healthcare,1-10,0,1,0
B2B01566,0,199,19,26,12,71,25,19,2,97.07480268958179,Technology,1000+,0,0,0
B2B01567,0,199,5,20,25,1668,10,4,3,80.7695241013909,Other,51-200,2,1,0
B2B01568,0,499,4,27,0,77,5,2,1,85.08513602482535,Healthcare,1-10,1,1,0
B2B01569,0,199,1,26,8,761,5,4,1,79.4773263878489,Healthcare,51-200,2,1,0
B2B01570,0,99,13,25,2,3309,25,23,1,95.35337156692336,Retail,201-1000,0,1,0
B2B01571,0,199,10,21,0,407,10,5,1,66.84252634350672,Finance,51-200,2,1,0
B2B01572,1,499,4,27,1,36,10,5,1,65.94768679591594,Healthcare,51-200,2,1,0
B2B01573,0,199,8,30,54,804,10,7,0,91.31628057289215,Other,51-200,0,0,0
B2B01574,0,199,11,24,7,154,100,96,3,57.54350965252091,Retail,11-50,3,1,0
B2B01575,0,99,7,19,3,0,10,4,1,71.29871381947171,Technology,11-50,0,1,0
B2B01576,0,99,25,25,6,71,10,9,1,76.94152120968619,Technology,1000+,1,0,0
B2B01577,0,4999,16,19,2,743,25,18,1,65.93844058955068,Retail,11-50,2,1,0
B2B01578,0,199,6,25,4,514,10,5,1,65.6756956034295,Other,11-50,2,0,0
B2B01579,0,499,9,27,31,524,5,2,3,96.69819531011832,Technology,11-50,0,1,0
B2B01580,0,199,14,20,8,42,50,29,1,65.16947062734181,Healthcare,11-50,4,1,0
B2B01581,0,199,5,19,0,8691,10,7,0,94.63338535410205,Other,51-200,2,1,0
B2B01582,0,99,11,28,0,79,5,4,3,90.1509394274584,Other,11-50,1,0,0
B2B01583,1,1999,5,26,22,21,50,42,1,77.82977276373747,Healthcare,201-1000,0,1,0
B2B01584,0,99,5,24,3,1096,5,2,1,71.99002877124337,Finance,201-1000,2,1,0
B2B01585,0,499,22,28,9,840,5,4,2,93.63829267155612,Retail,201-1000,4,1,0
B2B01586,0,499,18,18,25,220,5,4,5,72.86371305870512,Finance,1-10,3,1,0
B2B01587,0,99,15,27,18,609,10,8,2,77.64879506134909,Finance,51-200,4,1,0
B2B01588,0,99,5,28,7,47,10,7,1,88.82554452721,Other,201-1000,2,1,0
B2B01589,0,499,12,20,3,1,5,3,1,24.503499482427642,Healthcare,51-200,0,1,0
B2B01590,0,199,8,26,1,285,5,2,5,52.705130330512986,Finance,11-50,1,1,0
B2B01591,0,99,2,31,1,59,25,11,4,79.1028787973634,Retail,11-50,4,1,0
B2B01592,0,99,4,30,1,532,5,2,3,89.53986329698259,Retail,11-50,3,1,0
B2B01593,1,999,8,16,3,242,25,17,3,85.21060924801328,Finance,11-50,2,0,0
B2B01594,0,199,7,18,12,3046,5,3,0,77.04105345192869,Other,11-50,4,1,0
B2B01595,0,499,6,33,0,25,10,7,3,50.85179669533725,Technology,51-200,3,1,0
B2B01596,0,99,3,25,1,384,50,29,0,73.58766065059639,Retail,11-50,5,1,0
B2B01597,0,199,11,30,2,42,5,4,5,70.76348986261726,Finance,51-200,1,1,0
B2B01598,0,99,26,21,7,268,5,2,0,72.93683712741881,Other,11-50,4,1,0
B2B01599,0,99,5,24,25,108,5,3,2,79.63081234687441,Healthcare,11-50,3,1,0
B2B01600,0,499,4,21,14,245,5,4,4,97.59094657575857,Retail,11-50,3,1,0
B2B01601,0,99,7,24,1,694,5,4,5,89.08160148067383,Healthcare,11-50,1,0,0
B2B01602,1,999,30,20,9,16,100,59,2,71.18326921412631,Healthcare,11-50,2,1,0
B2B01603,0,4999,7,26,2,105,100,79,4,78.75371169632584,Other,11-50,4,0,0
B2B01604,0,199,4,27,1,147,5,4,0,43.721091371795055,Other,51-200,4,1,0
B2B01605,0,99,14,18,7,59,25,17,2,78.57493434519569,Technology,1-10,2,1,0
B2B01606,0,199,6,25,4,24,100,69,1,83.91786079198256,Finance,51-200,3,1,0
B2B01607,0,199,15,25,3,12697,5,2,4,82.24654728866626,Healthcare,201-1000,2,0,0
B2B01608,0,499,8,28,0,222,5,2,0,61.99804676566012,Technology,201-1000,2,1,0
B2B01609,0,499,12,26,7,3407,5,4,1,96.39156606841118,Finance,1-10,0,1,0
B2B01610,1,499,6,29,3,468,5,3,1,68.1780454606722,Healthcare,11-50,1,1,0
B2B01611,0,199,8,33,2,6183,10,8,0,91.94901830067207,Technology,51-200,0,1,0
B2B01612,0,999,9,20,5,845,50,44,2,66.92109094155298,Technology,1000+,1,1,0
B2B01613,1,199,3,29,4,14,5,2,3,87.93848473528601,Technology,11-50,2,1,0
B2B01614,0,99,17,25,12,23,5,4,1,87.37377030099042,Healthcare,11-50,3,1,1
B2B01615,0,199,27,18,2,3340,5,2,2,88.30384311954163,Retail,11-50,0,1,0
B2B01616,0,99,6,20,12,364,10,6,2,74.83842404459502,Finance,51-200,0,1,0
B2B01617,0,999,8,28,17,213,10,6,0,75.14815149519355,Other,51-200,2,0,0
B2B01618,1,199,10,27,5,233,5,3,3,71.71332640052204,Healthcare,51-200,3,1,0
B2B01619,0,199,21,21,16,793,5,2,2,79.56627897776116,Retail,11-50,3,1,0
B2B01620,0,99,12,25,15,224,50,24,2,92.90361922982945,Retail,11-50,2,1,0
B2B01621,0,99,9,25,10,34,100,53,3,81.65284140984895,Retail,201-1000,2,1,0
B2B01622,0,99,3,31,0,27,5,4,2,71.95527328397128,Other,51-200,1,0,0
B2B01623,0,499,8,39,1,19,5,2,4,97.77955467884635,Other,1-10,3,1,0
B2B01624,1,199,19,18,2,610,5,2,4,90.77066126040538,Finance,11-50,2,1,0
B2B01625,1,99,15,27,17,10335,25,14,6,64.13418018379794,Other,1-10,1,0,0
B2B01626,0,499,11,28,3,21,5,3,2,56.61735329523214,Retail,11-50,1,1,0
B2B01627,0,499,15,25,1,315,5,2,5,56.702761476384254,Healthcare,51-200,4,1,0
B2B01628,0,199,26,23,0,7,5,3,2,80.53423688115654,Healthcare,201-1000,0,1,0
B2B01629,1,499,16,32,0,1010,50,49,1,92.27825443415517,Healthcare,11-50,2,1,0
B2B01630,0,99,7,20,9,130,5,3,0,87.16304192601724,Finance,1-10,2,0,0
B2B01631,0,999,2,36,6,166,5,3,3,57.89356613907476,Healthcare,1000+,0,1,0
B2B01632,0,199,9,24,1,36744,5,4,2,79.89269020402071,Finance,1-10,2,1,0
B2B01633,0,1999,2,26,1,342,10,5,4,96.8241681461478,Finance,1-10,1,1,0
B2B01634,0,499,2,33,2,81,10,8,3,85.4877994713153,Technology,11-50,0,1,0
B2B01635,0,499,15,22,16,74,10,7,0,57.25471675251236,Healthcare,51-200,3,1,0
B2B01636,0,99,18,29,2,45,10,5,0,66.08271517989185,Healthcare,1-10,1,1,0
B2B01637,0,999,8,30,0,282,25,10,0,84.03990521034983,Other,1-10,2,1,0
B2B01638,0,999,12,25,0,96,10,6,0,88.11435548036212,Retail,11-50,1,1,0
B2B01639,0,99,4,20,2,320,5,2,0,76.88221374727668,Healthcare,201-1000,2,1,0
B2B01640,0,99,6,21,1,62,25,19,4,56.26292430561243,Technology,11-50,1,1,0
B2B01641,0,199,3,22,0,478,100,83,4,82.8679861885049,Healthcare,51-200,2,1,0
B2B01642,1,499,25,23,0,39,5,4,2,83.57709829353122,Other,51-200,2,1,0
B2B01643,0,499,11,30,2,7,5,3,1,67.53596213291667,Retail,1-10,1,1,0
B2B01644,0,99,13,21,0,136,100,50,1,91.93177261908858,Technology,201-1000,2,1,0
B2B01645,0,499,11,28,1,41,5,4,1,65.01774187716674,Retail,11-50,4,0,0
B2B01646,0,99,17,31,6,1889,10,8,2,70.66906307313707,Technology,11-50,2,1,0
B2B01647,0,999,18,20,4,90,10,8,3,98.98464276828892,Other,1000+,3,1,0
B2B01648,1,199,5,28,0,22,10,5,4,61.936577452081295,Healthcare,1-10,4,1,0
B2B01649,0,199,10,31,20,86,5,4,3,78.23689735375076,Other,201-1000,0,1,0
B2B01650,1,199,5,21,4,681,100,70,1,72.46969386281718,Technology,1-10,2,1,0
B2B01651,0,99,2,23,23,237,25,23,2,92.54866953341909,Finance,1000+,3,1,0
B2B01652,0,499,1,27,17,107,5,2,0,91.34402050186124,Healthcare,11-50,1,1,0
B2B01653,0,999,5,21,8,252,5,2,3,85.79060206261528,Retail,11-50,4,1,0
B2B01654,0,99,9,22,12,59,100,81,1,67.81647716764175,Retail,1-10,2,1,0
B2B01655,0,1999,19,29,15,55,5,2,3,70.90700840953083,Healthcare,1000+,3,0,0
B2B01656,0,99,12,22,4,555,10,4,4,90.80140688091197,Retail,11-50,5,1,0
B2B01657,0,499,16,24,12,113,10,7,3,86.4081097631093,Retail,1000+,2,1,0
B2B01658,0,999,13,31,2,84,5,4,0,89.17498224191182,Finance,1000+,3,0,0
B2B01659,0,999,28,21,12,34,5,3,1,55.312701343341296,Technology,51-200,0,0,0
B2B01660,0,99,15,24,4,28,25,11,1,66.81092090708265,Healthcare,1-10,1,0,0
B2B01661,0,499,55,23,11,18,5,3,3,89.06265876257532,Retail,1-10,2,1,1
B2B01662,0,99,17,27,15,310,25,23,0,53.02407590031265,Technology,1-10,4,1,0
B2B01663,1,99,6,27,5,869,10,5,4,79.64401917968095,Healthcare,11-50,3,1,0
B2B01664,0,999,8,26,0,280,10,8,3,69.27364320634759,Technology,11-50,1,0,0
B2B01665,0,99,5,20,17,8,100,79,2,90.12008357835587,Technology,51-200,1,1,0
B2B01666,0,99,16,17,20,377,25,11,0,63.59497996532482,Retail,11-50,4,0,0
B2B01667,0,199,10,21,6,1516,5,3,4,87.44690586440505,Finance,1-10,1,1,0
B2B01668,0,499,9,21,1,53,100,97,0,85.07662707473736,Technology,1-10,2,1,0
B2B01669,0,99,5,27,5,86685,50,48,1,41.5839929734426,Healthcare,201-1000,2,1,0
B2B01670,0,199,10,26,2,123,5,3,2,62.6549281442901,Finance,51-200,2,1,1
B2B01671,1,499,13,23,3,12,100,50,1,40.99427535853095,Finance,51-200,4,0,0
B2B01672,0,99,4,28,2,26,10,6,3,80.09397603616557,Other,11-50,1,1,0
B2B01673,0,199,14,28,0,9,100,45,0,84.7736810472529,Retail,1000+,1,1,0
B2B01674,1,99,10,19,32,92,5,2,2,77.43282423435153,Retail,201-1000,3,1,0
B2B01675,0,199,2,22,2,23,5,2,0,41.41816538092463,Other,1000+,2,1,0
B2B01676,1,1999,5,25,10,1539,5,3,1,65.76068964290505,Healthcare,1-10,2,1,0
B2B01677,0,999,5,27,0,0,25,19,3,90.64653237766287,Healthcare,11-50,1,1,0
B2B01678,0,499,7,33,30,1286,50,40,0,65.33296508774104,Technology,11-50,1,0,0
B2B01679,0,4999,9,29,0,121,25,13,2,87.27118892948022,Technology,11-50,2,0,0
B2B01680,0,999,1,22,0,291,10,6,4,99.7221740861902,Finance,11-50,5,1,0
B2B01681,1,99,3,32,5,29,5,2,5,75.45285624678996,Finance,11-50,4,1,0
B2B01682,0,999,1,25,18,186,5,3,2,54.771908358054,Other,1-10,0,1,0
B2B01683,0,99,22,25,6,331,5,3,2,47.174105979781466,Other,11-50,2,1,0
B2B01684,0,99,11,25,18,23,10,4,0,61.39839431146601,Finance,11-50,2,1,0
B2B01685,1,99,10,26,2,21,5,2,0,79.96753816865485,Retail,11-50,1,0,0
B2B01686,0,999,17,32,13,16,50,37,3,84.88252511395586,Technology,11-50,0,1,0
B2B01687,0,199,3,31,2,1980,5,4,0,79.68838897753298,Other,51-200,0,1,0
B2B01688,0,199,22,31,5,15,5,4,1,82.1771404931832,Technology,1-10,2,0,0
B2B01689,0,999,8,26,0,47,10,7,6,86.07530316422243,Technology,1000+,2,1,0
B2B01690,0,199,5,20,15,301,50,44,2,72.1405809582722,Finance,11-50,1,1,0
B2B01691,1,999,4,27,7,362,25,17,1,89.96398324775855,Healthcare,51-200,1,1,0
B2B01692,0,999,13,26,3,32,25,14,2,92.12508475148783,Retail,1-10,1,0,0
B2B01693,1,99,24,23,16,183,5,3,0,91.22224349741018,Healthcare,51-200,2,1,0
B2B01694,1,199,28,23,5,27,5,2,1,80.74440683473354,Retail,1000+,0,1,0
B2B01695,0,4999,13,22,1,2730,5,2,4,79.00381316451583,Retail,201-1000,1,0,0
B2B01696,0,199,18,26,7,1489,5,2,1,84.01457396215399,Finance,51-200,1,0,0
B2B01697,0,999,11,21,18,974,5,2,0,93.9210340977902,Finance,1000+,1,1,0
B2B01698,0,499,4,33,2,93,10,9,0,63.2644237115247,Healthcare,51-200,1,1,0
B2B01699,0,199,4,27,8,1987,5,4,1,91.82976067929388,Technology,51-200,3,1,0
B2B01700,0,999,22,26,2,451,10,6,2,77.05684154650646,Retail,1-10,1,1,0
B2B01701,1,499,6,28,12,1132,25,22,0,84.7049367483407,Other,51-200,1,1,0
B2B01702,0,999,2,26,0,614,5,4,0,91.91374083099048,Other,11-50,1,1,0
B2B01703,0,499,16,31,6,149,50,42,1,63.0805850067812,Retail,11-50,1,1,0
B2B01704,0,499,6,20,10,38804,5,2,0,96.16243602032084,Healthcare,51-200,2,1,0
B2B01705,0,199,24,22,4,4,5,4,1,76.45690628344828,Retail,11-50,1,1,0
B2B01706,1,999,5,26,5,92,10,9,2,91.74078265051232,Technology,51-200,2,1,0
B2B01707,0,99,3,28,6,241,100,59,2,67.61492530566777,Retail,51-200,3,1,0
B2B01708,0,1999,3,24,2,64,5,2,0,95.86414359177166,Technology,1-10,0,1,0
B2B01709,1,199,7,32,5,9,5,2,0,86.9862715626801,Healthcare,11-50,3,0,0
B2B01710,0,99,8,24,11,19,5,4,2,67.78189048097194,Other,1000+,2,1,0
B2B01711,0,1999,12,23,2,247,25,10,1,89.28316736509659,Technology,11-50,1,1,0
B2B01712,0,199,5,20,12,2236,10,7,2,95.73708254253133,Healthcare,201-1000,0,1,0
B2B01713,0,499,9,30,7,71,25,24,0,95.98156600833993,Healthcare,1-10,2,0,0
B2B01714,0,199,26,32,4,245,100,93,4,72.0482360574237,Healthcare,1000+,4,1,0
B2B01715,0,99,2,31,13,45,5,3,5,70.28472472412736,Finance,11-50,2,1,0
B2B01716,0,1999,29,26,9,133,5,3,0,77.50853113823165,Finance,51-200,2,1,0
B2B01717,0,199,29,29,3,35,25,22,2,80.74090996211461,Healthcare,1-10,2,0,0
B2B01718,1,499,1,23,11,112,10,9,2,89.43862975509835,Healthcare,1-10,3,1,0
B2B01719,0,999,4,23,15,331,10,4,2,91.56309420879157,Finance,1-10,2,1,0
B2B01720,1,999,3,26,12,3190,5,4,1,93.18933454943344,Other,1000+,4,1,0
B2B01721,0,199,20,25,8,91,5,2,4,81.51933444613897,Technology,201-1000,2,0,0
B2B01722,1,499,20,25,21,335,10,7,0,72.54266900474153,Retail,201-1000,1,1,0
B2B01723,0,199,4,21,23,560,100,83,3,54.53696036622047,Other,201-1000,0,1,0
B2B01724,0,199,8,25,5,54,10,7,4,62.50217633086987,Other,51-200,1,1,0
B2B01725,0,99,6,26,9,170,5,3,1,81.30902860755415,Healthcare,11-50,1,1,0
B2B01726,0,499,4,17,6,17,10,8,2,63.30958513115383,Finance,51-200,3,1,0
B2B01727,0,199,10,20,1,5,5,4,1,59.13760234817862,Finance,11-50,5,1,0
B2B01728,1,199,8,27,21,5659,5,4,0,61.407532684056406,Finance,11-50,2,1,0
B2B01729,1,499,8,25,8,26,5,3,0,92.24335256332985,Other,51-200,2,1,0
B2B01730,0,99,9,24,16,61,5,2,3,85.51939535957058,Healthcare,1-10,3,1,0
B2B01731,0,199,12,22,17,27,10,5,0,81.0721222307765,Other,1-10,2,0,0
B2B01732,0,99,4,25,6,105,10,9,2,71.95458046164373,Healthcare,11-50,4,1,0
B2B01733,0,199,2,27,17,0,250,237,1,78.57046763246005,Healthcare,11-50,2,1,0
B2B01734,0,499,17,35,8,2171,10,5,0,85.97305662284805,Healthcare,1-10,2,0,0
B2B01735,0,999,21,23,1,7,5,4,2,75.38089325496458,Technology,11-50,0,0,0
B2B01736,0,499,9,26,1,134,10,8,2,59.60143429713673,Healthcare,1-10,3,1,0
B2B01737,0,999,10,26,0,112,5,3,5,76.86730615800327,Retail,51-200,1,1,0
B2B01738,1,99,1,23,1,76,10,7,1,77.34850516089983,Healthcare,201-1000,1,1,0
B2B01739,0,199,11,24,11,4,5,3,1,84.6890206804424,Other,1-10,1,1,0
B2B01740,0,199,17,16,15,4,10,8,0,84.70231255195004,Healthcare,11-50,0,1,0
B2B01741,0,199,17,25,3,287,250,100,0,65.68989133918556,Retail,201-1000,4,0,0
B2B01742,0,999,9,30,5,2228,5,4,1,80.11975394140187,Healthcare,51-200,3,1,0
B2B01743,0,499,20,18,13,1354,5,3,1,55.332252425603244,Retail,51-200,1,1,0
B2B01744,0,1999,6,26,5,88,50,23,3,96.82390203158981,Technology,51-200,5,1,0
B2B01745,1,999,6,22,22,192,5,4,0,86.09738681275414,Other,201-1000,0,1,0
B2B01746,0,99,60,31,17,1030,10,8,0,92.90755993163394,Technology,1000+,2,0,0
B2B01747,1,199,18,22,4,204,25,13,0,77.48588256097979,Technology,1-10,3,0,0
B2B01748,0,199,15,26,4,163,10,7,6,78.99505763647666,Finance,201-1000,1,1,0
B2B01749,0,199,2,36,0,3789,10,7,1,86.24268031769213,Other,1-10,3,1,0
B2B01750,0,499,14,22,9,1633,5,4,5,79.68965963740538,Technology,11-50,1,1,0
B2B01751,0,99,6,21,3,32,5,4,0,90.34595047322162,Healthcare,11-50,2,1,0
B2B01752,0,99,2,30,8,51,5,4,3,59.383785584679,Other,201-1000,1,1,0
B2B01753,0,499,10,24,1,22,5,3,1,62.35248795555171,Other,201-1000,2,1,0
B2B01754,0,99,16,31,6,414,50,47,1,92.75865047064468,Healthcare,51-200,4,1,0
B2B01755,0,99,1,25,1,1533,5,4,2,95.37189909961191,Retail,11-50,3,1,0
B2B01756,0,199,10,17,15,126,10,7,0,82.69234713912269,Finance,1-10,2,1,0
B2B01757,0,99,11,23,0,297,5,4,3,53.128469652330125,Technology,1000+,3,0,0
B2B01758,0,199,10,23,16,135,50,29,1,90.22898804326896,Finance,51-200,1,1,0
B2B01759,0,199,19,24,9,433,25,19,1,89.45573123777812,Retail,11-50,1,0,0
B2B01760,0,199,20,22,11,3,10,4,2,96.77616237757572,Healthcare,201-1000,0,0,1
B2B01761,0,99,4,21,2,463,250,172,5,90.84618467677777,Technology,1000+,2,1,0
B2B01762,0,99,24,25,0,9,25,10,0,63.91865180234439,Finance,51-200,2,1,0
B2B01763,0,199,28,29,3,49,10,4,2,48.83047542232552,Retail,1-10,0,1,0
B2B01764,0,999,19,26,5,4,100,79,2,52.40046246946826,Healthcare,1000+,2,1,0
B2B01765,0,499,10,15,5,1082,5,4,2,91.48407964343906,Technology,1-10,1,1,0
B2B01766,0,499,10,25,8,30,5,4,2,70.57162654781952,Finance,11-50,0,0,0
B2B01767,0,999,31,35,2,19,50,48,0,48.478580504603805,Finance,51-200,3,1,0
B2B01768,0,199,4,25,3,63621,10,9,2,76.16530574177278,Other,11-50,0,1,0
B2B01769,0,99,6,29,4,1,10,6,5,91.9151549179345,Other,11-50,5,1,0
B2B01770,0,99,26,23,12,3249,25,19,1,87.59200985003729,Healthcare,11-50,2,1,0
B2B01771,0,199,2,15,7,0,10,5,0,89.75012623695787,Healthcare,11-50,1,1,0
B2B01772,0,499,8,23,5,1102,10,8,3,66.2035902400887,Other,11-50,0,1,0
B2B01773,1,999,10,25,18,135,50,26,1,82.36096822474741,Retail,11-50,2,0,0
B2B01774,0,499,10,21,12,47,10,7,0,80.21206290955305,Other,11-50,0,0,0
B2B01775,0,99,18,37,3,7,10,8,3,64.57395153095324,Other,11-50,1,1,0
B2B01776,0,499,1,26,18,6,5,2,1,84.33270677095156,Retail,51-200,3,1,0
B2B01777,0,499,3,29,5,4270,100,58,1,95.16663877779612,Healthcare,51-200,0,1,0
B2B01778,0,4999,5,31,10,769,5,2,3,97.2661721233006,Finance,201-1000,0,1,0
B2B01779,1,499,8,21,11,22,10,4,4,94.60316228376252,Healthcare,51-200,3,1,0
B2B01780,0,999,17,40,4,610,5,2,1,79.48555983382057,Retail,1-10,0,1,0
B2B01781,0,199,15,30,5,50,50,38,1,97.60919618056437,Finance,51-200,0,1,0
B2B01782,0,199,11,26,7,113,50,42,0,92.35418952776308,Technology,51-200,2,1,0
B2B01783,1,4999,5,21,1,5132,10,4,0,69.19985521729394,Technology,11-50,4,1,0
B2B01784,0,99,11,23,14,384,10,5,0,60.950250605168286,Healthcare,1-10,1,1,0
B2B01785,0,499,25,24,2,118,250,146,0,49.57904794143939,Healthcare,51-200,4,0,0
B2B01786,1,999,24,21,8,34,50,47,0,35.37960043292007,Finance,11-50,1,1,0
B2B01787,0,199,9,26,0,1043,5,3,1,85.00105262205354,Finance,1000+,1,1,0
B2B01788,0,1999,17,38,2,7,25,18,0,69.0092364718364,Technology,51-200,5,1,0
B2B01789,0,199,12,14,2,83,5,3,1,76.2112875255396,Healthcare,201-1000,5,0,0
B2B01790,1,499,7,30,0,10,5,4,0,74.883722326561,Finance,51-200,3,1,0
B2B01791,0,199,17,21,7,20592,5,2,1,98.68301507602887,Other,201-1000,1,1,0
B2B01792,0,199,13,23,13,491,25,10,2,79.14772272723549,Healthcare,201-1000,1,1,0
B2B01793,0,199,5,25,4,2077,25,22,3,79.32621437844377,Healthcare,11-50,3,1,0
B2B01794,0,99,26,28,24,2028,100,78,4,97.06072065432242,Finance,1-10,3,1,0
B2B01795,0,199,7,22,3,218,100,63,4,92.35627449018638,Retail,51-200,2,1,0
B2B01796,1,199,21,25,0,68,25,16,3,86.52818842226077,Technology,1-10,3,0,0
B2B01797,0,99,11,27,9,692,100,52,1,90.03465223023383,Technology,11-50,1,0,0
B2B01798,1,99,4,32,8,781,5,2,1,73.44390381862536,Retail,51-200,3,0,0
B2B01799,0,99,1,23,1,473,10,9,1,59.38610256618845,Healthcare,1-10,5,1,0
B2B01800,0,499,15,24,1,49,5,4,2,75.90507438841094,Technology,11-50,2,0,0
B2B01801,1,99,3,31,2,12049,10,4,2,58.59881538396032,Other,11-50,2,1,0
B2B01802,0,199,7,35,11,85,100,44,3,42.943672619327785,Healthcare,11-50,1,0,0
B2B01803,1,199,20,13,12,158,10,9,2,70.08286227744989,Technology,11-50,0,1,0
B2B01804,0,1999,6,23,1,12,5,2,4,95.60106712664421,Finance,11-50,3,0,1
B2B01805,1,1999,10,32,1,6253,5,2,3,91.62423533545915,Technology,51-200,1,1,0
B2B01806,0,199,11,26,2,249,5,2,3,62.84010476617211,Retail,1-10,2,1,0
B2B01807,0,99,10,22,0,166,25,18,0,72.86336639262848,Finance,11-50,3,1,0
B2B01808,0,1999,20,21,2,132,10,5,0,80.62912624065855,Other,51-200,0,1,0
B2B01809,0,999,9,18,5,16,10,8,2,81.03359119512582,Other,1-10,4,0,0
B2B01810,0,99,18,30,0,845,5,4,2,71.75857043781235,Other,1-10,1,1,0
B2B01811,0,99,7,23,7,1,10,8,2,78.46753912348127,Healthcare,51-200,2,0,0
B2B01812,0,199,26,24,2,11,5,3,3,82.01692732837833,Retail,51-200,2,0,0
B2B01813,1,499,13,18,3,243,5,4,2,75.82374716958043,Retail,11-50,0,1,0
B2B01814,0,99,13,15,5,11788,10,6,2,85.8292994034942,Healthcare,11-50,1,1,0
B2B01815,0,99,3,23,0,20,10,7,1,88.12017437398002,Technology,51-200,0,1,0
B2B01816,1,499,6,26,1,20,250,111,1,73.19085333551706,Healthcare,51-200,0,1,0
B2B01817,0,99,3,27,7,74,5,3,0,91.82463284812172,Other,1-10,2,1,0
B2B01818,0,499,7,13,0,1,10,5,1,92.74691607246575,Healthcare,11-50,1,1,0
B2B01819,0,999,6,24,6,186,100,70,0,71.91249778242133,Other,1-10,0,1,0
B2B01820,0,999,1,23,0,5798,250,185,3,92.14354242351092,Retail,1-10,0,1,0
B2B01821,0,1999,26,26,14,654,5,2,0,91.57772962435094,Other,1000+,1,1,0
B2B01822,0,999,2,21,10,2307,100,94,2,79.10595234907717,Retail,11-50,1,1,0
B2B01823,0,199,9,23,4,1,25,22,1,62.650063630701936,Retail,201-1000,1,0,0
B2B01824,0,999,11,28,19,503,5,3,6,93.88549262999949,Other,51-200,2,1,0
B2B01825,0,999,28,33,7,63,250,192,3,88.33640800593905,Other,11-50,4,1,0
B2B01826,1,999,9,23,12,214,50,48,2,88.62348568167965,Other,1-10,4,1,0
B2B01827,0,99,4,27,3,111,10,6,3,93.55493639474287,Retail,51-200,2,0,0
B2B01828,0,99,17,30,9,1017,5,4,3,83.35302629743829,Other,201-1000,2,1,0
B2B01829,0,499,10,21,4,39,10,5,3,78.73750807517766,Healthcare,1-10,3,0,0
B2B01830,1,199,11,30,20,553,25,19,0,80.41736134718698,Healthcare,201-1000,2,1,0
B2B01831,0,999,11,23,17,584,100,50,1,66.75548526146655,Finance,1-10,4,1,0
B2B01832,0,99,6,15,6,218,250,110,1,82.3385839513046,Retail,1-10,6,1,0
B2B01833,1,199,13,18,18,15,5,3,2,56.42988117725475,Finance,51-200,4,0,0
B2B01834,0,4999,11,20,0,176,25,16,5,77.82199371452162,Other,51-200,3,1,0
B2B01835,0,199,5,19,3,197,10,9,2,81.20220624144518,Healthcare,1000+,4,1,0
B2B01836,1,99,7,29,6,190,10,5,3,62.07570493692498,Healthcare,11-50,1,1,0
B2B01837,0,199,23,22,6,33,50,47,2,64.40169210070098,Technology,51-200,1,1,0
B2B01838,0,1999,12,16,0,39,10,6,1,91.68449837959174,Technology,1-10,1,1,0
B2B01839,0,99,22,22,28,835,50,40,2,68.08368780432428,Retail,11-50,2,0,0
B2B01840,0,1999,9,28,3,306,10,7,3,75.11857671864371,Finance,201-1000,4,1,0
B2B01841,0,999,33,27,3,66,5,4,1,60.19005722525785,Other,201-1000,2,1,0
B2B01842,0,99,7,22,20,1514,25,12,6,89.41526457586245,Finance,1-10,1,1,0
B2B01843,0,199,3,24,3,135,10,6,3,79.71768080567743,Other,201-1000,2,1,0
B2B01844,0,99,3,19,4,111,10,4,0,91.97238433572406,Healthcare,11-50,3,1,0
B2B01845,1,99,6,21,6,2199,25,20,1,97.69371533194466,Other,11-50,0,0,0
B2B01846,0,4999,9,22,9,22,5,3,5,84.54973024159551,Finance,201-1000,1,0,0
B2B01847,0,499,23,23,8,129,10,4,5,83.24634197641633,Retail,201-1000,3,1,0
B2B01848,0,99,11,16,21,3286,25,15,2,82.7292579501759,Technology,1-10,1,0,0
B2B01849,0,99,22,20,12,4792,10,4,2,81.91384473663283,Healthcare,51-200,2,1,0
B2B01850,0,199,14,21,10,72,10,8,0,95.83251336890977,Retail,11-50,2,1,0
B2B01851,1,199,6,25,3,723,5,4,0,78.72766509902218,Technology,51-200,3,0,0
B2B01852,1,199,4,18,9,87,5,4,0,92.59386721964779,Healthcare,11-50,4,0,0
B2B01853,0,499,4,24,0,6,5,2,3,95.88999676507335,Finance,201-1000,3,1,0
B2B01854,0,99,4,14,15,219,10,6,0,71.2397936414865,Healthcare,51-200,1,1,0
B2B01855,0,499,16,21,2,68,100,72,1,74.8183552981989,Technology,51-200,2,1,0
B2B01856,0,99,3,26,4,75,10,8,0,88.9936457792764,Healthcare,11-50,1,1,0
B2B01857,0,199,7,30,6,34,10,9,4,79.47687474311526,Technology,11-50,2,1,0
B2B01858,1,99,8,24,12,694,50,26,3,88.59484949402393,Other,1000+,1,0,0
B2B01859,0,199,15,21,3,32,10,4,4,91.30884419869527,Healthcare,1000+,4,1,0
B2B01860,0,999,13,26,8,974,10,8,0,92.67043579216178,Healthcare,11-50,3,1,0
B2B01861,0,199,24,34,7,1,5,2,0,66.27829046942259,Retail,11-50,4,0,0
B2B01862,0,999,8,26,0,122,100,51,1,60.300114700662874,Finance,51-200,1,1,0
B2B01863,0,99,22,25,16,65,10,4,2,61.84380748877847,Healthcare,11-50,2,1,0
B2B01864,0,199,23,43,7,3,5,4,2,88.11084052799886,Technology,1-10,2,1,0
B2B01865,0,99,7,28,1,419,5,4,1,79.52217085664365,Retail,1-10,4,1,0
B2B01866,0,199,3,23,5,38,5,2,1,94.7179255573741,Retail,201-1000,2,1,0
B2B01867,0,999,8,25,6,331,250,111,6,84.71065170314334,Finance,201-1000,0,1,0
B2B01868,1,999,25,18,3,111,25,12,2,84.57344537275966,Retail,51-200,4,1,0
B2B01869,0,99,8,25,7,8,5,3,2,62.670033840288056,Finance,1000+,3,1,0
B2B01870,0,99,9,22,6,3896,5,2,2,83.79415871178473,Retail,51-200,3,1,0
B2B01871,1,199,28,19,12,1018,10,5,2,73.64561851571511,Healthcare,1-10,2,0,0
B2B01872,0,99,5,24,3,442,10,7,3,75.48879370210815,Healthcare,51-200,4,0,0
B2B01873,0,999,6,26,6,8985,25,19,0,72.77956941447493,Other,1-10,2,0,0
B2B01874,0,499,4,28,7,20,100,85,1,69.82661622929223,Technology,1-10,2,1,0
B2B01875,0,99,5,42,1,30,50,30,2,83.70127625622274,Retail,51-200,4,1,0
B2B01876,1,4999,11,27,17,597,5,3,4,75.43467810433982,Technology,1000+,3,1,0
B2B01877,0,199,28,22,11,1690,10,6,2,88.6053392678773,Technology,1-10,0,1,0
B2B01878,0,4999,5,29,2,42,5,3,2,65.65235146950917,Other,11-50,2,1,0
B2B01879,0,499,7,22,0,2215,5,3,0,65.76967860601994,Other,51-200,2,1,0
B2B01880,0,99,17,32,13,133,10,8,2,86.76857157831098,Retail,1-10,2,1,0
B2B01881,1,99,10,24,3,96,50,31,2,82.18245722629257,Retail,11-50,0,1,0
B2B01882,0,999,6,27,1,11450,10,4,0,82.28213338287966,Technology,51-200,0,1,0
B2B01883,0,99,4,21,12,3,100,85,4,46.40418338947964,Other,201-1000,3,1,0
B2B01884,0,199,16,27,20,1524,50,31,1,90.23135918049464,Finance,51-200,1,1,0
B2B01885,0,999,8,31,4,255,5,4,3,59.87377615708785,Healthcare,51-200,0,1,0
B2B01886,0,199,6,23,19,81,50,39,3,66.28224871821298,Finance,201-1000,3,1,0
B2B01887,0,199,2,21,0,1723,100,92,1,76.74135055052945,Finance,11-50,3,1,0
B2B01888,0,999,3,20,2,16,25,16,0,86.15243473291768,Retail,1000+,2,0,0
B2B01889,0,199,11,22,5,2076,10,4,3,77.19696157047008,Finance,201-1000,2,1,0
B2B01890,1,199,7,28,3,78,5,2,2,92.91513265447622,Other,1000+,1,1,0
B2B01891,0,99,24,19,0,338,5,3,1,97.24935250889662,Retail,1-10,0,1,0
B2B01892,1,99,8,30,17,84,10,6,2,93.81338609499011,Technology,1-10,5,1,0
B2B01893,0,999,49,20,11,1519,10,8,1,91.76104752721346,Other,1000+,0,1,0
B2B01894,0,99,15,22,6,364,10,7,5,54.710413592432594,Technology,11-50,6,1,0
B2B01895,0,199,6,23,4,1572,10,6,3,91.17819747128554,Technology,201-1000,1,1,0
B2B01896,1,499,10,32,0,1536,5,2,2,82.28980712720059,Healthcare,1-10,0,0,0
B2B01897,0,99,4,20,0,105,5,3,3,53.022726355717985,Technology,51-200,6,1,0
B2B01898,0,499,14,24,19,10,25,23,2,77.69840193106302,Retail,201-1000,4,0,0
B2B01899,0,199,6,22,6,1,5,3,2,76.1055189984462,Retail,11-50,0,0,0
B2B01900,0,99,5,26,1,289,5,2,1,63.685002821680555,Retail,1000+,2,1,0
B2B01901,0,499,2,30,4,1628,50,32,4,61.82567819043449,Technology,11-50,1,1,0
B2B01902,0,199,4,21,1,100,50,27,2,76.85674935662573,Other,1-10,0,1,0
B2B01903,0,499,7,13,6,118,10,5,5,88.0344491844056,Technology,11-50,3,0,0
B2B01904,1,4999,7,25,14,510,25,17,4,88.556116148575,Finance,11-50,3,1,0
B2B01905,0,499,11,24,1,88,50,27,0,73.34792492349195,Healthcare,51-200,1,1,0
B2B01906,0,199,10,37,3,25,25,17,1,89.17817164765707,Healthcare,11-50,4,0,0
B2B01907,0,199,11,17,35,146,25,19,6,56.38788868971369,Technology,201-1000,3,1,0
B2B01908,0,99,1,28,4,109,5,3,5,76.13290091376106,Other,1000+,3,1,0
B2B01909,0,499,8,27,4,128,50,20,0,68.65194085154442,Other,11-50,1,1,0
B2B01910,0,499,1,32,0,30,10,7,0,87.75109918975902,Technology,51-200,3,0,0
B2B01911,0,499,12,23,1,28,25,12,3,93.6570479827617,Technology,11-50,3,1,0
B2B01912,0,999,18,21,17,26,50,28,2,78.10467408702486,Other,1000+,0,0,0
B2B01913,0,99,4,21,6,26,10,4,0,56.960941102109345,Finance,51-200,1,1,0
B2B01914,0,199,19,19,22,6981,10,9,5,60.1503684849674,Other,1-10,2,0,0
B2B01915,0,499,5,26,6,2597,5,4,0,84.93493086690404,Healthcare,51-200,3,1,0
B2B01916,1,199,2,20,9,4,100,65,1,59.65404991571776,Other,1-10,2,1,0
B2B01917,1,1999,8,27,6,462,250,249,1,56.58203224326942,Technology,1-10,3,1,0
B2B01918,0,99,19,17,5,810,5,4,0,48.396350490171685,Retail,1-10,2,1,0
B2B01919,0,199,5,23,10,17,10,9,0,82.05170493254147,Other,1-10,1,1,0
B2B01920,0,499,6,26,2,60934,5,3,1,91.4570347489186,Healthcare,1-10,2,0,0
B2B01921,0,99,35,31,2,4341,50,38,0,83.05819174570554,Finance,201-1000,0,0,0
B2B01922,1,99,3,28,6,1932,250,169,0,69.34446612094646,Healthcare,201-1000,3,0,1
B2B01923,0,1999,6,16,0,172,50,32,0,62.558935242567536,Other,11-50,1,1,0
B2B01924,0,999,30,20,3,94,5,2,0,64.79210672091206,Technology,1-10,3,1,0
B2B01925,0,499,2,26,12,14,5,2,0,72.61329419247235,Finance,51-200,1,1,0
B2B01926,0,99,28,29,3,63,5,2,0,80.59162565825153,Technology,1-10,2,0,0
B2B01927,0,99,29,33,1,108,100,92,0,90.66359069601336,Finance,201-1000,5,1,0
B2B01928,1,999,13,28,5,78,50,31,3,76.55487979738295,Retail,51-200,1,1,0
B2B01929,1,199,10,20,4,420,5,3,2,70.61752314166503,Healthcare,201-1000,1,1,0
B2B01930,0,999,17,26,7,333,100,91,1,61.752395911282434,Healthcare,1-10,1,0,0
B2B01931,1,199,36,27,5,46,5,4,2,76.0850792009334,Healthcare,201-1000,2,1,0
B2B01932,0,99,18,14,4,278,5,3,0,83.29161169358335,Other,51-200,3,1,0
B2B01933,0,999,4,24,4,199,100,59,0,69.27900826395764,Other,51-200,0,1,0
B2B01934,1,199,34,23,2,1874,10,4,0,63.19229790680445,Finance,51-200,1,1,0
B2B01935,1,99,21,21,0,671,5,3,4,92.5931245160514,Technology,51-200,0,1,0
B2B01936,0,999,13,30,16,4,10,6,0,98.1458058611416,Finance,1-10,2,1,0
B2B01937,0,199,13,23,0,19,50,26,1,94.13739936315787,Technology,11-50,2,1,0
B2B01938,0,199,9,28,4,619,5,2,3,88.08692023953367,Finance,201-1000,0,1,0
B2B01939,0,999,12,24,6,1085,5,4,0,71.26081236437739,Finance,1-10,4,0,0
B2B01940,0,99,7,29,16,28,5,3,0,70.58850989462691,Healthcare,1000+,7,1,0
B2B01941,0,4999,1,24,0,29,5,3,2,88.49373689806079,Retail,11-50,2,1,0
B2B01942,1,99,5,26,0,35,250,127,3,89.16536367235511,Technology,1-10,2,1,0
B2B01943,0,999,9,29,0,183,10,5,2,49.31271920378119,Other,1000+,0,1,0
B2B01944,0,999,11,28,10,280,10,7,1,47.9854808601646,Healthcare,51-200,0,0,0
B2B01945,0,499,1,31,31,3,25,24,0,93.16425143610944,Technology,1-10,0,1,0
B2B01946,0,999,4,21,13,67,10,7,1,54.45948971442277,Retail,11-50,0,1,0
B2B01947,1,199,7,30,30,40,10,9,0,54.50659075632459,Finance,11-50,4,0,0
B2B01948,0,99,1,20,2,18,100,61,1,62.86632910546057,Retail,1-10,3,1,0
B2B01949,0,499,19,24,12,294,5,3,3,79.90109242932895,Healthcare,1-10,6,0,0
B2B01950,0,199,28,20,4,79,10,5,3,80.10829269756665,Technology,1000+,3,1,0
B2B01951,0,499,7,19,14,14,5,2,4,86.58454386710751,Technology,11-50,2,0,1
B2B01952,0,99,7,25,12,163,10,6,0,92.11673580667863,Retail,51-200,3,1,0
B2B01953,0,499,32,20,3,16,25,12,0,71.36359891892917,Other,51-200,6,1,0
B2B01954,0,499,8,25,4,231,10,4,1,80.19074577270854,Finance,51-200,4,1,0
B2B01955,0,199,15,23,19,0,50,25,3,91.15872409476215,Finance,1-10,4,1,0
B2B01956,1,499,7,28,17,228,5,4,3,69.89635220145134,Other,11-50,1,1,0
B2B01957,0,99,15,22,4,2,100,89,1,49.58999190630056,Other,51-200,4,1,0
B2B01958,0,999,15,17,11,3,10,9,0,88.67868184689466,Other,1-10,1,0,0
B2B01959,0,199,6,26,1,1091,5,3,0,88.4661695374311,Other,1-10,2,0,0
B2B01960,0,1999,26,24,3,7,5,3,1,89.86715907099196,Other,1000+,4,0,0
B2B01961,0,99,17,20,0,112,25,12,5,83.20111603062021,Other,1-10,1,1,0
B2B01962,0,1999,24,25,1,35,10,7,4,78.63992236007508,Retail,1000+,1,1,0
B2B01963,0,199,11,28,3,8,5,4,1,72.60275216592093,Retail,11-50,1,1,0
B2B01964,1,99,10,15,27,992,5,4,1,61.420336438336975,Other,11-50,3,1,0
B2B01965,0,99,31,17,0,6,10,8,5,61.21289651483496,Healthcare,51-200,1,1,0
B2B01966,0,999,17,18,18,89,5,4,1,92.48742352352741,Healthcare,11-50,2,0,0
B2B01967,0,99,3,17,4,267,5,2,4,49.4409094466025,Other,11-50,4,0,0
B2B01968,0,99,17,21,4,4,5,3,0,78.31468781860585,Other,1-10,4,1,0
B2B01969,0,499,16,23,9,5255,10,8,0,80.28779644034789,Retail,51-200,2,1,0
B2B01970,1,99,7,21,0,775,5,3,1,74.06232050760964,Retail,201-1000,0,0,0
B2B01971,0,99,20,29,6,57,5,2,3,64.51529060158198,Finance,11-50,2,1,0
B2B01972,0,199,6,32,6,9,10,8,0,85.84594984088208,Retail,51-200,3,1,0
B2B01973,0,499,5,23,3,101,10,6,2,77.52164392017245,Technology,11-50,2,1,0
B2B01974,1,199,11,21,8,61,10,6,0,81.37439325760455,Other,1000+,0,1,0
B2B01975,0,199,13,24,2,745,10,7,2,89.72470306844123,Finance,1-10,0,1,0
B2B01976,0,99,10,22,4,25,10,9,0,86.46691088378367,Technology,1-10,1,0,0
B2B01977,0,1999,33,22,8,1246,5,4,3,69.17456694233181,Other,1-10,3,1,0
B2B01978,1,99,4,32,2,2101,5,3,0,89.14316463300396,Finance,51-200,1,1,0
B2B01979,0,499,4,16,15,0,10,4,0,82.3761155744612,Technology,51-200,0,0,0
B2B01980,0,999,21,27,23,392,5,4,0,79.8365662042724,Retail,51-200,3,1,0
B2B01981,0,999,2,19,0,5,100,97,1,50.953777421382085,Other,51-200,2,1,0
B2B01982,0,199,11,30,15,14,5,4,2,67.18274873195867,Healthcare,11-50,2,1,0
B2B01983,0,99,10,29,3,96,5,2,1,58.795422414054634,Other,51-200,2,1,0
B2B01984,0,99,12,27,3,35,25,11,3,76.48794557396211,Finance,51-200,2,1,0
B2B01985,1,99,2,29,1,65,5,3,0,87.49001949737688,Technology,51-200,1,1,0
B2B01986,0,499,7,16,0,2,5,4,2,74.5331227281772,Healthcare,11-50,2,1,0
B2B01987,0,199,11,18,0,397,5,4,0,67.05679336234185,Healthcare,1-10,4,1,0
B2B01988,0,199,11,29,13,868,10,8,0,76.63488964971985,Technology,51-200,1,0,0
B2B01989,0,199,11,30,1,19,5,3,5,96.3859090894821,Retail,51-200,1,1,0
B2B01990,0,199,18,23,20,32,5,4,2,61.90791782861182,Finance,51-200,2,0,0
B2B01991,0,99,6,28,4,21,10,9,2,92.30882777060752,Retail,11-50,1,0,0
B2B01992,0,99,14,28,2,22,5,4,1,64.57564019904058,Finance,1000+,1,0,0
B2B01993,0,499,2,17,14,512,25,14,1,61.11467091677283,Finance,1-10,4,0,0
B2B01994,1,999,2,28,12,758,10,8,0,82.27986747981613,Technology,11-50,0,1,0
B2B01995,0,99,6,22,0,62,10,7,0,76.54385981569412,Technology,1-10,2,0,0
B2B01996,1,99,7,31,18,169,5,3,1,97.53287909692055,Finance,51-200,4,1,0
B2B01997,0,99,8,22,2,10,10,4,5,71.46031742903925,Healthcare,11-50,4,1,0
B2B01998,0,199,20,29,3,9,25,18,4,56.23087836388445,Retail,201-1000,3,1,0
B2B01999,0,499,14,25,1,925,50,26,5,47.125806910351926,Technology,11-50,3,1,0
B2B02000,0,999,8,32,8,43,5,4,3,92.34463295130215,Retail,51-200,3,1,0
B2B02001,0,199,7,19,0,39,10,5,1,85.38992923194498,Retail,11-50,1,0,0
B2B02002,0,199,18,21,13,593,50,35,4,55.70119371878079,Finance,51-200,0,0,0
B2B02003,0,1999,5,21,2,54,10,7,2,86.5338001202271,Retail,1000+,1,1,0
B2B02004,0,99,10,29,0,103,25,10,1,74.70582823403656,Finance,11-50,1,1,0
B2B02005,0,99,10,24,4,70,5,2,0,56.825706309386604,Retail,201-1000,6,1,0
B2B02006,0,99,21,26,1,2386,5,2,1,94.22946215226028,Finance,11-50,1,1,0
B2B02007,0,199,13,22,4,819,10,6,4,90.71837981473367,Finance,1000+,3,1,0
B2B02008,0,99,7,35,2,24,10,5,0,49.56536743585434,Healthcare,11-50,1,0,0
B2B02009,0,999,6,32,10,16,25,16,2,94.49552536378945,Finance,201-1000,3,1,0
B2B02010,0,199,10,18,1,44,5,3,4,84.96049209259007,Other,11-50,1,1,0
B2B02011,0,99,19,24,7,18,25,18,3,70.20372553028734,Other,1-10,3,0,0
B2B02012,0,99,3,22,0,376,5,4,0,84.10079018546939,Healthcare,201-1000,1,1,0
B2B02013,0,999,11,24,5,15,250,136,0,67.37053344335187,Other,11-50,2,1,0
B2B02014,0,99,10,25,13,387,5,4,0,68.39513822168914,Other,1-10,1,0,0
B2B02015,1,199,10,26,9,64,5,4,5,80.12152723330497,Other,51-200,4,1,0
B2B02016,0,99,11,24,2,154,5,3,2,84.54214103247723,Other,51-200,5,1,0
B2B02017,0,99,14,26,1,360,5,3,1,77.35778324478537,Retail,1000+,3,1,0
B2B02018,0,99,7,27,4,8366,10,7,2,70.10091703119548,Other,201-1000,2,1,0
B2B02019,0,199,23,18,14,71,5,3,2,56.06326802658845,Retail,11-50,0,1,0
B2B02020,0,499,2,24,2,533,50,29,0,74.85617468253119,Healthcare,11-50,4,1,0
B2B02021,0,99,8,22,1,338,5,2,5,96.77165663086876,Healthcare,11-50,0,0,0
B2B02022,0,499,12,28,1,51,5,4,0,90.8423602158302,Technology,11-50,4,0,0
B2B02023,1,499,52,28,9,27,100,42,2,87.02603324958027,Finance,51-200,1,1,0
B2B02024,0,99,32,20,4,22,5,3,0,91.05920267701104,Technology,11-50,1,1,0
B2B02025,1,199,17,27,9,5,5,4,2,83.43218540435267,Other,201-1000,1,1,0
B2B02026,1,199,12,40,12,135,25,23,1,73.47509021013148,Other,1-10,2,1,0
B2B02027,0,99,29,28,12,623,50,34,1,91.00082475996871,Technology,11-50,1,0,0
B2B02028,0,99,4,21,16,466,5,3,4,83.4509763116422,Technology,11-50,2,1,0
B2B02029,1,1999,10,29,21,210,10,4,2,54.102895317393894,Healthcare,201-1000,4,1,0
B2B02030,0,99,1,29,18,453,5,4,1,89.05970370826809,Technology,1000+,1,1,0
B2B02031,0,99,23,15,2,69969,5,2,0,92.11169883490086,Healthcare,51-200,1,1,0
B2B02032,1,99,16,24,3,80,5,4,2,75.75296202797622,Healthcare,51-200,1,1,0
B2B02033,0,199,10,24,12,10,10,5,0,76.44495602000674,Finance,51-200,3,1,0
B2B02034,1,499,10,34,0,98,5,3,0,76.99540476088504,Retail,51-200,0,1,0
B2B02035,0,99,8,23,2,406,5,4,3,50.06227405760666,Technology,1000+,1,1,0
B2B02036,0,499,4,20,5,3235,250,153,0,80.74818055906515,Healthcare,51-200,2,0,0
B2B02037,0,199,29,28,5,860,10,9,0,65.37198275757343,Retail,11-50,1,1,0
B2B02038,0,199,6,25,7,2081,50,28,0,76.06945338150362,Healthcare,11-50,1,1,0
B2B02039,0,499,2,25,3,322,5,3,4,88.6128788643648,Retail,11-50,4,0,0
B2B02040,0,999,12,26,3,7,50,45,1,95.13887210883654,Healthcare,11-50,2,1,0
B2B02041,0,199,15,31,2,97,5,3,1,91.81637807418625,Healthcare,1-10,2,1,0
B2B02042,0,199,16,24,16,45,10,4,1,66.89380877635092,Other,11-50,0,1,0
B2B02043,1,499,1,30,23,145,5,3,1,58.95298866885853,Retail,11-50,1,1,0
B2B02044,0,999,15,20,0,2,10,9,3,68.90887375357383,Technology,1-10,2,1,0
B2B02045,0,199,12,37,3,115,50,46,0,89.95986451826582,Healthcare,1-10,4,1,0
B2B02046,0,99,5,23,8,550,5,3,4,67.7790253363352,Finance,11-50,4,0,0
B2B02047,0,199,9,26,0,121,25,13,3,81.97023554880045,Technology,201-1000,5,1,0
B2B02048,0,199,4,25,1,521,5,4,2,86.70683917797507,Technology,11-50,1,1,0
B2B02049,0,99,4,23,19,58,50,44,0,67.2305828474154,Finance,11-50,2,1,0
B2B02050,0,99,7,31,2,399,50,22,2,83.12915734349589,Healthcare,51-200,2,1,0
B2B02051,0,499,2,25,0,150,25,22,1,69.86334181308315,Other,1-10,2,1,0
B2B02052,0,199,14,18,9,63,5,3,2,74.32424607300399,Finance,51-200,2,1,0
B2B02053,0,1999,6,22,18,328,25,19,1,74.85570928496105,Other,201-1000,2,0,0
B2B02054,0,999,26,26,0,467,5,3,3,54.74011909078005,Other,1-10,0,1,0
B2B02055,0,99,16,24,1,2607,5,2,2,64.93762414474125,Healthcare,51-200,0,1,0
B2B02056,0,499,12,32,1,28,50,37,1,86.7081226991712,Technology,1-10,1,0,0
B2B02057,0,199,5,20,7,34,100,90,0,93.05627483038852,Healthcare,11-50,1,1,0
B2B02058,0,199,10,26,0,302,5,2,0,86.83366416570082,Retail,201-1000,6,1,0
B2B02059,0,199,17,23,5,37,10,9,1,81.65341471111624,Finance,11-50,2,1,0
B2B02060,0,199,17,32,14,722,10,4,0,56.88165991818773,Retail,201-1000,2,1,0
B2B02061,0,99,9,29,0,159,5,4,1,85.05418295853701,Healthcare,51-200,0,1,0
B2B02062,0,499,4,30,4,299,100,57,6,56.66329554800746,Other,1-10,2,0,0
B2B02063,0,199,17,29,3,269,5,3,0,85.85498913839089,Finance,11-50,2,0,0
B2B02064,1,4999,1,21,3,151,5,2,2,86.3995501346159,Healthcare,11-50,1,1,0
B2B02065,0,1999,8,30,0,24,5,3,0,44.5160980354145,Finance,11-50,1,1,0
B2B02066,0,99,2,22,0,6153,50,42,2,82.72582083446511,Retail,1000+,0,1,0
B2B02067,0,99,12,21,18,76,10,6,0,91.57456463063902,Technology,11-50,1,1,0
B2B02068,0,99,5,26,1,8813,100,49,4,72.6962766113216,Finance,1-10,3,0,0
B2B02069,0,499,2,19,4,4202,10,4,0,89.21389408724048,Healthcare,11-50,0,1,0
B2B02070,0,99,25,32,6,14,5,2,2,95.70217724307635,Other,1-10,2,1,0
B2B02071,0,99,22,29,2,188,5,3,1,83.58007071050315,Healthcare,11-50,2,1,0
B2B02072,1,999,5,18,0,3368,5,2,0,61.90236751483562,Technology,11-50,3,1,0
B2B02073,1,199,6,30,3,4055,5,4,2,90.05858288349381,Finance,51-200,1,1,0
B2B02074,0,999,15,18,2,252,25,21,1,72.9190206611569,Healthcare,51-200,1,1,0
B2B02075,0,999,11,28,1,194,5,3,2,69.25700908885058,Other,51-200,2,1,0
B2B02076,1,99,12,38,0,6,10,5,0,73.28685961690353,Finance,1-10,3,1,0
B2B02077,0,499,21,29,6,25,5,2,1,83.75259554614546,Other,1-10,3,1,0
B2B02078,0,99,5,20,7,45,25,10,2,83.08971777068044,Other,51-200,1,1,0
B2B02079,0,99,38,18,7,117,10,8,0,79.68601628449628,Finance,1-10,4,0,0
B2B02080,1,1999,19,24,10,1336,5,4,4,64.53217013904656,Retail,1-10,2,0,0
B2B02081,0,99,18,36,0,65,100,84,0,66.33052357582648,Retail,11-50,2,1,0
B2B02082,0,99,11,23,4,365,25,15,0,77.33242693372698,Other,51-200,4,0,0
B2B02083,0,499,5,17,26,156,5,3,3,94.29921836901255,Finance,51-200,1,1,0
B2B02084,1,199,15,24,6,51,250,118,0,73.08866127872393,Retail,1-10,1,0,0
B2B02085,0,99,4,29,8,1064,5,3,3,65.72163600983203,Healthcare,201-1000,1,1,0
B2B02086,0,99,21,23,8,108,100,44,0,88.62849898154103,Other,1000+,2,0,0
B2B02087,0,499,3,26,4,165,10,4,0,74.88565907648425,Technology,51-200,0,1,0
B2B02088,0,199,17,25,6,2,50,34,1,71.85545833136972,Retail,51-200,3,1,0
B2B02089,0,499,15,28,0,480,5,4,0,87.96995345114603,Retail,51-200,5,0,0
B2B02090,1,999,5,27,10,47,5,4,2,63.355156330522135,Retail,1000+,1,1,0
B2B02091,1,199,5,30,9,12,5,3,1,91.88448299158493,Healthcare,1000+,2,0,0
B2B02092,1,1999,9,26,7,31,10,7,1,94.54000872028315,Technology,201-1000,2,1,0
B2B02093,0,199,6,26,0,53,10,7,2,88.55783030611191,Retail,11-50,3,1,1
B2B02094,1,199,2,29,7,15,5,2,3,59.78761846129848,Healthcare,201-1000,0,1,0
B2B02095,0,199,1,25,22,11,25,22,2,94.03020705320554,Technology,1-10,1,1,0
B2B02096,0,499,1,17,4,65,10,6,5,69.53791920123827,Healthcare,1000+,4,1,1
B2B02097,0,99,3,32,0,2665,5,3,0,80.78445769119573,Finance,11-50,1,1,0
B2B02098,0,99,9,21,4,10,5,2,1,96.70378985564406,Other,11-50,2,1,0
B2B02099,1,999,6,21,3,136,5,3,4,67.25172148114308,Finance,51-200,3,0,0
B2B02100,0,499,27,21,0,38,5,4,0,84.23382565768269,Technology,201-1000,2,1,0
B2B02101,0,999,29,27,0,1678,100,63,0,92.66299545798665,Healthcare,1-10,0,0,0
B2B02102,1,499,9,29,9,115,10,8,1,65.48710319668177,Other,1000+,1,1,0
B2B02103,0,99,5,28,2,501,5,4,1,76.96949006903799,Finance,1000+,1,0,0
B2B02104,1,199,13,37,0,1888,5,3,3,89.90122174678706,Other,51-200,2,1,0
B2B02105,0,1999,4,32,5,285,25,11,2,71.37774130199521,Retail,11-50,0,1,0
B2B02106,1,199,5,29,4,238,5,3,2,99.24489689954183,Retail,11-50,4,1,0
B2B02107,0,199,7,22,7,24,50,44,2,39.27913240637544,Finance,201-1000,6,1,0
B2B02108,0,499,3,15,7,494,10,8,2,69.52825014835398,Technology,51-200,0,1,0
B2B02109,0,99,24,31,12,6,5,2,3,67.3295874856338,Technology,51-200,9,1,0
B2B02110,0,99,5,27,10,6129,250,229,0,90.68740591279054,Retail,11-50,2,0,0
B2B02111,0,199,3,32,2,28,100,93,2,76.6549151947792,Other,51-200,1,1,0
B2B02112,1,199,2,30,6,113,10,7,3,71.56801967103056,Retail,11-50,0,0,0
B2B02113,1,99,10,28,16,52,10,6,2,88.33197582354808,Finance,1-10,2,1,0
B2B02114,0,1999,11,28,4,636,5,4,2,78.38334820576853,Retail,51-200,0,1,0
B2B02115,0,199,8,28,7,231,5,4,0,99.07377903157773,Other,1000+,2,1,0
B2B02116,0,199,7,29,4,6470,5,2,2,68.94182755845615,Other,51-200,4,1,0
B2B02117,1,999,1,15,1,16300,10,9,0,60.55959998509722,Finance,201-1000,3,0,0
B2B02118,0,499,10,22,1,533,10,6,1,80.12335819157148,Other,1-10,3,0,0
B2B02119,0,99,8,25,10,905,5,2,0,91.70222383948088,Healthcare,1-10,3,0,0
B2B02120,0,499,8,24,6,902,5,4,2,82.90569886766217,Finance,1-10,0,0,0
B2B02121,0,199,9,24,4,7,5,3,1,91.04890571437653,Other,201-1000,1,0,0
B2B02122,1,999,26,32,1,182,10,4,1,90.47789578614524,Other,1000+,4,1,0
B2B02123,0,199,11,25,20,72,5,3,0,66.10432000424063,Technology,201-1000,1,1,0
B2B02124,0,99,3,20,2,501,50,32,2,91.0032614567999,Healthcare,201-1000,0,0,0
B2B02125,0,99,6,20,27,376,5,3,0,66.22398978608784,Retail,201-1000,2,0,0
B2B02126,1,1999,6,22,13,927,5,4,0,83.71151003053032,Retail,51-200,1,1,0
B2B02127,0,99,4,17,5,33,250,211,2,86.81297367621066,Other,51-200,4,0,0
B2B02128,0,999,12,24,4,429,5,2,2,75.02269191908769,Finance,201-1000,3,1,0
B2B02129,0,199,15,27,3,60,10,9,0,65.41724941330546,Technology,1000+,5,1,0
B2B02130,0,1999,8,17,11,334,5,3,1,91.31328432009883,Technology,51-200,3,1,0
B2B02131,0,999,25,37,4,13,50,22,1,78.44218263702078,Retail,11-50,2,1,0
B2B02132,0,199,6,26,7,10,25,11,1,59.89249754281991,Healthcare,1-10,2,1,0
B2B02133,0,199,5,25,0,2797,10,4,0,72.73434042669761,Other,1-10,0,1,0
B2B02134,0,999,14,26,16,174,5,2,3,84.60949052721317,Healthcare,11-50,4,1,0
B2B02135,0,99,11,28,4,34,5,3,5,63.56712186293816,Retail,51-200,3,1,0
B2B02136,0,199,24,24,11,360,5,3,3,80.08412269817106,Technology,11-50,1,0,1
B2B02137,0,499,12,27,0,468,50,32,0,94.76060784603703,Healthcare,201-1000,3,1,0
B2B02138,1,199,29,29,14,303,10,9,1,78.11052200181948,Healthcare,201-1000,0,1,0
B2B02139,0,499,2,16,0,41,5,2,1,82.66283869023584,Other,51-200,5,1,1
B2B02140,0,499,21,32,6,34,50,25,1,72.89759456111291,Technology,51-200,4,1,0
B2B02141,0,99,1,21,3,263,10,7,1,64.04146005684207,Healthcare,11-50,1,1,0
B2B02142,1,99,9,30,2,8020,250,113,0,83.9931721658696,Finance,201-1000,1,0,0
B2B02143,0,99,13,25,6,52341,100,73,1,61.76863609516402,Healthcare,51-200,2,1,0
B2B02144,0,499,1,30,14,2620,250,196,0,48.08490588429729,Retail,11-50,1,0,0
B2B02145,0,199,12,31,6,19,10,7,3,63.18144263533111,Finance,11-50,1,0,0
B2B02146,1,199,4,40,8,320,50,27,1,88.89635659575048,Other,1-10,4,1,0
B2B02147,0,199,17,26,3,338,10,8,3,72.5265779805532,Technology,11-50,3,1,0
B2B02148,0,99,28,17,12,77,5,3,3,69.574220768916,Other,11-50,3,1,0
B2B02149,0,1999,19,34,0,54,10,6,1,71.81740493112999,Retail,201-1000,2,1,0
B2B02150,0,999,6,18,5,39436,5,4,2,89.19643968971815,Other,11-50,1,1,0
B2B02151,0,499,13,26,0,209,5,4,1,84.26358885208556,Finance,51-200,2,1,0
B2B02152,0,499,22,22,2,410,10,7,1,86.84203182448786,Finance,51-200,1,0,0
B2B02153,0,199,3,28,2,8,100,45,2,92.74340517893877,Retail,201-1000,3,0,0
B2B02154,0,99,11,36,6,5410,5,4,0,89.25619720265098,Healthcare,51-200,2,1,0
B2B02155,0,99,7,28,0,851,5,4,0,71.29528562281436,Healthcare,1-10,1,1,0
B2B02156,1,4999,1,33,13,0,5,4,3,78.65305254833974,Other,201-1000,2,1,0
B2B02157,0,999,7,31,15,18,5,3,0,93.04559858808769,Healthcare,51-200,0,0,0
B2B02158,0,199,7,16,10,18,25,15,5,97.94213576191933,Healthcare,11-50,3,1,0
B2B02159,0,199,6,29,3,643,5,2,1,90.68044748154486,Retail,11-50,1,0,0
B2B02160,0,499,15,28,1,109,5,4,2,81.54793035088763,Healthcare,51-200,2,1,0
B2B02161,0,999,4,27,6,24,5,3,2,77.23845221854025,Other,1-10,2,1,0
B2B02162,1,499,13,10,10,579,50,49,2,61.64202319533529,Retail,1-10,1,1,0
B2B02163,1,1999,3,19,0,30,250,243,2,91.19795742648779,Technology,11-50,1,1,0
B2B02164,0,99,7,17,15,18,5,4,0,57.52671264910377,Finance,51-200,4,1,0
B2B02165,0,199,21,23,4,154,5,3,1,85.98730824531351,Finance,201-1000,1,1,0
B2B02166,1,99,2,28,1,42,10,7,0,72.07816426425182,Other,51-200,1,1,0
B2B02167,0,999,7,30,5,668,50,39,1,88.61920840534403,Retail,11-50,1,1,0
B2B02168,0,999,10,23,8,97,10,5,1,92.01788528579071,Finance,51-200,3,1,0
B2B02169,0,199,10,24,5,90,5,2,4,92.10790305435353,Other,1-10,2,1,0
B2B02170,0,199,3,35,2,34,50,34,2,86.6744697185834,Healthcare,11-50,0,1,0
B2B02171,0,199,2,22,4,132,5,4,0,79.14490243960597,Technology,201-1000,4,1,0
B2B02172,0,1999,6,23,2,13281,25,16,3,93.55236305333902,Finance,11-50,2,0,0
B2B02173,0,99,5,28,6,327,50,29,0,87.48108439380097,Other,201-1000,2,0,0
B2B02174,1,99,12,23,5,90,25,22,1,70.71009876947734,Other,11-50,2,0,0
B2B02175,1,499,8,31,1,42,10,9,3,88.8100974819024,Technology,1000+,1,1,0
B2B02176,0,99,11,23,0,559,5,4,1,80.80301104455773,Other,201-1000,0,0,0
B2B02177,0,499,4,24,6,558,5,4,3,72.77389385542138,Other,11-50,3,0,0
B2B02178,1,199,6,24,1,57,5,3,0,94.72875866282531,Retail,201-1000,1,1,0
B2B02179,0,499,7,26,36,28,25,24,3,77.68326061081324,Other,1000+,5,1,0
B2B02180,0,999,6,26,34,124,5,4,0,84.25976981433963,Technology,201-1000,2,1,0
B2B02181,0,499,15,27,1,173,10,4,2,65.81028166167889,Retail,11-50,5,0,0
B2B02182,0,499,6,27,17,4,250,175,2,89.36109388748737,Finance,51-200,4,1,0
B2B02183,0,199,3,27,0,585,250,206,3,76.27937328390287,Finance,1-10,2,1,0
B2B02184,0,499,9,18,1,45,100,85,4,86.26991152226445,Other,201-1000,1,1,0
B2B02185,0,499,10,29,1,52,5,2,1,93.66076810463807,Finance,51-200,2,1,0
B2B02186,1,199,7,22,11,279,5,4,0,62.18814068727959,Finance,1000+,2,1,0
B2B02187,1,1999,4,27,23,25,10,6,0,74.70304351663206,Other,51-200,2,0,0
B2B02188,1,99,5,25,2,164,5,2,0,70.38670204072348,Finance,51-200,2,0,0
B2B02189,1,99,17,37,10,111,5,3,0,93.71300245425725,Healthcare,11-50,2,1,0
B2B02190,0,99,3,18,0,72,5,2,2,97.635344325962,Technology,1-10,2,1,0
B2B02191,0,199,27,28,13,253,100,43,3,86.0176014598839,Healthcare,11-50,1,1,0
B2B02192,0,99,19,26,6,58,10,6,5,79.33709707612988,Other,51-200,3,0,0
B2B02193,0,499,17,29,19,6,5,2,1,88.5930828867977,Other,201-1000,5,1,0
B2B02194,0,999,11,29,0,9,5,2,3,92.26105044606663,Other,11-50,0,1,0
B2B02195,0,99,4,22,8,36,10,8,2,61.418172075723234,Retail,11-50,1,1,0
B2B02196,0,99,2,28,2,15,5,3,4,85.71063313415792,Retail,51-200,3,1,0
B2B02197,0,999,8,28,0,226,5,4,0,69.35055871143034,Retail,1-10,0,1,0
B2B02198,0,499,27,22,1,29,25,15,1,68.1355163390574,Finance,51-200,0,1,0
B2B02199,0,1999,10,25,2,2,10,8,5,94.29349515887434,Retail,51-200,4,1,0
B2B02200,0,999,30,36,18,3730,5,2,1,83.89898744807294,Retail,1-10,2,0,0
B2B02201,0,199,14,25,6,115,250,159,4,77.67372746453623,Healthcare,1-10,2,1,0
B2B02202,0,499,14,29,3,138,25,13,0,78.285318943071,Healthcare,11-50,0,1,0
B2B02203,0,499,9,30,4,1940,10,6,2,91.89635980117237,Other,51-200,2,0,0
B2B02204,0,499,10,19,4,1347,5,4,2,89.42004594322034,Technology,1-10,3,1,0
B2B02205,0,99,12,28,8,1045,50,24,2,80.07318520587462,Finance,11-50,1,1,1
B2B02206,0,199,7,28,16,12,50,40,0,82.51862344873254,Healthcare,1-10,2,1,0
B2B02207,0,1999,20,26,4,560,5,4,2,71.00677768002936,Technology,51-200,3,1,0
B2B02208,0,999,16,26,21,272,100,72,0,86.04867544025221,Retail,1000+,1,1,0
B2B02209,0,999,6,32,2,93,10,8,3,97.9865259747161,Finance,1-10,2,0,0
B2B02210,0,199,7,18,5,27,50,34,0,75.4222257016949,Technology,11-50,1,1,0
B2B02211,0,99,23,28,4,451,10,5,2,94.635393745235,Retail,1-10,1,1,0
B2B02212,0,4999,22,29,11,13,5,2,2,49.64184278846458,Technology,1000+,2,1,0
B2B02213,0,99,4,19,0,35,25,22,4,92.99177457544523,Finance,11-50,5,1,0
B2B02214,1,99,6,35,7,769,5,4,1,69.97704533980648,Other,201-1000,0,0,0
B2B02215,0,199,31,19,10,39,10,7,1,92.0311860782959,Other,1-10,2,0,0
B2B02216,0,999,2,25,9,4300,10,6,1,62.032281131171274,Other,1-10,2,1,0
B2B02217,0,99,21,21,1,99,5,3,0,90.32055897379134,Technology,11-50,2,1,0
B2B02218,0,999,9,27,11,138,10,8,0,68.23475322176583,Finance,51-200,2,0,0
B2B02219,0,999,6,29,5,912,10,8,0,84.53088030099923,Technology,11-50,3,0,0
B2B02220,1,199,25,30,4,493,250,143,1,94.34817050200691,Finance,11-50,4,1,0
B2B02221,0,4999,10,30,14,16,10,4,5,75.86369684467599,Technology,51-200,3,1,0
B2B02222,0,999,14,26,9,174,5,4,0,60.76457634900143,Retail,51-200,3,1,0
B2B02223,1,99,2,19,10,6134,5,3,0,78.27417642512751,Other,51-200,1,1,0
B2B02224,0,99,5,38,4,1424,25,21,1,80.52170576918218,Other,1000+,1,1,0
B2B02225,0,1999,6,24,7,65,100,74,0,91.60314685783523,Other,1-10,2,1,0
B2B02226,0,99,21,27,4,448,25,17,0,86.84279696765704,Technology,1000+,2,1,0
B2B02227,0,499,14,21,1,14,50,36,0,89.5231680666757,Retail,1000+,3,1,0
B2B02228,0,99,3,25,10,15,10,5,5,63.27640576323495,Finance,51-200,6,1,0
B2B02229,0,499,6,28,3,7,5,2,2,71.10443327523032,Technology,11-50,3,1,0
B2B02230,0,99,19,30,9,11,10,9,2,79.23751601015832,Other,11-50,2,1,0
B2B02231,0,1999,5,31,6,70,5,4,1,57.95637356409576,Retail,51-200,4,1,0
B2B02232,0,199,29,22,1,20,250,145,2,89.1681438800203,Retail,1-10,2,1,0
B2B02233,0,499,5,28,10,35,5,3,0,90.07095834085422,Other,1000+,2,1,0
B2B02234,0,199,22,24,10,43,100,98,1,63.41656068074211,Other,1-10,3,1,0
B2B02235,1,99,3,19,6,1932,10,8,0,79.3534912429362,Other,51-200,5,1,0
B2B02236,0,199,2,28,2,46,5,4,2,86.99045580115083,Technology,11-50,0,1,0
B2B02237,0,99,19,28,3,23,5,2,3,83.68911752472609,Retail,201-1000,1,1,0
B2B02238,0,199,4,35,2,251,25,16,3,78.17059210122352,Healthcare,1-10,3,1,0
B2B02239,1,199,27,27,0,1363,10,9,1,75.47011604150981,Retail,201-1000,1,1,0
B2B02240,0,1999,16,23,12,414,50,20,1,86.32814791242053,Technology,51-200,2,1,0
B2B02241,0,999,31,27,3,539,5,3,3,69.89901763672144,Healthcare,11-50,4,1,0
B2B02242,1,499,4,23,3,6,5,3,3,79.68003170081633,Finance,1000+,3,1,0
B2B02243,0,999,14,27,3,1351,5,3,3,75.07436458506824,Finance,201-1000,2,1,0
B2B02244,0,99,11,23,10,65,250,174,3,90.39611964570888,Other,201-1000,3,1,0
B2B02245,0,199,2,17,6,29,10,4,1,91.51303178414895,Healthcare,51-200,0,1,0
B2B02246,0,199,13,29,14,8,5,3,0,91.4199492601459,Other,1000+,3,1,0
B2B02247,0,199,18,23,0,6,100,73,2,80.00676049082854,Retail,51-200,3,1,0
B2B02248,0,499,12,27,5,632,5,3,6,76.84803412914833,Technology,11-50,4,1,0
B2B02249,1,499,18,32,5,37,100,84,1,88.3304574751546,Finance,51-200,1,1,0
B2B02250,0,99,1,16,5,1683,10,9,1,92.5798741507019,Finance,1000+,1,0,0
B2B02251,0,99,13,25,0,58,5,4,0,35.40976687805273,Retail,11-50,1,1,0
B2B02252,0,199,5,25,4,332,50,35,3,59.44005982491005,Other,51-200,1,1,0
B2B02253,1,99,9,19,16,124,5,3,6,75.20969884922903,Other,11-50,3,1,0
B2B02254,0,199,3,28,17,120,5,4,1,63.469438847366064,Finance,201-1000,1,1,0
B2B02255,0,199,5,33,5,946,100,59,0,77.25634533530334,Finance,51-200,3,1,0
B2B02256,0,499,5,27,7,296,5,3,4,95.82718936658469,Finance,11-50,2,1,0
B2B02257,1,199,9,21,11,48,50,29,3,84.10551530753136,Technology,11-50,3,1,0
B2B02258,0,499,5,24,16,20,5,2,4,92.89989409296983,Healthcare,51-200,0,1,0
B2B02259,0,4999,11,27,4,410,5,2,0,71.71805450534917,Healthcare,51-200,3,1,0
B2B02260,1,999,4,28,3,6951,5,2,0,92.99316837872891,Technology,51-200,1,0,0
B2B02261,0,99,5,24,3,5,25,24,3,75.04618713153101,Retail,11-50,2,1,0
B2B02262,0,199,23,25,8,337,25,12,3,67.7048991221412,Technology,201-1000,1,1,0
B2B02263,1,199,14,22,8,250,5,3,6,35.123998197744626,Healthcare,1-10,2,0,0
B2B02264,1,99,20,27,0,44964,5,2,2,76.33499942380074,Healthcare,51-200,1,1,0
B2B02265,0,199,10,30,0,16,5,2,6,65.39412901758988,Other,51-200,3,1,0
B2B02266,0,499,1,14,4,730,10,5,0,92.91024515344583,Technology,51-200,2,1,0
B2B02267,0,99,1,20,3,20,10,9,1,80.89483261301997,Technology,11-50,2,0,0
B2B02268,0,199,5,20,10,276,5,3,2,76.77785461097707,Healthcare,11-50,1,1,0
B2B02269,0,199,4,23,6,378,10,7,1,83.18476500287943,Retail,201-1000,1,0,0
B2B02270,0,499,1,17,5,1831,5,3,1,61.82061962142507,Technology,11-50,2,1,0
B2B02271,0,999,10,29,5,293,5,2,1,76.47115330364981,Retail,51-200,0,0,0
B2B02272,0,99,4,18,1,197,50,49,5,70.3124153832888,Healthcare,1000+,2,1,0
B2B02273,1,199,5,26,11,55,50,42,0,56.84593427987048,Technology,201-1000,2,0,0
B2B02274,1,199,12,24,0,960,5,4,3,75.60050504642257,Other,1-10,2,1,0
B2B02275,0,999,6,27,15,14,25,20,1,66.19380759287644,Finance,1-10,3,1,0
B2B02276,0,99,2,29,0,470,25,17,0,40.65949452320991,Technology,51-200,0,1,0
B2B02277,1,499,3,27,9,2,25,22,5,85.11430858923357,Finance,51-200,1,1,0
B2B02278,0,1999,13,27,1,80,10,5,1,68.2656841542065,Technology,1000+,3,0,0
B2B02279,0,999,7,26,6,85,25,14,3,68.96352632773804,Healthcare,11-50,3,0,0
B2B02280,0,99,11,21,1,1264,25,12,2,63.95781080409325,Finance,1-10,0,1,0
B2B02281,1,499,13,29,14,97,10,7,2,53.34850410410586,Healthcare,1000+,1,1,0
B2B02282,0,1999,7,22,22,90,5,2,2,99.88917763545126,Technology,11-50,2,1,0
B2B02283,1,99,16,35,13,3049,10,4,0,92.12474642051289,Retail,201-1000,1,1,0
B2B02284,1,99,26,27,4,45,25,17,0,68.65322575855134,Finance,51-200,1,1,0
B2B02285,0,199,10,28,2,21,5,4,1,87.58338811695413,Other,51-200,1,1,0
B2B02286,0,4999,5,20,5,208,5,2,0,28.181567046067578,Retail,11-50,4,0,0
B2B02287,1,999,3,22,6,4,5,4,1,63.30520757285394,Finance,11-50,0,0,0
B2B02288,0,199,16,37,7,71,5,2,1,71.93175802128238,Finance,11-50,0,0,0
B2B02289,1,199,12,25,0,659,5,4,1,99.54601238133601,Retail,11-50,2,1,0
B2B02290,0,199,27,23,1,28,5,3,2,35.118789579465094,Other,11-50,1,1,0
B2B02291,0,4999,17,25,4,58,5,4,1,42.023907742724646,Finance,11-50,2,1,0
B2B02292,0,99,27,19,27,3673,10,7,0,95.61597863052225,Other,11-50,2,1,0
B2B02293,0,99,7,24,0,30,100,72,0,64.31638480046237,Other,1-10,5,1,0
B2B02294,1,1999,7,25,0,85,250,213,2,79.4801876711137,Other,1-10,3,1,0
B2B02295,0,499,13,25,4,153,5,4,0,71.66518663360513,Healthcare,51-200,3,1,0
B2B02296,0,99,1,20,0,147,5,3,2,78.38578241956918,Other,51-200,1,1,0
B2B02297,0,999,13,26,16,291,5,2,2,91.38874980406577,Healthcare,51-200,4,0,0
B2B02298,0,999,13,20,13,4557,5,4,3,94.10289958583542,Other,1-10,6,1,0
B2B02299,0,499,9,33,2,2336,5,2,4,58.10139006779934,Other,1000+,4,0,0
B2B02300,0,99,8,27,8,7,5,3,3,76.42874475837287,Healthcare,1000+,1,0,0
B2B02301,0,199,3,23,1,4658,25,15,0,67.27346856401249,Technology,11-50,1,0,0
B2B02302,1,499,6,34,0,51,5,3,0,93.13704863126472,Retail,201-1000,2,1,0
B2B02303,0,99,12,25,3,175,50,29,2,76.55675727751017,Healthcare,1-10,2,0,0
B2B02304,1,999,35,29,2,28,5,4,1,77.30468032781039,Technology,51-200,3,0,0
B2B02305,0,499,19,18,9,24,10,5,2,76.10658303880776,Other,11-50,3,1,0
B2B02306,1,499,7,25,2,0,5,3,0,82.86744674675023,Other,201-1000,3,1,0
B2B02307,0,499,13,31,3,753,5,3,2,93.93235199278487,Other,51-200,1,1,0
B2B02308,0,999,12,30,5,5207,50,48,1,33.24559162302515,Technology,11-50,2,1,0
B2B02309,0,199,11,29,12,21,10,4,3,81.79947261612448,Technology,51-200,4,1,0
B2B02310,0,499,10,27,21,50,100,57,1,67.65132133253793,Other,51-200,3,1,0
B2B02311,0,99,2,21,0,45,10,5,2,88.09586710502124,Other,1-10,3,0,0
B2B02312,1,199,21,26,3,201,10,9,2,56.37129441784755,Other,11-50,0,0,0
B2B02313,0,1999,31,20,1,84,5,4,3,96.06967972558144,Other,11-50,2,1,0
B2B02314,1,199,9,18,9,108,25,22,3,82.33806712522342,Finance,11-50,0,1,0
B2B02315,1,99,12,14,11,1392,5,3,3,77.73146494755339,Healthcare,11-50,3,1,0
B2B02316,0,199,9,33,6,1,5,3,2,62.329620507768226,Finance,1-10,3,0,0
B2B02317,0,1999,13,22,0,33,5,4,0,76.61853391429153,Healthcare,11-50,3,1,0
B2B02318,1,499,6,21,10,86,50,29,3,87.93214316697517,Other,11-50,4,0,0
B2B02319,0,99,6,18,31,227,100,46,1,91.86291526259271,Retail,11-50,4,1,0
B2B02320,0,99,8,30,2,4,5,4,1,93.89849062176475,Other,11-50,0,1,0
B2B02321,1,1999,12,15,3,6118,5,3,2,86.39258273238774,Other,201-1000,0,1,0
B2B02322,0,499,6,27,3,73,10,8,1,89.68536255957495,Healthcare,51-200,2,0,0
B2B02323,0,99,22,22,4,12,5,3,5,80.19092778335461,Finance,201-1000,4,1,0
B2B02324,0,99,12,22,12,5294,25,19,3,91.37454562578566,Retail,1-10,5,0,0
B2B02325,0,499,3,34,10,300,5,2,1,73.22971043981137,Other,11-50,0,1,0
B2B02326,0,99,6,32,2,1607,50,38,1,73.15710009070703,Other,51-200,3,1,0
B2B02327,0,99,18,29,3,54,50,27,4,87.00209962526804,Healthcare,51-200,1,1,0
B2B02328,0,99,10,29,15,669,25,18,5,80.81931428330094,Retail,1-10,0,0,0
B2B02329,0,199,13,16,1,1458,25,24,6,43.5065608543678,Retail,1-10,2,0,0
B2B02330,1,199,41,29,2,14,25,23,1,42.92045797013442,Technology,11-50,3,1,0
B2B02331,0,999,15,24,6,66,5,3,1,82.48005883455677,Technology,1000+,3,1,0
B2B02332,1,999,4,27,3,1109,10,6,3,92.80266572021586,Technology,11-50,1,1,0
B2B02333,0,199,20,23,5,174,5,2,3,40.69724433728232,Healthcare,51-200,0,1,0
B2B02334,0,999,11,24,8,4377,5,4,0,98.07595238596534,Technology,1-10,0,1,0
B2B02335,0,999,3,28,5,32,5,3,4,75.25546117309145,Finance,51-200,1,1,0
B2B02336,0,99,3,26,6,227,10,9,1,71.6289355339987,Retail,51-200,3,1,0
B2B02337,1,199,40,21,10,23,25,17,0,68.75456908305178,Technology,51-200,0,1,0
B2B02338,0,999,7,23,1,488,10,9,4,72.1757366912533,Healthcare,201-1000,6,1,0
B2B02339,0,199,16,25,13,18,50,39,3,31.172224840172692,Finance,51-200,5,1,0
B2B02340,0,1999,36,28,0,167,100,97,0,54.61825924212034,Technology,11-50,3,1,0
B2B02341,0,999,8,27,1,636,25,21,3,61.37168220433436,Retail,11-50,2,0,0
B2B02342,1,999,21,26,10,175,25,13,2,46.078524620772306,Other,11-50,6,1,0
B2B02343,0,99,6,26,2,388,5,4,2,69.98995844498091,Healthcare,11-50,1,0,0
B2B02344,1,199,12,31,1,375,50,22,0,78.0374425952422,Technology,1-10,1,1,0
B2B02345,0,199,4,27,1,244,5,3,0,49.355343612761224,Other,201-1000,1,1,0
B2B02346,1,199,9,20,0,89,10,5,0,70.34817718163285,Other,51-200,2,0,0
B2B02347,0,999,13,24,6,27,50,20,1,62.06591395757576,Finance,201-1000,0,1,0
B2B02348,0,999,12,27,9,1,10,7,4,84.25485804324471,Healthcare,51-200,0,0,0
B2B02349,0,99,29,27,3,788,5,3,0,64.08747744024674,Retail,11-50,1,0,0
B2B02350,0,499,4,28,1,4,5,2,0,94.20049295793018,Retail,201-1000,1,0,0
B2B02351,0,4999,11,18,15,1078,10,7,0,65.68920398398785,Finance,51-200,3,1,0
B2B02352,0,199,4,18,18,760,5,3,0,69.95237863578399,Retail,11-50,1,1,0
B2B02353,0,999,14,24,3,693,5,3,1,90.30576120313806,Healthcare,201-1000,1,1,0
B2B02354,0,499,19,27,0,295,5,2,0,83.9925099685481,Technology,11-50,0,1,0
B2B02355,1,99,3,25,1,8055,5,3,1,65.72738502115092,Finance,51-200,2,1,0
B2B02356,1,99,8,30,15,441,5,3,0,75.57613819032612,Technology,51-200,6,1,0
B2B02357,0,999,4,30,18,14,5,3,1,83.39578791329191,Retail,201-1000,3,1,0
B2B02358,0,99,23,21,1,6180,5,2,4,79.55086549804447,Technology,51-200,0,1,0
B2B02359,0,1999,5,31,6,156,5,2,2,71.43789810843225,Other,51-200,2,0,0
B2B02360,0,199,14,28,1,464,10,7,0,65.11385198954417,Other,1-10,3,1,0
B2B02361,0,999,1,21,2,21,100,92,3,62.859409530869236,Retail,1000+,1,0,0
B2B02362,0,499,7,27,18,135,50,32,1,88.40058954235518,Finance,11-50,0,1,0
B2B02363,0,499,13,25,0,59,10,6,1,79.76481125130613,Other,1-10,1,1,0
B2B02364,0,99,13,15,1,189,100,85,5,94.05131128319756,Finance,201-1000,3,0,0
B2B02365,0,99,23,20,9,274,5,3,1,85.57423119867514,Healthcare,11-50,2,0,0
B2B02366,0,199,2,19,10,1074,5,4,5,72.36559660728793,Retail,51-200,1,1,0
B2B02367,0,199,12,29,19,777,5,4,0,51.959736060127746,Retail,1000+,1,1,0
B2B02368,0,499,5,21,6,170,25,19,1,94.59517994757243,Healthcare,51-200,3,0,0
B2B02369,1,99,16,24,26,16,10,4,0,81.44595104659169,Healthcare,201-1000,1,1,0
B2B02370,1,199,7,21,7,64,5,2,0,91.70944306630263,Healthcare,11-50,1,1,0
B2B02371,0,999,14,35,2,266,10,6,0,75.94906955609488,Other,11-50,3,1,0
B2B02372,1,99,6,28,1,2065,5,3,2,81.86517138689821,Other,51-200,3,1,0
B2B02373,0,499,4,17,27,50,10,8,3,76.79648662845091,Retail,201-1000,0,0,0
B2B02374,0,1999,18,19,1,63,10,7,1,71.26389749327065,Technology,1-10,2,1,0
B2B02375,0,99,6,32,0,7724,10,9,2,60.836734746522446,Other,1-10,2,1,0
B2B02376,0,199,19,23,14,393,5,4,1,88.02199156796485,Finance,11-50,3,1,0
B2B02377,0,499,11,30,15,45,25,15,1,99.19044516724475,Other,11-50,1,0,0
B2B02378,0,499,6,30,7,37,50,36,6,57.63671579095513,Finance,1-10,1,1,0
B2B02379,0,99,29,36,1,23,50,24,1,94.85323183169221,Retail,11-50,4,1,0
B2B02380,0,4999,5,24,9,118,10,5,3,89.48684901498925,Healthcare,11-50,5,1,0
B2B02381,0,999,4,28,4,3,10,7,3,68.0295779589165,Retail,51-200,2,1,0
B2B02382,0,499,16,19,2,86,5,3,0,58.30192412220341,Retail,11-50,2,0,0
B2B02383,0,199,3,24,4,767,25,10,1,80.8122226373942,Technology,1-10,1,1,0
B2B02384,0,99,3,19,14,22,10,7,0,84.66392717770968,Other,11-50,0,1,0
B2B02385,0,199,10,32,0,247,5,3,3,95.66034878638004,Finance,11-50,1,0,0
B2B02386,1,4999,21,26,0,3163,5,4,2,73.60351182246603,Other,201-1000,0,1,0
B2B02387,0,499,27,26,5,280,5,3,0,91.877687513071,Retail,51-200,0,1,0
B2B02388,0,199,4,17,0,59,5,2,0,82.56585661535763,Retail,51-200,1,1,0
B2B02389,0,999,10,19,4,139,50,21,3,63.56912280541474,Healthcare,1-10,1,0,0
B2B02390,0,99,8,29,10,65,10,5,2,91.96084187964567,Finance,51-200,1,1,1
B2B02391,0,499,15,18,9,106,25,15,0,74.91828837355789,Healthcare,51-200,5,1,0
B2B02392,0,499,12,26,6,35,50,24,1,69.55406712155497,Retail,51-200,0,1,0
B2B02393,1,999,33,29,26,531,5,3,3,77.06084761353476,Other,1-10,2,1,0
B2B02394,0,499,8,23,18,80,5,3,5,92.85241242350646,Technology,11-50,2,1,0
B2B02395,0,1999,18,33,8,11,50,35,0,82.9597014096165,Healthcare,11-50,3,1,0
B2B02396,0,99,38,21,6,929,250,175,5,87.26496003614979,Healthcare,11-50,2,1,0
B2B02397,0,199,20,31,0,2,25,22,3,88.88603435084697,Healthcare,51-200,1,0,0
B2B02398,0,999,16,25,7,197,25,24,2,59.92921696600681,Retail,11-50,0,1,0
B2B02399,0,499,8,33,17,31,5,3,4,85.0998729043126,Finance,1-10,2,1,0
B2B02400,0,99,7,24,5,189,25,19,4,89.86997311755412,Other,51-200,2,1,0
B2B02401,0,999,7,26,6,7,100,76,5,58.875092271074095,Healthcare,51-200,1,1,0
B2B02402,0,199,9,38,8,103,250,170,4,59.66360087372771,Retail,51-200,1,0,0
B2B02403,0,1999,2,25,3,824,25,22,0,92.40200779961,Healthcare,1-10,4,0,0
B2B02404,0,99,9,21,9,192,10,5,0,71.73246916727575,Retail,51-200,2,1,0
B2B02405,0,99,5,19,1,19,10,7,1,65.6195636436289,Other,51-200,2,1,0
B2B02406,0,99,7,22,27,1035,5,4,0,67.68546563714838,Other,11-50,5,1,0
B2B02407,0,499,6,30,40,4419,5,3,2,74.41216107023895,Technology,201-1000,0,1,0
B2B02408,0,1999,27,32,3,248,5,2,0,93.53725056933312,Finance,201-1000,1,1,0
B2B02409,0,199,3,29,5,26,25,18,0,92.21667259996704,Healthcare,51-200,2,1,0
B2B02410,0,99,14,31,2,37,5,2,0,82.26464705085549,Finance,51-200,2,1,0
B2B02411,0,1999,7,25,2,12,50,30,0,92.25065150708353,Finance,11-50,1,1,0
B2B02412,0,99,15,25,6,609,5,2,2,60.94167939779539,Retail,51-200,1,1,0
B2B02413,0,99,11,23,7,116,5,4,1,69.60367038236342,Finance,51-200,0,1,0
B2B02414,0,999,19,17,6,299,5,3,1,93.55618722414277,Other,11-50,3,1,0
B2B02415,1,199,8,27,1,2,10,9,1,48.96678901088279,Retail,1-10,3,1,0
B2B02416,0,99,2,22,0,461,5,3,1,83.49238480885859,Other,11-50,1,1,0
B2B02417,0,199,8,20,2,242,25,17,1,74.68653818100267,Other,51-200,7,1,0
B2B02418,0,199,6,28,6,344,10,5,3,70.98851379462701,Other,11-50,1,1,0
B2B02419,0,99,11,31,2,346,10,7,2,75.53482670652534,Healthcare,201-1000,0,1,1
B2B02420,0,1999,16,27,6,7159,250,209,1,68.25226625166091,Healthcare,11-50,4,1,0
B2B02421,1,499,4,25,0,709,250,131,2,86.91213562641569,Healthcare,11-50,4,1,0
B2B02422,0,999,23,31,7,128,10,4,1,52.52021072040796,Finance,51-200,2,0,0
B2B02423,0,499,22,25,7,28,10,6,4,68.23749676263455,Finance,11-50,2,0,0
B2B02424,0,999,12,23,1,480,5,4,4,57.90788886604169,Technology,1000+,3,1,0
B2B02425,0,199,6,22,20,37,5,3,3,79.75195815523573,Healthcare,201-1000,4,1,0
B2B02426,0,199,1,27,8,197,5,4,1,83.22854294157241,Healthcare,11-50,5,0,0
B2B02427,0,199,11,25,9,39,5,4,0,80.98605920103219,Retail,201-1000,1,1,0
B2B02428,0,99,10,32,4,278,5,2,1,85.88657757515499,Technology,1000+,0,1,0
B2B02429,0,1999,2,30,11,1722,10,5,6,85.13181966647551,Healthcare,51-200,1,1,0
B2B02430,1,999,2,22,10,96,250,123,0,54.749079558770184,Retail,11-50,3,1,0
B2B02431,0,199,20,35,12,183,250,140,6,68.08424118183206,Other,201-1000,3,1,0
B2B02432,1,199,11,30,2,1158,5,2,0,83.05082518763885,Technology,201-1000,1,1,0
B2B02433,0,1999,5,25,1,889,5,2,0,48.28697855099213,Finance,1-10,2,1,0
B2B02434,0,499,5,32,8,115,10,6,1,64.4081170899466,Other,1000+,1,0,0
B2B02435,1,199,11,28,9,3791,50,25,6,79.10692714372826,Technology,51-200,4,1,0
B2B02436,0,999,11,19,0,21,10,4,2,83.06466959301179,Healthcare,11-50,1,0,0
B2B02437,0,999,10,29,6,86,50,45,2,86.92585589494985,Healthcare,51-200,0,1,0
B2B02438,1,99,6,24,0,515,5,2,4,60.079166421474284,Finance,11-50,0,1,0
B2B02439,0,199,5,19,14,43,50,44,3,77.59562697072094,Retail,1-10,3,0,0
B2B02440,1,199,8,27,5,6,5,2,1,79.78384779672834,Finance,1-10,0,1,0
B2B02441,0,199,8,30,3,363,25,22,0,42.35654282335157,Healthcare,11-50,1,1,0
B2B02442,0,99,11,28,2,155,10,8,4,86.29606313786327,Finance,11-50,3,1,0
B2B02443,0,199,18,26,3,2,25,23,3,56.70340400176925,Finance,201-1000,1,1,0
B2B02444,0,199,8,25,3,854,5,4,0,72.36772718460843,Retail,1-10,2,1,0
B2B02445,0,99,9,15,7,38,5,2,2,86.07955059950704,Technology,51-200,2,1,0
B2B02446,0,999,7,29,0,65,5,2,1,77.51482305985614,Technology,11-50,1,0,0
B2B02447,0,499,3,24,12,451,10,5,2,95.78130625422449,Retail,51-200,0,0,0
B2B02448,1,499,12,25,0,1133,5,2,2,98.92566732488885,Retail,51-200,2,1,1
B2B02449,0,99,8,22,2,54,5,4,3,70.16976517082156,Healthcare,11-50,4,1,0
B2B02450,0,199,11,18,3,104,50,37,2,86.02443103838844,Finance,11-50,0,0,0
B2B02451,0,99,3,27,1,8212,250,153,3,60.58428689833958,Finance,51-200,0,1,0
B2B02452,1,999,7,25,11,28,5,4,0,86.33551364458731,Healthcare,1000+,0,1,0
B2B02453,0,199,5,27,1,40,10,8,0,58.7398293116789,Technology,201-1000,3,1,0
B2B02454,1,99,5,16,3,657,5,3,1,39.25324318864682,Finance,51-200,0,1,0
B2B02455,1,99,10,25,2,21,50,36,1,91.18551457404196,Healthcare,51-200,2,1,0
B2B02456,0,499,15,34,23,7,5,3,0,90.43935245488238,Other,51-200,4,0,0
B2B02457,0,199,11,32,0,5,10,8,0,90.7547262125887,Finance,1-10,3,1,0
B2B02458,0,99,16,23,4,101,10,4,1,74.1203432996309,Retail,201-1000,2,1,0
B2B02459,1,999,27,22,2,76,5,3,0,68.9358296529521,Healthcare,51-200,2,1,0
B2B02460,0,999,14,21,8,5,5,4,0,95.13677236734857,Healthcare,11-50,3,1,0
B2B02461,0,999,4,16,12,135,10,9,3,43.29611263816041,Technology,1-10,4,1,0
B2B02462,0,99,3,19,5,20,10,8,1,81.87150544671813,Finance,1-10,2,1,0
B2B02463,0,1999,16,29,20,30,50,27,2,83.83504881344535,Healthcare,201-1000,1,0,0
B2B02464,0,99,25,27,2,771,50,39,2,89.13504250497249,Other,201-1000,4,1,0
B2B02465,0,99,6,25,0,118,10,7,0,86.52063125171128,Retail,1000+,4,1,0
B2B02466,0,1999,17,28,8,43,100,60,2,62.83733970753339,Healthcare,11-50,2,0,0
B2B02467,0,199,9,27,3,15,5,2,4,85.86519190113381,Finance,201-1000,2,1,0
B2B02468,0,99,18,25,4,96,100,66,4,42.70254934262395,Other,51-200,2,1,0
B2B02469,0,999,11,24,1,360,10,7,1,78.83289378710458,Retail,51-200,0,1,0
B2B02470,1,99,31,19,13,137,25,16,2,87.66751974288366,Other,1000+,1,1,0
B2B02471,0,999,4,31,4,33,10,9,1,71.97065867082809,Retail,11-50,4,1,0
B2B02472,0,99,6,30,4,4,5,4,0,80.56432913593716,Retail,51-200,4,0,0
B2B02473,0,4999,29,31,21,58,5,2,0,82.12927179171756,Finance,51-200,3,0,0
B2B02474,0,1999,15,26,10,810,10,7,1,81.1234398772219,Finance,11-50,1,1,0
B2B02475,0,199,7,29,3,36,25,17,1,78.80665910550286,Retail,11-50,2,0,0
B2B02476,0,199,9,26,19,28,250,207,2,60.23272076541563,Retail,51-200,2,0,0
B2B02477,0,99,10,27,4,890,5,3,1,80.04632816032921,Finance,51-200,3,1,0
B2B02478,0,4999,8,30,7,99,50,36,3,89.37925125600594,Finance,1-10,1,1,0
B2B02479,0,99,11,24,1,10,5,4,4,60.61543816892776,Technology,1-10,1,1,0
B2B02480,1,199,21,28,0,8,5,3,5,78.6138225838685,Finance,1000+,2,0,0
B2B02481,1,199,6,26,3,119,50,35,0,84.89944772162058,Retail,1-10,0,1,0
B2B02482,1,1999,11,26,3,56,25,22,2,33.08197046036312,Retail,1000+,1,1,0
B2B02483,0,499,4,32,3,133,25,23,1,95.25295460847107,Technology,1000+,3,1,0
B2B02484,0,99,19,21,5,12,5,2,3,79.42512025647987,Retail,11-50,2,1,0
B2B02485,1,99,2,29,8,288,5,2,0,85.82416037789373,Technology,1-10,0,1,0
B2B02486,0,999,16,27,11,110,5,4,0,88.88097729816651,Technology,201-1000,6,1,0
B2B02487,0,199,28,21,4,16,5,3,1,84.22927334938069,Finance,1-10,3,1,0
B2B02488,0,999,14,32,5,330,5,3,0,63.99515039570032,Healthcare,11-50,1,0,0
B2B02489,1,499,5,23,5,104,5,4,2,78.00119183354904,Retail,11-50,2,0,0
B2B02490,1,999,11,22,19,1044,50,23,5,80.82831733445775,Retail,201-1000,6,0,0
B2B02491,1,499,3,32,6,189,5,4,1,63.27804828809671,Technology,51-200,1,1,0
B2B02492,0,499,2,23,0,409,5,3,2,78.99913313181943,Finance,11-50,3,1,0
B2B02493,0,199,7,22,6,40,5,2,4,89.71394897962146,Retail,1000+,1,1,0
B2B02494,0,4999,7,20,5,72,5,3,1,68.3201260417769,Technology,51-200,1,1,0
B2B02495,1,199,4,26,4,2382,10,4,0,93.59905727529394,Technology,51-200,3,1,0
B2B02496,1,499,2,26,4,46,5,2,0,81.48776055421962,Other,11-50,4,1,0
B2B02497,1,99,21,16,8,172,100,93,2,92.73793918839631,Retail,11-50,2,0,0
B2B02498,0,99,1,24,2,574,25,16,0,84.43040639525555,Other,201-1000,2,0,0
B2B02499,0,499,8,21,5,119,50,31,0,95.17423212037751,Other,201-1000,2,1,0
B2B02500,0,199,29,22,0,131,5,3,0,85.58529727416176,Finance,1000+,0,0,0
B2B02501,0,99,4,25,21,368,5,2,0,86.34871971542731,Finance,51-200,0,1,0
B2B02502,0,499,7,34,14,32,10,7,6,62.3463937143263,Healthcare,51-200,3,1,0
B2B02503,0,99,12,19,5,3,5,2,0,93.94877926012967,Healthcare,11-50,1,1,0
B2B02504,0,99,5,22,2,28,100,95,4,82.95058542605581,Other,11-50,3,0,0
B2B02505,0,1999,20,26,16,115,5,2,1,77.68819720572947,Finance,11-50,1,1,0
B2B02506,0,99,10,19,0,203,5,3,1,73.70553672622697,Finance,201-1000,2,1,0
B2B02507,0,99,11,32,8,86,25,15,1,81.47109392421675,Other,201-1000,5,1,0
B2B02508,0,199,2,32,0,68,5,3,1,57.75858641010575,Technology,51-200,1,0,0
B2B02509,0,499,20,26,1,1197,10,6,1,68.0967268077897,Technology,11-50,2,1,0
B2B02510,0,999,11,28,16,417,5,3,3,92.06252186001129,Retail,51-200,2,0,0
B2B02511,0,99,17,30,5,1803,5,4,3,96.03519763040202,Other,1-10,2,1,0
B2B02512,0,199,10,30,5,507,5,4,1,91.37188130712192,Finance,11-50,0,1,0
B2B02513,0,99,14,20,17,1580,5,4,2,92.2748642399572,Healthcare,1000+,4,0,0
B2B02514,0,99,16,25,5,55,50,26,2,73.72104938606073,Finance,51-200,3,1,0
B2B02515,0,99,19,22,2,7,10,5,2,49.03602294586062,Healthcare,1-10,4,1,0
B2B02516,0,499,24,31,15,137,100,51,1,75.32545183825997,Finance,51-200,3,1,0
B2B02517,0,99,4,15,1,78,50,35,0,74.15727599276647,Healthcare,1-10,2,1,0
B2B02518,0,199,12,36,14,282,5,3,1,82.97109899358126,Retail,11-50,1,0,0
B2B02519,0,99,4,30,7,13,5,3,2,48.58746399733399,Retail,1-10,1,1,0
B2B02520,0,199,15,32,1,7705,100,87,2,96.16324145021701,Retail,1-10,3,1,0
B2B02521,0,99,26,26,16,861,10,5,4,82.5191193196987,Retail,51-200,0,1,0
B2B02522,0,99,6,22,6,1812,5,2,4,76.48705923788741,Finance,51-200,0,1,0
B2B02523,1,99,3,23,11,512,25,21,0,51.592909311575205,Technology,1-10,3,1,0
B2B02524,0,99,21,22,1,1321,10,5,0,82.15097141069519,Healthcare,51-200,1,1,0
B2B02525,0,199,1,34,13,667,5,2,0,81.35350471767784,Healthcare,1-10,3,1,0
B2B02526,0,4999,10,18,4,1061,5,2,0,62.574367338408535,Other,201-1000,2,0,0
B2B02527,0,99,6,20,27,180,50,29,3,79.89824562073251,Other,1-10,1,1,0
B2B02528,0,199,10,21,4,1630,10,5,0,65.38466217688357,Other,11-50,0,1,0
B2B02529,0,99,11,21,0,3411,25,21,1,86.50780279527422,Healthcare,51-200,1,1,0
B2B02530,0,199,15,33,0,6,5,3,6,95.24055126224918,Healthcare,11-50,1,1,0
B2B02531,0,999,38,32,0,451,25,12,5,73.84347854753577,Healthcare,51-200,2,1,0
B2B02532,0,99,7,28,3,6902,25,13,1,91.83437303253211,Healthcare,1-10,2,1,0
B2B02533,1,499,22,19,2,0,5,3,1,81.56406104374591,Retail,201-1000,5,1,0
B2B02534,1,199,24,23,14,94,25,10,0,78.2400044330228,Healthcare,51-200,3,1,0
B2B02535,0,199,11,30,0,14,5,4,0,85.78788539726285,Other,11-50,1,1,0
B2B02536,0,499,4,20,6,712,10,9,0,90.18112762627655,Other,11-50,5,1,0
B2B02537,0,199,8,16,14,8,10,8,0,87.63279731482807,Technology,1-10,1,0,0
B2B02538,0,1999,21,21,2,78,5,4,0,53.22171931547075,Healthcare,51-200,2,1,0
B2B02539,0,99,2,39,8,19,25,17,4,81.23677991495143,Finance,1000+,3,0,0
B2B02540,0,199,5,23,8,141,50,46,2,73.32146358592769,Retail,1-10,3,1,0
B2B02541,0,199,7,31,16,4,10,8,0,75.7424685717002,Retail,1-10,4,1,0
B2B02542,0,499,5,27,5,56,5,4,1,90.54952357284537,Other,1-10,1,0,0
B2B02543,1,4999,4,30,27,4,50,28,0,60.120558459548725,Retail,11-50,0,0,0
B2B02544,0,99,11,24,14,28,25,13,6,89.747796173104,Other,51-200,2,1,0
B2B02545,0,499,16,34,2,163,250,165,1,83.39524587746907,Finance,11-50,2,1,0
B2B02546,0,199,9,27,11,10464,250,180,1,96.36498099177716,Healthcare,11-50,1,1,0
B2B02547,1,199,20,15,5,20371,5,4,3,95.75226569595871,Healthcare,51-200,2,1,0
B2B02548,0,999,29,19,0,60,5,2,1,48.93376038386663,Retail,11-50,0,0,0
B2B02549,0,99,4,32,7,247,5,2,1,95.38711209668868,Other,11-50,7,0,0
B2B02550,0,99,21,24,4,2,50,42,0,82.2083331155052,Finance,1-10,3,1,0
B2B02551,1,499,16,24,27,42,10,7,0,68.60050018392113,Retail,1-10,3,0,0
B2B02552,0,199,12,16,27,34,250,113,3,50.97711102693289,Technology,51-200,1,1,1
B2B02553,0,99,27,22,0,0,5,3,3,96.57398740433327,Healthcare,11-50,2,1,0
B2B02554,0,999,28,32,5,0,100,42,2,68.41843507252968,Finance,11-50,1,1,0
B2B02555,0,999,30,21,2,268,50,21,4,86.16707617484742,Finance,11-50,0,1,0
B2B02556,0,199,10,26,6,395,5,2,1,45.42433241622268,Finance,11-50,1,1,0
B2B02557,0,99,8,16,8,2,10,9,3,88.53615158423035,Healthcare,51-200,1,1,0
B2B02558,0,99,8,24,22,6,25,23,0,89.63355641502453,Other,1-10,0,1,0
B2B02559,0,99,6,20,2,33,25,18,2,84.10495099479996,Retail,1000+,4,1,0
B2B02560,0,99,7,15,0,177,10,6,2,52.98713499517225,Technology,1000+,0,1,0
B2B02561,0,999,9,23,0,319,25,15,1,97.39873295791797,Retail,201-1000,2,1,0
B2B02562,0,999,17,36,1,24,5,3,0,98.10094610930345,Retail,201-1000,0,1,0
B2B02563,0,199,6,24,4,4,5,3,1,84.07453681420705,Healthcare,1-10,3,1,0
B2B02564,0,99,5,21,7,269,10,8,5,96.06928257240904,Healthcare,51-200,2,0,0
B2B02565,1,1999,12,25,13,49,10,6,0,79.60255178817003,Retail,51-200,3,1,0
B2B02566,0,499,33,24,26,1056,100,58,0,91.7658224264334,Technology,1-10,1,1,0
B2B02567,0,999,12,31,0,248,5,2,0,83.18990506618236,Healthcare,11-50,0,1,0
B2B02568,0,999,21,25,8,250,25,19,3,61.96514717315339,Healthcare,11-50,4,1,0
B2B02569,0,99,9,18,5,4,10,6,1,70.09212121866591,Retail,51-200,1,1,0
B2B02570,0,4999,6,21,2,10,100,40,0,87.99674917659233,Other,1-10,4,1,0
B2B02571,0,199,14,25,6,4394,5,4,0,92.40323670771001,Finance,11-50,1,1,0
B2B02572,1,499,22,28,5,40,5,2,0,70.03029189921567,Retail,11-50,3,1,0
B2B02573,0,99,3,31,23,231,5,3,2,47.03036287686389,Other,1-10,2,1,0
B2B02574,0,1999,7,26,1,11,5,3,0,79.3974159485756,Technology,1-10,5,0,0
B2B02575,0,199,5,26,26,74,5,2,0,75.78176930085365,Finance,11-50,0,0,0
B2B02576,0,499,17,10,10,8,10,9,3,85.34053516028729,Technology,201-1000,2,1,0
B2B02577,0,99,14,19,3,84,10,5,0,74.16491036083578,Other,11-50,3,1,0
B2B02578,0,1999,6,22,5,1766,10,4,0,61.18534284783199,Finance,11-50,0,1,0
B2B02579,0,499,8,30,1,126,5,2,2,85.67339240227385,Finance,51-200,4,0,0
B2B02580,1,999,12,23,11,1049,100,97,1,73.80257869631815,Finance,11-50,3,1,0
B2B02581,0,99,10,22,0,609,5,4,3,74.82698893298212,Technology,1000+,4,1,1
B2B02582,0,1999,29,40,23,5,10,5,0,63.68189890570755,Finance,11-50,2,1,0
B2B02583,0,199,2,18,0,51,5,3,2,80.42372297821994,Finance,11-50,5,1,0
B2B02584,0,99,3,23,7,58,25,20,0,70.59869736763707,Healthcare,11-50,3,1,0
B2B02585,0,1999,4,21,0,26,5,2,0,69.6095249545372,Other,201-1000,1,1,0
B2B02586,0,99,8,34,0,19,25,22,1,87.67752363258181,Healthcare,1-10,2,1,0
B2B02587,0,199,16,21,3,176,5,2,2,87.87469759373866,Finance,11-50,1,1,0
B2B02588,0,4999,10,35,8,180,100,47,3,71.94926072086105,Technology,51-200,1,1,0
B2B02589,0,199,21,18,1,21,5,3,3,73.66410384740185,Finance,11-50,1,0,0
B2B02590,1,1999,20,24,12,332,10,7,1,83.44387795679862,Technology,11-50,1,0,0
B2B02591,0,999,13,12,0,5,5,3,1,59.820115343157184,Finance,11-50,2,0,0
B2B02592,1,99,12,26,13,9,25,11,3,61.39569582307074,Technology,1-10,3,1,0
B2B02593,0,499,24,30,2,3,10,8,0,78.29478552494386,Healthcare,1-10,1,1,0
B2B02594,0,499,6,19,8,311,5,2,1,52.52129627840256,Other,1000+,2,0,0
B2B02595,0,999,8,25,2,84,10,7,0,71.21312245173286,Retail,1-10,0,1,0
B2B02596,0,499,32,26,0,50,5,3,3,90.09607920834657,Other,51-200,2,1,0
B2B02597,0,199,14,31,11,142,100,85,0,89.76865038336933,Other,1-10,2,0,0
B2B02598,0,199,6,23,14,667,5,4,0,92.60339973786775,Technology,1000+,3,1,0
B2B02599,0,499,11,25,22,119,5,2,2,67.61825283102172,Retail,51-200,2,1,0
B2B02600,1,199,2,24,4,170,50,20,2,77.37467467670818,Finance,11-50,6,1,0
B2B02601,0,99,22,29,22,21,10,7,3,63.7101807771527,Retail,201-1000,2,1,0
B2B02602,0,999,6,27,14,1457,5,2,1,78.97633587734293,Finance,11-50,4,1,0
B2B02603,1,4999,9,21,0,30,10,5,0,76.8970968203023,Healthcare,1-10,0,1,0
B2B02604,1,99,8,20,43,63,5,2,0,31.164232523173517,Technology,51-200,2,1,0
B2B02605,1,199,7,33,2,331,50,31,2,77.94653740474516,Technology,1000+,0,1,0
B2B02606,0,999,7,27,34,1,25,18,0,80.97912612602927,Healthcare,51-200,0,0,0
B2B02607,0,499,15,27,6,303,5,4,3,84.59203085693113,Healthcare,51-200,2,1,0
B2B02608,0,199,4,21,5,193,10,6,0,94.39992246783989,Healthcare,1000+,3,1,0
B2B02609,0,199,18,27,1,6926,25,12,0,94.97477806941774,Finance,11-50,1,1,0
B2B02610,0,499,44,25,2,755,5,3,3,71.74869478474967,Technology,11-50,0,1,0
B2B02611,0,199,14,20,0,37,10,9,0,86.53730149727824,Finance,201-1000,1,1,0
B2B02612,0,99,10,25,5,59,5,4,0,75.83980601506923,Finance,51-200,2,1,0
B2B02613,0,199,10,15,3,359,10,6,2,93.1904223946479,Finance,1-10,2,1,0
B2B02614,0,199,22,29,3,177,100,93,0,77.62157411434309,Retail,11-50,2,1,0
B2B02615,0,499,11,31,13,344,25,20,2,91.73632129111131,Other,11-50,1,1,0
B2B02616,0,199,3,23,13,148,5,4,3,85.1192133518404,Other,11-50,0,0,0
B2B02617,0,199,5,17,10,27,5,3,4,85.1603414970664,Retail,1000+,2,1,0
B2B02618,0,99,18,26,33,2738,5,3,3,96.7705898082931,Technology,1-10,2,1,0
B2B02619,0,99,14,18,3,64,100,89,0,74.6618182421899,Retail,11-50,2,0,0
B2B02620,1,99,4,20,11,308,5,2,2,86.37446645020951,Finance,1-10,3,0,0
B2B02621,0,99,7,23,7,39,10,7,2,95.00497960164792,Technology,1-10,2,0,0
B2B02622,0,499,2,24,9,112,25,21,2,89.45465806130615,Technology,11-50,2,1,0
B2B02623,0,199,28,21,1,522,25,18,1,95.36889682345753,Retail,201-1000,1,1,0
B2B02624,0,99,22,23,8,227,10,9,1,85.68346936552423,Finance,1-10,2,1,0
B2B02625,0,199,20,28,0,6530,5,4,0,85.32303599380762,Retail,11-50,1,0,0
B2B02626,0,4999,17,24,0,1404,5,4,0,89.2370268912477,Finance,11-50,4,1,0
B2B02627,0,199,35,21,13,245,50,33,3,66.63830423749582,Other,201-1000,3,0,0
B2B02628,0,199,3,27,1,75,25,20,1,89.3541706883513,Retail,11-50,4,0,0
B2B02629,0,199,2,29,9,130,10,4,0,98.58569906379742,Retail,1-10,1,1,0
B2B02630,0,4999,7,31,17,317,5,4,2,75.60028810240934,Healthcare,51-200,4,1,0
B2B02631,0,499,8,16,15,58185,25,22,0,84.30419814210981,Retail,201-1000,4,1,0
B2B02632,0,999,6,21,0,103,10,9,3,95.13735924273247,Technology,1000+,3,0,0
B2B02633,0,199,2,16,16,224,5,4,1,74.27699211338758,Healthcare,201-1000,0,0,0
B2B02634,0,199,19,22,24,863,5,2,2,87.99569893639384,Technology,201-1000,2,0,0
B2B02635,0,99,11,26,6,662,5,2,2,90.18544968284588,Retail,51-200,1,1,0
B2B02636,0,499,15,21,18,257,5,3,4,38.7270876145016,Finance,1-10,3,0,1
B2B02637,1,199,3,25,5,159,25,18,2,96.64326652504867,Finance,51-200,3,1,0
B2B02638,0,499,8,19,4,82,5,3,0,87.24451268196911,Finance,51-200,1,1,0
B2B02639,0,999,18,26,3,395,10,7,3,68.85741063432165,Healthcare,51-200,2,1,0
B2B02640,1,99,30,26,8,25,250,157,2,63.6309860567079,Healthcare,1-10,4,0,0
B2B02641,0,199,22,22,2,64,5,4,0,85.6893874899477,Healthcare,11-50,3,1,0
B2B02642,0,1999,12,21,7,1362,5,4,0,52.51520625087407,Technology,201-1000,3,0,0
B2B02643,0,199,21,24,15,48,5,3,1,67.69831046096321,Healthcare,201-1000,1,1,0
B2B02644,0,199,4,30,2,93,5,2,2,86.41481792383901,Other,11-50,2,1,0
B2B02645,0,4999,6,29,10,142,10,9,5,85.33344484119858,Healthcare,11-50,2,1,0
B2B02646,0,999,56,23,1,53,10,6,0,94.50827274668832,Retail,11-50,2,1,0
B2B02647,0,199,5,38,7,1,5,4,0,95.66478641712098,Finance,51-200,2,1,0
B2B02648,0,499,2,39,7,38,100,71,1,90.17814531919109,Other,51-200,1,1,0
B2B02649,0,499,5,20,15,19,10,9,1,45.53690272259846,Finance,11-50,5,0,0
B2B02650,1,499,3,21,0,150,10,8,0,55.33403213192102,Finance,1-10,3,1,0
B2B02651,0,999,21,16,10,325,50,48,5,92.21058606175103,Finance,1-10,2,1,0
B2B02652,0,199,5,20,29,424,100,41,0,84.58692810165181,Retail,51-200,3,0,0
B2B02653,0,99,6,31,3,1276,5,2,0,75.45854470663107,Finance,1-10,4,1,0
B2B02654,1,99,11,23,0,32,50,29,2,77.83375456840879,Retail,11-50,2,0,0
B2B02655,0,199,5,17,7,28,100,99,2,91.96318096554002,Retail,11-50,1,1,0
B2B02656,0,199,5,30,8,11,250,235,4,68.35202813712493,Healthcare,201-1000,3,1,0
B2B02657,0,499,5,22,12,1555,5,4,0,73.50571029155117,Finance,11-50,2,0,0
B2B02658,1,999,11,19,0,376,100,61,3,71.2757419404753,Other,51-200,2,1,0
B2B02659,1,1999,10,28,5,59,5,4,0,53.858022860932664,Other,11-50,0,1,0
B2B02660,0,999,14,30,4,166,5,2,2,91.90838400057139,Technology,1-10,3,1,0
B2B02661,0,199,19,26,20,933,50,27,0,87.8984817699857,Technology,1000+,5,1,0
B2B02662,0,999,3,15,16,62,10,4,3,77.71180645497337,Technology,201-1000,3,1,0
B2B02663,0,4999,23,22,4,35,5,4,3,85.47893223011165,Retail,11-50,2,0,0
B2B02664,0,999,11,20,7,78,5,3,0,86.52903939470727,Technology,11-50,0,1,0
B2B02665,0,999,3,33,9,4360,5,2,3,63.82679215348315,Other,51-200,3,1,0
B2B02666,0,99,1,23,5,248,10,7,1,68.96728993561067,Technology,201-1000,1,0,0
B2B02667,0,199,10,19,6,34,50,42,1,68.58962166334511,Retail,51-200,1,1,0
B2B02668,0,99,3,24,1,46,25,15,0,45.69679808808607,Healthcare,51-200,2,0,0
B2B02669,0,1999,22,23,2,409,5,2,2,92.33553709028136,Retail,1-10,2,1,0
B2B02670,1,99,19,29,1,136,50,39,1,65.406865317499,Healthcare,1-10,1,1,0
B2B02671,0,199,26,20,24,143,5,4,1,60.24908141275277,Retail,11-50,3,1,0
B2B02672,0,999,5,31,3,104,5,3,0,58.75792178180507,Other,51-200,2,0,0
B2B02673,0,99,18,34,11,32,5,3,2,83.93890579181603,Other,11-50,2,0,0
B2B02674,0,99,1,27,9,2653,5,4,0,92.97174023675666,Healthcare,1-10,3,1,0
B2B02675,0,1999,26,28,6,117,5,2,0,87.3771515681126,Healthcare,51-200,4,1,0
B2B02676,1,99,11,33,4,2600,5,3,0,74.35806894174785,Retail,1-10,2,0,0
B2B02677,0,999,5,27,0,770,50,36,3,93.7502565673506,Other,51-200,0,1,0
B2B02678,0,199,9,25,1,19,5,2,3,96.72395779612589,Other,51-200,0,1,0
B2B02679,0,99,13,24,3,178,5,4,0,62.501631237240495,Retail,1000+,2,1,0
B2B02680,0,99,9,25,0,629,50,22,0,61.93029135201875,Healthcare,51-200,3,1,0
B2B02681,0,1999,3,26,10,4,50,23,1,78.00068013674326,Finance,51-200,0,0,0
B2B02682,0,199,13,30,0,287,10,4,3,81.96136656744034,Other,11-50,1,1,0
B2B02683,1,199,13,25,1,32,5,2,2,92.58554337388846,Other,11-50,0,1,0
B2B02684,0,199,1,24,12,9,5,3,2,76.26569251332698,Technology,51-200,1,1,0
B2B02685,0,499,1,25,3,155,10,6,6,69.72125484548421,Finance,11-50,2,1,0
B2B02686,0,99,15,24,1,64,5,3,0,80.83479198440932,Retail,11-50,1,1,0
B2B02687,1,999,19,25,6,10,5,2,0,81.80130223831662,Technology,201-1000,1,1,0
B2B02688,1,999,14,22,22,379,5,3,1,90.44478171310939,Retail,11-50,0,1,0
B2B02689,1,199,9,26,8,5,10,6,1,78.14266480136803,Other,51-200,2,1,0
B2B02690,0,99,13,18,3,219,5,3,0,91.16834412793773,Retail,1000+,3,1,0
B2B02691,0,199,28,22,2,612,5,3,0,85.73921905058609,Healthcare,11-50,2,1,0
B2B02692,0,99,8,17,4,379,25,21,0,77.22597442303352,Healthcare,11-50,1,1,0
B2B02693,0,99,5,23,4,229,10,4,3,97.3437994944889,Finance,1000+,1,1,0
B2B02694,1,1999,10,25,12,75,5,2,1,89.44110113174834,Finance,11-50,3,1,0
B2B02695,1,199,30,28,5,11,5,4,0,70.91082220758868,Healthcare,51-200,2,1,0
B2B02696,1,199,7,24,28,159,50,21,4,92.87827055448568,Technology,1000+,4,1,0
B2B02697,1,99,15,32,5,45,5,2,2,54.224623328354404,Other,11-50,1,1,0
B2B02698,0,1999,5,23,15,643,50,35,0,62.99551009360249,Finance,201-1000,2,1,0
B2B02699,0,199,11,23,4,99,10,6,6,77.34478136170212,Technology,1000+,5,1,0
B2B02700,0,999,9,25,10,14,50,49,1,84.06165786336159,Other,51-200,0,1,0
B2B02701,0,499,14,24,4,27,5,4,4,80.27999182162031,Healthcare,11-50,5,1,0
B2B02702,1,4999,5,24,10,221,250,204,3,73.52375458639433,Finance,1-10,5,1,0
B2B02703,0,499,8,24,2,19205,250,204,2,82.99779545363066,Other,1-10,2,1,0
B2B02704,1,1999,13,26,7,2419,10,9,0,75.62354594851374,Other,11-50,1,1,0
B2B02705,0,99,25,15,10,322,5,3,0,81.66440049283877,Other,11-50,3,1,0
B2B02706,0,199,42,24,7,527,10,9,0,81.80757447975654,Other,11-50,1,1,0
B2B02707,1,499,19,41,2,12,5,4,2,91.96339262716134,Healthcare,201-1000,2,1,0
B2B02708,0,199,22,26,0,20,5,3,1,91.72538592989169,Other,51-200,1,0,0
B2B02709,0,199,21,32,1,190,10,5,4,75.83444156763161,Technology,51-200,1,1,0
B2B02710,0,999,14,21,3,296,10,6,2,90.49293926764845,Finance,1000+,2,1,0
B2B02711,0,199,5,22,2,703,25,18,1,75.00663863813705,Healthcare,51-200,3,1,0
B2B02712,0,499,9,25,25,58,5,2,6,72.8489683930555,Finance,201-1000,3,1,0
B2B02713,0,199,1,29,4,59,5,4,1,58.67085839578251,Healthcare,201-1000,1,1,0
B2B02714,0,499,1,22,31,632,100,77,2,57.077857620819614,Healthcare,51-200,2,1,0
B2B02715,0,99,5,18,7,46,50,28,1,78.56365774709442,Healthcare,201-1000,5,1,0
B2B02716,0,99,4,26,12,116,25,10,3,81.37006458066666,Finance,1-10,5,1,0
B2B02717,1,199,21,23,8,15,100,65,0,72.25663463501644,Technology,51-200,2,1,0
B2B02718,0,99,2,31,13,936,50,40,0,88.967867784001,Finance,11-50,3,1,0
B2B02719,1,99,12,27,8,2524,25,19,5,93.64065646156756,Healthcare,1000+,0,0,0
B2B02720,1,199,13,19,3,2945,10,9,0,85.98703544485818,Retail,1000+,1,1,0
B2B02721,0,199,2,26,1,345,5,2,2,54.98082254343421,Healthcare,51-200,1,1,0
B2B02722,0,99,18,21,13,236,5,4,3,92.18762372084451,Retail,1000+,0,1,0
B2B02723,0,499,14,29,2,48,50,45,2,66.82965787542567,Finance,11-50,0,1,0
B2B02724,0,99,7,25,5,6,10,8,3,68.15149815115986,Retail,11-50,4,1,0
B2B02725,0,199,1,26,2,544,25,23,0,62.09667699693898,Retail,51-200,1,1,0
B2B02726,1,99,41,29,1,827,25,20,0,80.73395277443117,Finance,1-10,2,1,0
B2B02727,0,199,7,21,5,63,5,4,3,94.13790663302622,Retail,11-50,1,1,0
B2B02728,0,99,7,23,5,45,5,4,1,76.37888354675653,Healthcare,51-200,1,1,0
B2B02729,0,199,12,28,17,671,250,134,2,59.25237874168891,Technology,51-200,1,1,0
B2B02730,0,4999,4,25,46,204,100,40,1,95.57867528418004,Healthcare,1000+,4,0,1
B2B02731,0,499,10,30,10,76,5,4,1,66.38905660373001,Finance,11-50,1,1,0
B2B02732,0,999,4,24,2,84,100,78,0,69.77613576346766,Technology,1-10,2,1,0
B2B02733,0,999,4,26,8,7770,25,15,1,62.73000789164872,Healthcare,1-10,0,1,0
B2B02734,0,499,24,21,9,10,10,8,1,67.74405526095025,Healthcare,1-10,0,1,0
B2B02735,0,499,4,24,3,17,5,2,0,85.35223010307405,Other,51-200,2,1,0
B2B02736,0,199,14,26,4,2889,100,72,0,84.8169570572825,Healthcare,51-200,1,1,0
B2B02737,0,99,9,21,11,933,5,2,2,92.87186776270721,Technology,11-50,1,0,0
B2B02738,0,99,18,24,9,6,5,3,0,86.21707227197405,Retail,1-10,1,0,0
B2B02739,0,499,8,23,7,1358,5,2,4,74.42351404708411,Healthcare,11-50,1,1,0
B2B02740,0,499,15,32,0,116,5,2,1,92.36046788809529,Finance,1-10,1,1,0
B2B02741,1,499,11,30,3,16,5,2,1,89.99528851309493,Technology,1-10,2,0,0
B2B02742,0,499,13,27,3,80,100,76,1,96.46089149163836,Retail,11-50,1,0,0
B2B02743,1,499,5,26,2,138,10,7,2,77.91862136268387,Healthcare,1000+,1,0,0
B2B02744,0,499,21,29,1,580,25,16,1,47.761663689334306,Technology,1-10,0,0,0
B2B02745,0,199,21,28,1,153,50,44,6,77.54624438092826,Other,1-10,4,1,0
B2B02746,0,999,8,28,0,219,10,9,1,88.25108475788089,Healthcare,11-50,2,1,0
B2B02747,1,99,18,25,10,383,5,3,1,94.91673012331616,Other,1-10,2,1,0
B2B02748,1,99,5,31,4,934,5,3,2,59.24383677500461,Healthcare,51-200,0,1,0
B2B02749,0,499,19,21,2,450,5,2,1,71.75768050770952,Technology,1000+,4,1,0
B2B02750,1,99,12,28,14,36,50,29,1,72.31977872841362,Healthcare,1-10,2,1,0
B2B02751,0,199,5,32,18,308,10,5,2,83.44516435464993,Technology,201-1000,3,0,1
B2B02752,1,99,13,20,2,745,5,2,0,93.74447184788643,Other,11-50,5,1,0
B2B02753,0,999,16,24,0,2518,5,3,1,70.83670334695809,Healthcare,201-1000,3,0,0
B2B02754,0,99,21,27,1,37,10,5,2,75.99068729024394,Other,1-10,2,0,0
B2B02755,0,499,4,20,7,3613,50,46,1,90.88153452298644,Finance,1000+,3,0,0
B2B02756,0,999,14,30,6,415,10,4,1,83.87642316445483,Healthcare,11-50,1,0,0
B2B02757,0,99,4,23,6,376,5,2,0,73.82072454934261,Healthcare,51-200,1,1,0
B2B02758,1,99,18,31,3,28,10,8,2,74.23301577844306,Technology,51-200,2,1,0
B2B02759,0,4999,24,26,16,53,5,3,1,92.46090437240146,Retail,51-200,3,1,0
B2B02760,0,199,6,26,0,6031,5,2,0,80.22923642090241,Technology,11-50,0,0,0
B2B02761,0,199,5,28,7,28,10,6,3,89.72341764872692,Technology,11-50,1,1,0
B2B02762,1,99,4,27,3,1538,10,4,1,77.11661202189913,Retail,11-50,0,1,0
B2B02763,0,199,30,25,2,338,25,15,2,97.64612416301634,Technology,1-10,3,1,0
B2B02764,1,199,9,36,0,42,10,7,2,74.47038913620683,Technology,1000+,1,1,0
B2B02765,1,99,19,23,4,288,10,6,2,69.05007511925368,Other,11-50,5,1,0
B2B02766,0,99,15,23,2,2,10,4,4,59.08928833164744,Finance,11-50,3,0,0
B2B02767,0,199,4,26,3,26153,10,4,2,70.48604294128981,Finance,51-200,1,1,0
B2B02768,0,99,6,21,14,1180,10,5,4,81.04181787387783,Technology,11-50,1,1,0
B2B02769,1,99,19,27,6,26140,5,3,2,67.75906778721868,Retail,11-50,0,1,0
B2B02770,1,999,6,27,4,324,5,3,0,78.5184312685698,Technology,51-200,3,1,0
B2B02771,0,999,3,30,3,26,10,9,1,94.82738435286437,Other,1000+,1,1,0
B2B02772,0,199,1,29,3,1665,5,3,2,69.44101674656518,Technology,11-50,1,1,0
B2B02773,0,999,7,15,5,73,25,18,4,84.0816790605737,Technology,51-200,5,1,0
B2B02774,0,499,29,25,28,195,5,2,2,88.12673228065114,Healthcare,1-10,1,1,0
B2B02775,0,99,12,30,20,153,10,7,5,55.45179489562702,Retail,51-200,6,1,0
B2B02776,0,99,9,19,4,342,10,7,2,86.40422311736057,Finance,11-50,4,1,0
B2B02777,0,499,2,32,10,216,25,16,0,90.59650958629774,Technology,1-10,2,0,0
B2B02778,0,199,21,17,16,4590,25,17,0,55.008282846549996,Other,51-200,1,1,0
B2B02779,0,999,2,17,0,794,5,3,0,70.74866149132221,Retail,201-1000,2,1,0
B2B02780,0,199,4,21,9,48,5,3,1,78.29113041726902,Retail,11-50,1,1,0
B2B02781,0,199,22,17,0,120,10,6,0,95.8560106307575,Technology,11-50,2,0,1
B2B02782,0,499,1,29,3,28,10,6,0,75.53450048561753,Finance,51-200,1,1,0
B2B02783,0,199,10,22,27,207,50,41,1,67.57532732471103,Other,1000+,1,1,0
B2B02784,0,499,16,27,4,25,10,5,1,65.70423361791279,Other,51-200,3,0,0
B2B02785,0,199,8,27,2,104,5,2,3,65.58402512090892,Healthcare,201-1000,1,1,0
B2B02786,1,99,7,32,3,196,10,5,1,74.66426453503276,Other,51-200,6,1,0
B2B02787,0,1999,9,30,12,967,50,25,1,65.96363609179699,Technology,1-10,3,1,0
B2B02788,0,199,42,36,3,14,5,3,0,79.12754385966245,Technology,51-200,0,1,0
B2B02789,0,999,9,32,5,2487,5,2,6,95.03998806022216,Technology,201-1000,1,1,0
B2B02790,0,499,27,22,3,10,50,23,3,67.64778086736284,Retail,11-50,2,1,0
B2B02791,0,199,2,22,4,3244,5,2,0,82.65675015374033,Healthcare,1000+,1,1,0
B2B02792,0,4999,17,32,4,48,100,62,0,96.8445229435919,Healthcare,51-200,2,1,0
B2B02793,0,499,13,29,1,2,5,2,1,55.44734359683392,Technology,11-50,2,1,0
B2B02794,0,199,16,18,9,30,25,22,2,92.70648805831217,Finance,201-1000,1,1,0
B2B02795,0,99,10,19,4,452,100,74,1,68.96123012885327,Finance,201-1000,1,1,0
B2B02796,0,99,17,25,3,76,5,4,1,95.52093609346568,Healthcare,1-10,4,0,0
B2B02797,0,499,9,41,4,4,5,2,0,96.93229333565296,Technology,11-50,3,1,0
B2B02798,0,99,5,22,6,51,5,4,1,96.86681943147732,Other,201-1000,1,1,0
B2B02799,0,199,2,28,3,150,5,4,3,82.94271261893095,Technology,51-200,1,1,0
B2B02800,0,999,27,29,3,368,25,13,0,77.08504004906399,Other,1-10,1,1,0
B2B02801,0,99,7,20,12,4573,25,14,0,39.4001981591807,Healthcare,51-200,3,1,0
B2B02802,0,499,15,21,4,41,5,3,2,83.16473392290152,Healthcare,1-10,0,1,0
B2B02803,0,499,1,20,3,289,10,9,1,90.41277704302144,Other,1-10,3,1,0
B2B02804,0,99,1,18,4,1,50,47,1,98.46234380219072,Technology,11-50,4,1,0
B2B02805,0,199,16,27,1,1506,5,2,0,83.0604127353747,Other,201-1000,1,1,0
B2B02806,0,499,24,17,4,98,50,27,1,96.1978618487063,Finance,51-200,3,1,0
B2B02807,0,4999,7,35,4,71,10,5,2,92.17452528354958,Technology,201-1000,1,1,0
B2B02808,1,999,8,36,3,7034,10,6,0,69.55235234244695,Retail,11-50,1,1,0
B2B02809,0,999,10,31,1,8,5,4,1,73.76157639484887,Finance,201-1000,2,1,0
B2B02810,0,499,20,29,7,5658,25,14,0,83.66984899329053,Retail,201-1000,1,0,0
B2B02811,1,99,7,28,22,13,5,2,1,77.2683232320945,Healthcare,201-1000,4,0,0
B2B02812,0,999,2,30,8,184,5,4,0,64.89664025122337,Other,11-50,2,1,0
B2B02813,0,199,17,19,4,60,25,16,1,85.49906161645279,Finance,1-10,4,1,0
B2B02814,0,99,13,25,0,45632,10,7,0,78.40335945594943,Retail,201-1000,2,1,0
B2B02815,0,99,7,32,5,24,250,229,2,78.79861534199328,Finance,11-50,2,1,0
B2B02816,0,999,7,24,6,54,25,10,2,69.8353775093144,Finance,11-50,2,1,0
B2B02817,0,999,15,26,14,11,5,3,1,86.4272472641942,Other,1-10,3,1,0
B2B02818,0,199,26,28,5,3412,5,2,1,77.81143386299344,Retail,51-200,2,1,0
B2B02819,0,99,5,28,0,224,25,10,1,86.21133145710735,Finance,201-1000,5,1,0
B2B02820,1,499,2,32,3,188,100,50,2,70.70257079240682,Finance,11-50,0,1,0
B2B02821,0,99,10,22,1,55,100,74,1,73.21084799612561,Finance,11-50,3,1,0
B2B02822,1,499,1,23,2,1,50,23,0,84.00714001535687,Retail,1000+,2,0,0
B2B02823,1,999,12,35,7,2,5,4,0,91.97615777477239,Other,51-200,1,1,0
B2B02824,0,999,16,14,8,685,10,5,2,58.82646275002975,Other,201-1000,0,1,0
B2B02825,1,99,7,32,2,68,5,3,0,70.83103751661616,Technology,11-50,0,1,0
B2B02826,0,4999,10,29,0,362,5,3,2,88.70498740447968,Finance,11-50,1,1,0
B2B02827,0,4999,4,31,1,4682,100,61,0,95.32973489749553,Healthcare,201-1000,2,1,0
B2B02828,0,99,4,36,5,18,5,2,3,93.21465110084043,Other,201-1000,2,1,0
B2B02829,1,1999,19,21,5,2053,10,8,1,85.61312226038056,Other,11-50,4,1,0
B2B02830,0,999,21,24,0,1205,100,94,3,57.234222442410676,Finance,201-1000,2,0,0
B2B02831,0,99,5,17,1,609,10,6,1,70.64709780799917,Other,11-50,4,1,0
B2B02832,1,199,7,25,3,332,50,49,6,59.44862478484716,Healthcare,51-200,2,0,0
B2B02833,0,499,34,23,10,3300,50,32,2,57.90364274577643,Technology,1-10,2,1,0
B2B02834,0,999,8,30,4,78,5,3,0,89.14483754737546,Retail,201-1000,2,1,0
B2B02835,1,1999,19,18,2,119,10,7,2,63.06850439299376,Other,201-1000,4,1,0
B2B02836,0,99,7,25,2,160,10,9,2,74.11885225970315,Retail,11-50,5,1,0
B2B02837,0,499,14,23,1,5761,10,9,3,64.13059830210648,Finance,51-200,2,1,0
B2B02838,0,199,14,18,11,134,100,52,0,74.46559142782895,Retail,11-50,3,0,0
B2B02839,0,1999,33,18,5,19,50,21,1,94.91876779038138,Finance,51-200,0,1,0
B2B02840,1,199,12,24,0,40,5,4,0,88.26136132358225,Other,11-50,1,1,0
B2B02841,0,4999,6,17,23,53,5,4,2,84.11754959165815,Other,51-200,2,1,0
B2B02842,0,199,6,29,4,24,10,8,2,74.27724713106547,Retail,51-200,4,0,0
B2B02843,0,199,7,36,8,3,5,2,0,68.60335982208986,Technology,11-50,3,1,0
B2B02844,0,199,16,22,5,10246,5,3,1,77.11003057647618,Finance,1000+,1,1,0
B2B02845,0,99,3,27,14,10,25,17,6,64.317876266883,Finance,201-1000,2,1,0
B2B02846,0,1999,17,22,4,1654,5,3,0,54.08119347729846,Finance,1000+,1,1,0
B2B02847,0,999,7,18,6,91,10,5,2,91.65883689306422,Other,51-200,0,1,0
B2B02848,0,999,28,29,1,39,25,13,2,79.72447614563535,Finance,51-200,3,1,0
B2B02849,0,199,35,23,3,164,100,87,0,90.34934498924176,Retail,1-10,0,1,0
B2B02850,1,499,25,21,0,43,50,27,0,57.84705645128947,Healthcare,51-200,1,1,0
B2B02851,1,99,2,22,0,156,10,7,0,80.8779216305479,Finance,51-200,1,1,0
B2B02852,0,99,13,24,8,21,10,4,0,73.11037678073534,Technology,1-10,1,0,0
B2B02853,0,499,9,20,12,410,50,45,4,85.91942982768316,Retail,51-200,2,1,0
B2B02854,0,199,7,24,13,525,10,6,0,84.91162870078632,Retail,11-50,3,1,0
B2B02855,0,199,4,30,1,68,5,4,5,89.37226061311955,Finance,201-1000,2,1,0
B2B02856,1,999,24,19,1,2,10,6,1,62.451745939793625,Technology,11-50,1,1,0
B2B02857,0,99,1,20,6,94,5,4,0,73.50211732490109,Technology,11-50,0,1,0
B2B02858,1,99,8,14,1,49,5,4,0,55.19191893826822,Healthcare,51-200,1,1,0
B2B02859,0,199,21,20,4,131,10,9,3,80.25117546989219,Healthcare,11-50,2,1,0
B2B02860,0,1999,6,21,2,15733,5,3,0,66.07759200274708,Technology,201-1000,1,1,0
B2B02861,1,99,14,28,27,12,5,4,2,87.79382024983313,Technology,51-200,1,1,0
B2B02862,0,199,14,28,12,9,5,4,1,87.21306174510288,Retail,11-50,0,1,0
B2B02863,0,499,7,27,6,379,5,4,4,39.001641625160346,Finance,1000+,2,1,0
B2B02864,1,99,17,28,7,227,10,6,3,75.26479095437453,Finance,11-50,0,1,0
B2B02865,1,999,21,20,4,650,10,7,0,96.91373713332048,Retail,1000+,2,1,0
B2B02866,0,99,14,31,8,12,25,21,1,79.66926564444982,Other,11-50,2,1,0
B2B02867,0,199,2,26,20,284,10,9,6,83.84993433465822,Finance,201-1000,1,1,0
B2B02868,0,99,10,21,6,444,5,3,2,75.45435084317796,Healthcare,51-200,1,1,0
B2B02869,1,1999,1,21,4,16,50,22,1,86.28750468328974,Technology,11-50,3,1,0
B2B02870,0,99,27,31,6,3,5,4,1,79.44016768162966,Technology,1-10,2,1,0
B2B02871,1,199,28,20,0,22,25,21,2,80.14123644347116,Technology,1000+,1,1,0
B2B02872,0,199,19,22,6,694,250,122,2,72.7451295525395,Finance,201-1000,0,1,0
B2B02873,0,99,17,34,0,19,5,2,3,80.07303444925881,Healthcare,51-200,0,0,0
B2B02874,0,99,6,24,2,918,50,35,0,90.91340834031409,Other,11-50,1,0,0
B2B02875,1,1999,13,25,1,146,10,5,0,92.50655284105382,Finance,51-200,3,1,0
B2B02876,0,1999,16,22,1,10,250,109,0,79.54861238527516,Retail,1-10,1,1,0
B2B02877,0,1999,11,22,7,724,5,4,0,58.5586779065427,Technology,201-1000,3,0,0
B2B02878,1,999,6,25,10,631,5,4,1,92.65200559394181,Retail,1-10,4,1,0
B2B02879,1,99,10,25,9,105,5,2,3,93.6824262885959,Other,1-10,0,1,0
B2B02880,0,199,37,25,2,58,5,2,3,88.39206604179935,Other,201-1000,2,0,0
B2B02881,0,199,9,18,0,55,250,139,0,55.863601633431415,Other,51-200,2,1,0
B2B02882,0,499,16,30,3,8,5,4,0,80.8624378022418,Retail,1-10,2,1,0
B2B02883,1,199,12,27,0,23,5,2,2,78.6221680436851,Finance,11-50,2,1,0
B2B02884,1,199,5,26,9,4536,10,7,0,68.85327914154088,Finance,1000+,2,1,0
B2B02885,1,99,7,23,1,13748,10,7,1,82.62258274895872,Healthcare,11-50,3,1,0
B2B02886,0,199,2,22,4,1177,100,83,1,84.73647769928498,Retail,11-50,1,0,0
B2B02887,0,1999,3,36,10,558,100,58,0,82.62491861344795,Healthcare,1000+,3,1,0
B2B02888,1,99,7,18,5,856,10,8,4,78.43813882745224,Healthcare,51-200,1,0,0
B2B02889,0,499,18,22,0,128,5,3,0,77.41154432793788,Retail,11-50,0,1,0
B2B02890,0,99,3,32,3,473,10,8,1,95.45518447311362,Technology,11-50,1,1,0
B2B02891,1,199,3,19,9,60,5,3,3,85.82749181334304,Finance,1-10,1,1,0
B2B02892,0,999,4,30,4,210,10,5,2,91.01721789530511,Healthcare,11-50,3,1,0
B2B02893,1,999,18,28,6,331,10,4,5,85.06451194462466,Finance,51-200,1,1,0
B2B02894,0,99,8,28,10,8,5,4,1,53.683631373583594,Finance,51-200,1,1,0
B2B02895,0,199,15,29,0,1128,5,3,2,79.85658479008143,Retail,1000+,3,0,1
B2B02896,0,499,18,29,7,47,10,6,5,85.11016133544447,Other,1-10,3,1,0
B2B02897,0,99,2,24,29,1049,50,44,0,89.89360542216708,Healthcare,1-10,1,0,0
B2B02898,0,99,2,26,1,300,5,4,0,73.80414061468493,Healthcare,51-200,1,1,0
B2B02899,0,99,9,20,27,1124,25,21,3,83.90508750403414,Healthcare,201-1000,0,1,0
B2B02900,0,999,14,20,2,244,10,6,1,80.95962552093579,Other,1000+,4,1,0
B2B02901,0,499,12,28,13,206,5,2,2,71.61482818198182,Retail,11-50,1,1,1
B2B02902,1,499,2,21,0,8,5,2,3,88.0083537394068,Healthcare,11-50,3,1,0
B2B02903,0,999,14,19,1,107,10,7,4,82.56179375348925,Technology,11-50,5,1,0
B2B02904,1,499,46,17,8,8,10,9,1,92.91605576098898,Technology,1-10,5,0,0
B2B02905,0,99,1,37,6,33466,5,2,2,62.299589422507374,Retail,51-200,3,1,0
B2B02906,0,199,11,24,1,22,50,34,4,99.27387058248041,Other,201-1000,1,0,0
B2B02907,0,499,27,25,3,13,5,3,0,94.56114686889435,Finance,11-50,4,0,0
B2B02908,0,499,13,35,24,985,100,81,3,89.12979969583684,Healthcare,51-200,2,0,0
B2B02909,0,199,5,27,0,44,5,2,0,91.52149358975555,Other,11-50,5,1,0
B2B02910,0,999,22,24,4,137,5,2,1,72.30112881826867,Healthcare,51-200,1,1,0
B2B02911,0,199,9,20,0,2,5,2,2,94.18563238475939,Healthcare,11-50,2,0,0
B2B02912,0,499,2,30,0,2895,10,4,0,78.50864639348826,Other,1-10,1,0,0
B2B02913,0,99,3,34,0,667,5,4,0,61.02709415352424,Finance,11-50,2,1,0
B2B02914,0,999,9,21,8,20,10,5,3,90.39123889434372,Retail,11-50,4,1,0
B2B02915,0,99,5,19,2,18,10,6,3,91.65023348316083,Finance,1-10,3,1,0
B2B02916,0,999,4,23,2,5,5,2,3,71.14894031657151,Technology,11-50,0,1,0
B2B02917,0,199,5,22,3,501,50,45,1,81.52237936953902,Technology,51-200,2,1,0
B2B02918,0,999,21,21,18,13,5,2,1,74.7412775478854,Finance,1000+,3,1,0
B2B02919,0,99,38,24,5,2474,10,7,2,58.10252231919385,Other,1000+,3,1,0
B2B02920,0,99,4,29,1,363,10,4,2,83.42976373928684,Technology,201-1000,2,0,0
B2B02921,0,999,18,16,2,19,100,59,1,82.75012828122624,Retail,51-200,1,0,0
B2B02922,1,999,16,22,1,1474,5,2,4,88.56371094094509,Healthcare,11-50,1,1,0
B2B02923,1,1999,9,17,4,322,10,5,2,74.68106556551824,Finance,1000+,1,0,0
B2B02924,0,999,7,19,9,5753,10,9,0,67.97505015163155,Other,201-1000,3,1,0
B2B02925,0,99,36,28,0,70,10,7,1,83.01804171483641,Other,51-200,5,1,0
B2B02926,1,99,8,27,4,119,10,4,5,62.81660078868582,Finance,11-50,2,0,0
B2B02927,1,499,11,30,2,1967,5,2,1,73.83048862275304,Healthcare,1-10,5,0,0
B2B02928,1,199,34,28,9,36,25,22,0,82.9934320369986,Other,1-10,3,1,0
B2B02929,0,99,3,28,10,6,10,5,0,87.80893468118516,Technology,11-50,3,1,0
B2B02930,0,999,29,25,1,3154,5,2,1,86.62414000530461,Finance,201-1000,1,1,0
B2B02931,0,199,9,26,11,53,10,8,1,74.23056684952107,Other,1-10,2,1,0
B2B02932,0,99,20,26,4,102,10,6,0,79.86408007763771,Technology,51-200,1,1,0
B2B02933,0,99,10,33,12,72,25,11,1,74.572039080843,Finance,201-1000,1,1,0
B2B02934,0,199,6,20,0,909,50,37,1,77.1312854313955,Other,11-50,1,1,0
B2B02935,1,999,8,21,11,5,5,3,3,82.83789314406825,Retail,11-50,5,1,0
B2B02936,1,99,10,20,12,78,5,2,3,81.15096723077215,Healthcare,51-200,3,0,0
B2B02937,0,499,2,25,1,2297,5,3,0,69.64087927225455,Technology,51-200,2,1,0
B2B02938,1,4999,23,24,5,1811,5,4,1,65.37253210432469,Healthcare,51-200,5,1,0
B2B02939,0,99,3,24,0,91,250,125,1,86.10834436899002,Technology,11-50,2,0,0
B2B02940,0,499,1,26,14,2160,5,4,3,70.1363615942141,Healthcare,1-10,2,1,0
B2B02941,1,199,12,23,0,1356,25,17,5,80.56949856897569,Other,11-50,3,0,0
B2B02942,0,499,2,26,4,10,100,67,1,82.5236549784505,Other,1-10,0,0,0
B2B02943,0,1999,11,29,28,33,10,7,2,83.06507020020165,Healthcare,201-1000,3,0,0
B2B02944,0,99,36,24,0,155,25,17,1,80.07042039561547,Healthcare,51-200,3,1,0
B2B02945,1,999,11,31,5,355,5,4,2,92.97510875747298,Healthcare,201-1000,1,1,0
B2B02946,1,999,2,20,41,23,10,4,0,57.81983935706335,Other,11-50,0,1,0
B2B02947,0,499,8,17,4,1117,25,13,0,53.652093706731726,Healthcare,51-200,1,1,0
B2B02948,0,499,4,18,6,101,100,62,1,81.16133455336576,Retail,11-50,2,1,0
B2B02949,0,499,19,20,1,3207,50,39,1,90.30213858983267,Retail,201-1000,3,0,0
B2B02950,0,199,7,24,25,1825,100,65,1,89.4173217772503,Other,1000+,5,1,0
B2B02951,1,199,12,22,18,158,10,9,1,96.0728303561165,Other,1-10,3,1,0
B2B02952,0,99,4,26,0,552,50,25,0,61.93544582896594,Other,201-1000,1,1,0
B2B02953,0,99,12,17,1,326,5,2,4,74.13566694268927,Healthcare,51-200,1,1,0
B2B02954,0,199,1,29,3,2788,10,9,3,80.12298707855219,Technology,201-1000,5,1,0
B2B02955,0,999,13,21,2,145,50,27,1,93.75493578013368,Technology,11-50,3,1,0
B2B02956,0,499,23,21,8,178,5,4,0,79.30259830067719,Retail,11-50,2,1,0
B2B02957,0,499,28,21,3,2,5,4,3,83.2888455767772,Healthcare,1-10,1,1,0
B2B02958,0,499,3,20,14,22,50,32,1,89.05386496877544,Retail,51-200,5,1,0
B2B02959,0,99,13,18,16,35,10,4,0,69.14093006949649,Other,51-200,1,1,0
B2B02960,0,99,11,20,9,356,5,4,0,68.27349526592526,Retail,1-10,5,0,0
B2B02961,0,999,3,24,3,191,5,3,3,76.9633460600534,Other,51-200,5,1,0
B2B02962,0,199,13,31,5,7,100,49,0,32.647491390726024,Healthcare,1000+,3,0,0
B2B02963,0,199,15,22,2,86,100,74,2,80.10324419821062,Technology,11-50,1,0,0
B2B02964,0,999,5,26,3,33,5,3,4,55.99825101675757,Finance,1-10,3,0,0
B2B02965,0,199,5,18,5,0,5,2,3,77.22219073600989,Healthcare,1-10,2,1,0
B2B02966,0,99,4,23,0,64,5,3,0,98.68803638371652,Technology,11-50,0,1,0
B2B02967,1,199,6,31,4,372,5,2,3,97.25665971592986,Other,1-10,1,1,0
B2B02968,1,499,11,31,9,57,10,7,3,84.03261530918601,Retail,51-200,3,1,0
B2B02969,0,199,11,29,5,8,5,2,4,99.3013014158916,Other,1000+,0,1,0
B2B02970,0,499,1,27,41,29,100,57,1,79.76012412520834,Healthcare,51-200,2,1,1
B2B02971,0,99,14,21,9,6023,10,8,3,59.30456226157741,Finance,11-50,5,1,0
B2B02972,1,999,12,24,9,88,5,3,0,88.97264793530914,Retail,51-200,0,1,0
B2B02973,0,499,11,22,0,202,5,2,0,90.83719841288746,Healthcare,51-200,3,1,0
B2B02974,0,99,20,23,3,619,100,61,0,69.5972583719713,Other,51-200,0,1,0
B2B02975,0,199,2,24,1,146,100,63,4,91.63707332059762,Finance,1-10,2,1,0
B2B02976,0,999,14,22,7,2288,250,210,0,80.28775376497197,Healthcare,201-1000,1,0,0
B2B02977,0,999,13,24,0,317,10,8,3,88.31312092675351,Other,201-1000,2,0,0
B2B02978,0,499,11,25,0,665,5,4,0,77.15436428590954,Healthcare,51-200,3,1,0
B2B02979,0,199,15,26,4,272,25,12,2,82.1807960936802,Technology,11-50,3,1,0
B2B02980,1,199,12,19,4,107,5,3,6,88.60042782787234,Healthcare,1-10,0,1,0
B2B02981,0,199,8,16,1,845,5,2,2,74.7104602290505,Retail,11-50,4,1,0
B2B02982,0,199,12,25,6,400,5,3,5,76.28878388574945,Other,11-50,1,1,0
B2B02983,0,99,5,21,9,41,25,22,3,92.94876465598185,Finance,11-50,3,1,0
B2B02984,0,99,15,25,2,8,25,22,4,96.1356228059395,Other,51-200,3,1,0
B2B02985,0,99,11,30,1,103,5,4,1,80.6460202125998,Technology,1-10,1,0,0
B2B02986,0,199,6,22,1,12,10,6,5,60.593822495551564,Retail,201-1000,2,1,0
B2B02987,0,99,33,24,4,2,10,9,5,89.42134741047352,Retail,201-1000,2,1,0
B2B02988,0,99,31,22,1,116,10,9,1,80.34615903656653,Technology,1000+,1,1,0
B2B02989,0,999,8,16,9,890,5,4,3,39.42404118483124,Other,1-10,2,1,0
B2B02990,0,99,10,28,3,3,5,3,1,80.75460463250408,Technology,1-10,3,1,0
B2B02991,1,99,16,18,2,28,10,7,1,83.91450870492986,Retail,201-1000,2,1,0
B2B02992,0,99,4,15,4,5,25,21,0,68.36229969208335,Finance,11-50,3,0,0
B2B02993,0,199,4,27,7,30,5,4,0,85.06164458215335,Technology,1-10,5,1,0
B2B02994,0,99,26,24,0,75,10,9,1,84.02303375483038,Healthcare,201-1000,0,1,0
B2B02995,1,99,15,21,6,3,100,95,0,64.60037513118165,Technology,1000+,1,1,0
B2B02996,0,499,6,31,9,287,5,3,0,84.15952828553797,Finance,201-1000,0,1,0
B2B02997,0,99,5,18,1,41,10,8,0,52.25228038859597,Retail,1-10,2,1,0
B2B02998,0,999,13,18,2,57,10,5,1,86.69501349557534,Technology,51-200,1,1,0
B2B02999,0,99,12,26,4,726,5,2,2,88.01894804384492,Finance,1000+,2,1,0
B2B03000,0,99,9,27,5,413,10,9,2,78.6069261676536,Healthcare,11-50,3,1,0
B2B03001,0,99,17,19,8,112,5,2,0,73.9475872370846,Healthcare,11-50,2,1,0
B2B03002,0,499,7,34,9,7323,5,2,3,68.69103047021788,Retail,11-50,1,1,0
B2B03003,1,499,12,22,8,52,10,5,0,85.41646518539366,Finance,201-1000,6,1,0
B2B03004,0,1999,3,24,6,1556,5,3,1,79.57029387253431,Finance,11-50,1,1,0
B2B03005,0,99,2,17,13,121,10,6,3,74.24170725043572,Retail,1-10,3,1,0
B2B03006,1,199,35,22,13,153,10,7,0,86.2941417717657,Healthcare,1000+,0,1,0
B2B03007,1,1999,7,28,2,15,10,8,0,75.81730637000106,Finance,11-50,1,0,0
B2B03008,1,499,5,25,5,57,100,41,0,75.77028125509189,Other,11-50,0,0,0
B2B03009,0,999,11,20,5,2,5,3,1,92.52537980514283,Technology,11-50,0,1,0
B2B03010,1,99,22,28,16,71,50,39,2,76.26300591451904,Healthcare,51-200,1,1,0
B2B03011,0,499,10,19,0,42,10,6,1,63.9396192760927,Technology,11-50,0,1,0
B2B03012,1,99,12,32,3,979,10,5,1,89.74459697216597,Healthcare,11-50,0,1,0
B2B03013,0,499,20,28,6,318,10,8,1,77.29199231954182,Retail,201-1000,2,1,0
B2B03014,0,4999,60,21,4,1475,50,35,2,93.16362241824818,Technology,11-50,0,0,0
B2B03015,0,499,18,21,0,348,10,7,0,96.5112769987976,Retail,51-200,2,0,0
B2B03016,0,199,9,18,4,2313,10,6,0,47.45472831294266,Other,11-50,3,1,0
B2B03017,0,99,15,20,3,8,5,4,2,77.76507630388926,Technology,201-1000,3,0,0
B2B03018,0,99,33,29,0,676,25,12,3,68.28473241077737,Retail,11-50,3,1,0
B2B03019,0,99,17,19,8,1144,5,2,3,79.00707654927014,Finance,11-50,4,1,0
B2B03020,0,99,3,26,10,5,5,4,1,56.241147884859274,Technology,11-50,0,0,0
B2B03021,0,99,5,18,1,691,50,43,0,84.77710741648072,Finance,51-200,1,0,0
B2B03022,0,999,9,24,8,3,5,2,3,70.47628271614056,Healthcare,1-10,0,1,0
B2B03023,0,199,32,35,0,21,10,9,0,78.42374821899111,Other,51-200,0,1,0
B2B03024,0,99,7,23,5,324,50,40,1,94.97324327113866,Healthcare,1000+,2,0,0
B2B03025,0,99,11,28,13,190,50,20,1,95.61753622722019,Technology,11-50,2,0,0
B2B03026,0,99,18,32,6,132,10,9,0,90.9813804776228,Technology,1-10,0,0,0
B2B03027,0,499,14,22,2,8759,5,4,1,82.95696771778974,Other,11-50,3,1,0
B2B03028,0,499,10,25,9,13,5,3,0,70.07755782084676,Finance,1-10,3,1,0
B2B03029,0,199,18,26,5,369,10,6,0,82.34107546081918,Retail,11-50,1,0,0
B2B03030,1,199,24,29,5,766,10,5,3,92.0035985461543,Technology,11-50,0,0,0
B2B03031,0,99,5,16,0,109,10,8,3,82.40110753795848,Retail,201-1000,2,0,0
B2B03032,0,99,9,14,0,45,50,20,3,86.64893021947381,Technology,11-50,1,1,0
B2B03033,0,999,3,27,8,3,10,6,0,96.92892097834816,Finance,1-10,5,1,0
B2B03034,0,99,7,23,0,148,100,48,0,84.53059036805422,Finance,201-1000,0,1,0
B2B03035,0,199,7,29,13,50,5,4,1,79.91910415008407,Other,201-1000,6,0,0
B2B03036,0,499,11,24,2,4045,250,153,1,97.92702965124165,Retail,11-50,3,1,0
B2B03037,0,199,21,21,1,44,50,34,0,86.91615840534887,Technology,1-10,0,1,0
B2B03038,0,999,9,23,3,54,5,2,0,40.90223570447287,Other,11-50,0,0,0
B2B03039,0,999,21,18,1,165,5,3,5,68.47992228502042,Retail,1-10,2,1,0
B2B03040,0,99,6,22,10,158,5,3,5,62.135712570410654,Finance,11-50,2,0,0
B2B03041,0,199,14,30,6,2,10,4,1,79.44905800760722,Technology,11-50,3,1,0
B2B03042,0,99,10,26,2,93,5,3,1,91.77912669575518,Technology,11-50,3,1,0
B2B03043,0,99,6,24,3,259,5,4,1,81.69919693162807,Technology,51-200,2,1,0
B2B03044,1,499,20,14,8,88,50,43,0,66.4517130972426,Technology,11-50,1,0,0
B2B03045,1,199,4,30,6,223,25,12,1,81.68138162517418,Technology,11-50,2,1,0
B2B03046,0,1999,6,25,9,783,5,3,4,79.82560045589058,Other,51-200,2,0,0
B2B03047,0,999,5,25,0,54,50,39,1,94.21981081035455,Technology,11-50,0,0,0
B2B03048,1,999,2,25,9,1706,5,3,3,67.69437110723227,Healthcare,201-1000,1,1,1
B2B03049,0,499,11,25,23,73,5,4,4,75.21682679847058,Finance,1-10,0,1,0
B2B03050,1,199,4,27,5,1479,10,4,1,92.89139908469008,Healthcare,51-200,0,1,0
B2B03051,0,499,5,27,2,3266,5,2,0,87.85421202546245,Other,11-50,1,1,0
B2B03052,0,99,2,20,0,3,10,8,4,80.49863191186485,Other,1-10,2,1,0
B2B03053,0,99,35,31,14,209,10,8,6,79.95075476026565,Healthcare,51-200,1,0,0
B2B03054,0,199,7,17,7,382,25,18,1,78.50814100887406,Finance,11-50,2,1,0
B2B03055,0,99,21,21,4,58,5,4,5,77.87942964826698,Retail,201-1000,3,1,0
B2B03056,0,199,16,27,1,22,5,4,2,77.46601943000147,Healthcare,201-1000,4,1,0
B2B03057,0,1999,4,23,0,5533,100,45,2,71.71539221671611,Healthcare,201-1000,0,1,0
B2B03058,0,499,30,26,0,22,5,2,0,89.68340775958472,Technology,51-200,2,1,0
B2B03059,0,499,9,25,9,2995,5,2,1,90.87181817572979,Finance,1-10,3,1,0
B2B03060,0,99,1,19,2,2,10,4,4,87.93958825257026,Healthcare,201-1000,0,1,0
B2B03061,0,99,3,23,6,328,25,16,1,85.0217726497198,Retail,51-200,0,0,0
B2B03062,0,99,11,24,6,68,5,2,3,91.73290901603484,Healthcare,51-200,3,1,0
B2B03063,0,199,28,28,11,394,5,2,2,94.61936287562423,Technology,51-200,2,1,0
B2B03064,0,199,8,22,3,178,25,23,2,71.92511745421157,Retail,51-200,1,1,0
B2B03065,0,99,10,24,9,40804,50,43,1,52.39259904081251,Healthcare,11-50,1,1,0
B2B03066,0,499,5,32,4,1518,10,5,1,72.95236671754738,Technology,51-200,2,0,0
B2B03067,0,99,1,24,7,69,5,4,0,69.1666632764387,Technology,11-50,1,1,0
B2B03068,0,999,10,35,5,134,5,3,0,82.08125440171965,Healthcare,1000+,0,1,0
B2B03069,0,499,9,20,3,121,5,2,2,93.79077866471076,Healthcare,1-10,1,1,0
B2B03070,0,99,27,25,1,0,5,2,0,65.21327407012927,Technology,51-200,2,1,0
B2B03071,1,199,9,20,33,254,10,6,1,54.91391983989349,Other,201-1000,3,1,0
B2B03072,0,99,5,32,5,1294,5,3,0,77.03470689899302,Technology,1000+,1,1,0
B2B03073,0,99,8,22,2,51,10,9,1,64.02432848537259,Retail,51-200,0,0,1
B2B03074,0,99,12,18,7,246,25,20,2,76.851953871746,Other,201-1000,3,1,0
B2B03075,0,499,8,24,12,1167,5,2,2,65.37826041224952,Retail,11-50,0,0,0
B2B03076,0,499,17,18,8,277,25,12,3,60.26894780164108,Retail,51-200,2,1,0
B2B03077,1,999,3,19,6,1,25,11,2,77.13399365821653,Finance,11-50,0,1,0
B2B03078,0,99,10,25,5,104,5,2,2,88.44929265739981,Other,51-200,3,1,0
B2B03079,0,999,21,35,16,51,10,5,2,66.96734023214889,Retail,1-10,0,1,0
B2B03080,0,99,12,18,0,650,5,4,2,78.1709688674912,Technology,51-200,2,1,0
B2B03081,0,199,6,19,15,2687,10,5,0,79.23034584036847,Other,1000+,3,0,0
B2B03082,0,999,7,25,5,13,25,22,1,71.1610383463064,Technology,11-50,2,1,0
B2B03083,0,99,21,24,9,17233,25,24,3,89.99911424295058,Retail,51-200,3,0,0
B2B03084,0,99,21,20,10,560,100,88,2,77.78214354382989,Technology,201-1000,1,0,0
B2B03085,0,999,2,29,6,62,25,12,0,92.01905156119577,Retail,1-10,6,1,0
B2B03086,0,99,1,21,1,2568,25,10,2,64.93963644037333,Healthcare,201-1000,2,1,0
B2B03087,0,199,11,25,13,222,5,4,1,77.18021484062804,Technology,201-1000,0,1,0
B2B03088,1,199,20,29,6,351,25,10,1,87.1027970433365,Healthcare,11-50,4,1,0
B2B03089,0,99,11,36,2,65,50,21,0,93.94703252276273,Finance,11-50,1,1,0
B2B03090,1,499,13,25,13,128,5,2,1,98.474699944614,Healthcare,1-10,0,0,0
B2B03091,0,499,10,27,0,419,100,89,3,88.95332557547214,Healthcare,1000+,0,1,0
B2B03092,0,999,10,16,4,113,5,2,5,86.5967298035227,Retail,201-1000,3,1,0
B2B03093,0,499,19,25,16,340,5,2,3,80.60819795470844,Other,11-50,2,1,0
B2B03094,1,499,1,27,1,538,10,6,3,86.50977094270759,Other,51-200,1,1,0
B2B03095,0,99,16,28,2,18,5,2,2,90.11103090486026,Technology,51-200,2,1,0
B2B03096,0,4999,12,22,8,588,10,4,0,82.46872653878023,Technology,201-1000,1,1,0
B2B03097,0,1999,19,21,8,49,5,2,1,75.91524536964917,Other,51-200,4,1,0
B2B03098,0,1999,9,27,8,224,100,42,6,98.95105867219739,Technology,1-10,3,0,0
B2B03099,0,4999,8,25,6,2165,100,70,2,90.50911004286513,Retail,1-10,1,0,0
B2B03100,0,499,20,22,4,47,25,14,1,69.38434020809564,Other,11-50,2,1,0
B2B03101,0,1999,12,19,0,3292,10,5,3,81.68624938322905,Healthcare,201-1000,0,1,0
B2B03102,0,99,6,21,3,170,25,15,3,64.32677593539599,Finance,11-50,2,0,0
B2B03103,0,99,22,28,22,298,10,4,3,89.84806386168117,Technology,51-200,0,1,0
B2B03104,0,199,13,26,3,31,100,42,0,79.38443474836421,Technology,11-50,4,1,0
B2B03105,0,199,3,25,2,1430,5,2,3,82.6097432179718,Technology,51-200,2,0,0
B2B03106,0,199,3,23,8,280,50,30,5,89.0950265168683,Retail,11-50,3,0,0
B2B03107,0,199,1,36,0,736,100,87,1,77.54551730890103,Technology,1-10,4,1,0
B2B03108,0,999,4,23,0,113,10,5,1,85.492012975597,Technology,51-200,2,0,0
B2B03109,0,499,1,25,7,17,10,9,0,76.585062408354,Finance,1-10,2,0,1
B2B03110,0,99,11,28,4,29,10,4,1,30.93307075935546,Finance,1-10,2,1,0
B2B03111,0,99,20,31,7,0,10,7,2,75.65880373104412,Finance,1-10,1,1,0
B2B03112,0,199,24,23,1,136,5,4,2,90.63193039607212,Finance,201-1000,0,1,0
B2B03113,0,999,10,25,0,384,25,12,3,89.2969590070968,Retail,51-200,1,1,0
B2B03114,0,99,8,20,1,54,50,36,4,62.726230500783586,Other,1-10,2,1,0
B2B03115,0,1999,11,19,26,162,25,22,1,53.82819669904634,Technology,11-50,5,0,0
B2B03116,1,1999,7,22,2,1622,100,51,1,92.07559638532697,Healthcare,11-50,2,1,0
B2B03117,0,499,6,16,3,117,25,24,1,64.0548754829552,Retail,1-10,4,1,0
B2B03118,0,199,13,22,1,142,10,9,3,47.57221122294987,Technology,51-200,1,1,0
B2B03119,0,99,7,26,1,351,5,4,4,92.0150513118833,Finance,51-200,2,0,0
B2B03120,0,99,7,25,6,325,5,3,0,36.76269165079696,Healthcare,11-50,0,1,0
B2B03121,0,1999,8,23,0,1,5,3,1,91.96786098697562,Finance,1-10,1,0,0
B2B03122,1,99,18,23,4,51,5,2,2,58.79171028129937,Healthcare,201-1000,2,0,0
B2B03123,0,999,1,24,10,4972,25,22,2,77.73468674151545,Retail,201-1000,1,1,0
B2B03124,0,99,22,24,4,252,5,3,4,77.10983165734554,Technology,201-1000,0,1,0
B2B03125,0,199,2,25,5,136,50,22,1,89.12915218963678,Retail,201-1000,3,1,0
B2B03126,0,99,29,23,1,163,25,13,0,92.60974927494667,Healthcare,1000+,0,1,0
B2B03127,0,199,8,17,2,481,5,2,1,94.0694027417115,Retail,51-200,4,0,0
B2B03128,0,499,8,27,1,1330,25,21,3,67.87380891715455,Retail,51-200,4,1,0
B2B03129,1,999,11,28,15,287,5,2,2,69.34406252237116,Retail,1-10,4,1,0
B2B03130,0,199,8,20,1,6,10,9,0,86.03858205780966,Finance,201-1000,1,0,0
B2B03131,0,99,14,23,0,10,10,7,1,79.24090414765999,Other,51-200,2,1,0
B2B03132,0,99,8,24,4,410,10,8,2,71.17798918618618,Finance,201-1000,0,0,0
B2B03133,1,99,26,19,3,51,25,23,5,56.85014752909413,Technology,1000+,2,1,0
B2B03134,0,199,8,21,2,1206,5,3,1,47.77922742310385,Other,11-50,0,0,0
B2B03135,0,499,15,27,7,414,10,8,0,90.85083116499956,Finance,201-1000,2,1,0
B2B03136,0,499,5,30,10,95,100,91,2,78.39023858711845,Healthcare,1-10,1,0,0
B2B03137,0,999,12,22,1,56,25,19,0,95.30494905758246,Retail,1-10,3,1,0
B2B03138,0,999,2,25,10,100000,10,9,1,88.76580907526457,Other,1000+,1,1,0
B2B03139,0,999,32,23,6,133,50,21,2,70.52626274534644,Other,51-200,6,1,0
B2B03140,0,99,17,23,10,86,50,27,3,89.02233108631923,Healthcare,11-50,4,1,0
B2B03141,1,99,5,28,9,77,5,2,0,65.19397452822814,Other,1-10,1,1,0
B2B03142,0,99,24,27,4,19,5,4,3,75.06440941500419,Technology,1-10,8,1,0
B2B03143,0,199,3,27,2,20,5,2,3,90.31531069578797,Other,1000+,3,0,0
B2B03144,0,199,9,20,6,168,10,4,1,71.96180777337311,Finance,201-1000,2,0,0
B2B03145,0,499,25,25,3,259,100,53,3,85.27976833176645,Healthcare,51-200,3,1,0
B2B03146,0,1999,7,30,7,781,100,67,3,90.15501868224416,Technology,11-50,1,0,0
B2B03147,1,999,24,31,11,29,10,4,2,84.83946970399866,Healthcare,11-50,1,1,0
B2B03148,0,99,5,25,14,18,25,22,0,94.5954628556332,Healthcare,51-200,2,1,0
B2B03149,0,199,13,25,8,36,10,8,1,63.66427197933165,Healthcare,201-1000,3,1,0
B2B03150,0,999,14,27,0,24,10,4,6,80.87898456614916,Technology,11-50,2,0,0
B2B03151,0,499,5,24,0,271,10,4,4,83.55986640260132,Other,201-1000,3,1,0
B2B03152,1,99,7,17,11,0,50,32,0,94.32750240762773,Technology,201-1000,0,1,0
B2B03153,0,99,7,18,0,69,5,3,0,66.85954805183286,Other,51-200,1,1,0
B2B03154,0,99,10,24,8,117,100,42,3,60.1389920659447,Retail,51-200,1,0,0
B2B03155,0,999,7,19,6,333,10,8,3,77.28690516665344,Other,1-10,3,1,0
B2B03156,0,499,3,19,14,1516,10,4,0,81.42927630619573,Retail,201-1000,0,1,0
B2B03157,1,999,3,23,0,13623,50,21,2,57.65789492834033,Healthcare,11-50,1,1,0
B2B03158,0,1999,17,28,2,1365,5,2,1,93.23979480835625,Finance,11-50,1,1,0
B2B03159,0,999,37,23,5,5,50,40,0,70.69686129253373,Retail,51-200,3,0,0
B2B03160,0,1999,3,33,20,72,50,31,0,73.8771503763606,Retail,11-50,3,1,0
B2B03161,0,1999,13,31,0,2060,10,6,3,80.84897163985569,Technology,51-200,2,0,0
B2B03162,0,1999,15,22,3,84,5,3,4,58.81913931292064,Finance,1-10,1,1,0
B2B03163,0,999,22,34,4,91,10,6,2,52.34087521918296,Technology,11-50,2,0,0
B2B03164,1,499,1,26,8,98,50,48,4,46.06292020405909,Other,201-1000,1,1,0
B2B03165,0,199,1,20,4,2285,50,49,3,77.12624371932816,Healthcare,51-200,2,1,0
B2B03166,0,499,24,26,0,91,10,5,1,62.776962792894444,Technology,11-50,3,0,0
B2B03167,0,999,33,28,10,1977,5,2,0,91.26421841221872,Healthcare,11-50,1,0,0
B2B03168,0,99,9,24,2,107,5,4,4,98.35945047947506,Retail,1-10,2,0,0
B2B03169,0,199,14,18,8,1,5,3,0,71.72336190312282,Technology,11-50,2,1,0
B2B03170,0,1999,1,26,31,87,50,26,3,82.51596422205213,Healthcare,201-1000,1,0,0
B2B03171,0,199,19,20,3,42,5,2,3,95.21658344226788,Other,1000+,3,1,0
B2B03172,0,199,5,29,0,168,10,5,0,60.98747496117266,Retail,51-200,2,0,0
B2B03173,0,499,1,17,11,7,5,2,3,70.08809120653842,Other,51-200,2,1,0
B2B03174,0,999,6,23,12,260,50,23,1,94.71931619273373,Healthcare,11-50,3,1,0
B2B03175,0,199,10,33,4,3870,10,5,1,75.46272223246258,Finance,1-10,4,0,0
B2B03176,0,199,2,23,9,1,10,4,0,76.45950936538128,Finance,51-200,2,1,0
B2B03177,0,499,25,19,0,742,5,4,1,75.05274720150226,Finance,11-50,2,0,0
B2B03178,0,1999,25,27,0,76,25,13,3,77.8070819760737,Other,11-50,2,1,0
B2B03179,0,499,5,20,10,553,100,42,0,87.7675013640393,Other,51-200,2,0,0
B2B03180,0,4999,3,21,7,9,5,3,3,93.16684083388338,Finance,11-50,1,1,0
B2B03181,0,199,1,20,8,1,10,7,4,54.11581643465689,Retail,51-200,0,1,0
B2B03182,0,999,21,25,8,305,250,182,0,53.2086660814651,Technology,51-200,2,1,0
B2B03183,0,199,1,23,15,3410,50,24,2,80.04743960889628,Other,1-10,3,0,0
B2B03184,0,4999,7,23,1,66,5,3,0,85.17448962875396,Other,1-10,2,1,0
B2B03185,0,499,8,35,0,991,5,2,1,86.45282654475798,Retail,1000+,2,1,0
B2B03186,1,499,6,20,4,102,5,4,3,82.30496733816182,Technology,51-200,4,1,1
B2B03187,0,999,7,22,3,18,5,4,6,91.65087596614048,Finance,11-50,2,1,0
B2B03188,0,999,18,21,1,6,10,9,3,90.05665956430279,Healthcare,51-200,3,1,0
B2B03189,0,499,5,26,2,704,5,2,4,96.05085721831155,Other,1000+,2,0,0
B2B03190,1,999,12,28,3,66,5,2,4,67.33533834453519,Other,11-50,3,0,0
B2B03191,0,499,7,19,4,29,5,2,3,60.380398760655666,Healthcare,201-1000,1,1,0
B2B03192,0,499,2,27,1,2808,10,8,1,80.82117381320573,Finance,11-50,2,1,0
B2B03193,0,499,7,29,3,359,10,9,1,68.65283470764895,Technology,11-50,0,1,0
B2B03194,0,99,22,30,8,1,10,9,0,87.03768712375252,Finance,1-10,1,0,0
B2B03195,1,499,1,29,20,15,25,19,3,81.15140712028794,Retail,1-10,2,1,1
B2B03196,0,199,10,27,3,215,5,3,2,71.72913729963263,Technology,51-200,5,1,0
B2B03197,0,99,5,24,7,0,5,3,1,88.44031873561856,Retail,11-50,1,0,0
B2B03198,1,999,7,23,12,4,100,87,2,52.54768949792042,Healthcare,51-200,1,1,0
B2B03199,0,199,17,22,4,39,5,3,4,63.83476772035662,Finance,11-50,2,1,0
B2B03200,0,199,5,18,2,512,25,11,0,41.10734041153573,Retail,11-50,0,1,0
B2B03201,1,999,4,21,1,902,5,4,4,56.005826910269676,Finance,51-200,2,1,0
B2B03202,0,499,16,33,14,1444,5,4,4,51.1763093219398,Other,51-200,2,1,0
B2B03203,0,99,7,21,24,216,5,4,1,91.65863930344692,Retail,1-10,1,1,0
B2B03204,0,99,41,16,16,436,10,6,0,83.54094196690318,Technology,1-10,0,1,0
B2B03205,0,499,32,19,0,72,5,3,4,87.22829378356501,Other,1-10,1,1,0
B2B03206,0,1999,1,21,27,263,5,3,0,58.06969820044817,Finance,51-200,2,0,0
B2B03207,0,499,22,37,8,2,10,4,3,83.37864353382861,Healthcare,1-10,7,1,0
B2B03208,0,499,4,27,9,59,5,3,1,32.67321038992399,Healthcare,51-200,3,1,0
B2B03209,0,999,9,29,29,2,50,36,2,92.30955129441847,Other,51-200,3,1,0
B2B03210,0,999,10,35,33,81,50,49,1,81.90183095777803,Retail,1-10,3,1,0
B2B03211,1,99,15,25,2,2351,5,4,3,88.25458587323935,Technology,51-200,1,0,0
B2B03212,0,1999,11,31,12,350,25,10,3,76.22214981578408,Other,201-1000,3,0,0
B2B03213,1,99,2,21,22,79,5,4,2,55.75762984710927,Other,51-200,2,1,0
B2B03214,0,199,16,20,1,100000,5,4,1,58.40253571263045,Other,11-50,0,1,0
B2B03215,0,999,4,15,0,24,100,79,2,87.91643964549216,Technology,11-50,2,0,0
B2B03216,0,199,18,24,1,87,250,207,2,78.05134740780551,Other,201-1000,1,1,0
B2B03217,0,499,10,27,2,65,5,3,5,74.39499905997994,Finance,51-200,4,1,0
B2B03218,0,199,1,30,12,1086,25,12,1,81.74861861070178,Technology,11-50,2,1,0
B2B03219,0,99,17,16,1,315,10,8,1,88.86766636343265,Technology,1-10,1,1,0
B2B03220,1,999,5,22,4,84,100,97,4,69.10413947095473,Retail,201-1000,1,1,0
B2B03221,1,99,12,20,21,3157,25,17,1,66.129158771554,Other,11-50,3,0,0
B2B03222,0,199,6,23,3,28,25,19,1,73.1563616118877,Retail,11-50,1,1,0
B2B03223,0,199,1,18,0,118,50,47,0,85.4985993918968,Retail,11-50,2,0,0
B2B03224,0,499,15,21,3,705,5,2,1,86.86746956641743,Other,11-50,2,1,0
B2B03225,0,1999,9,31,5,5765,5,3,0,92.49606364206775,Healthcare,11-50,1,1,0
B2B03226,0,999,11,25,7,25,50,28,0,71.32070281793303,Healthcare,11-50,1,1,0
B2B03227,0,999,21,27,6,256,25,19,0,89.67484725195469,Technology,51-200,3,1,0
B2B03228,1,99,3,25,4,169,10,4,1,56.17635657456537,Retail,1-10,2,1,0
B2B03229,0,99,6,28,0,214,5,3,0,91.62558448334268,Technology,201-1000,1,1,0
B2B03230,1,99,16,30,4,68,5,3,0,68.35901810568745,Healthcare,51-200,3,0,0
B2B03231,0,99,2,20,1,296,10,9,2,95.91995725780215,Finance,1-10,1,1,0
B2B03232,0,199,9,29,7,9,10,9,0,85.67526748580721,Technology,51-200,2,0,0
B2B03233,0,1999,14,14,15,74,10,5,2,64.62508557199928,Technology,1000+,0,0,0
B2B03234,0,99,23,31,4,7,5,4,2,77.45282937511003,Healthcare,1-10,3,1,0
B2B03235,0,499,5,19,0,13,10,9,2,76.36867176899655,Finance,201-1000,2,0,0
B2B03236,0,999,20,19,12,240,5,2,0,97.58622471268592,Other,51-200,2,0,1
B2B03237,0,199,7,22,2,1959,25,23,1,79.38276373474771,Healthcare,1000+,5,0,0
B2B03238,0,199,7,28,12,0,10,6,1,92.59187178175866,Technology,201-1000,0,1,0
B2B03239,0,199,3,27,4,290,25,24,1,82.4701614567921,Healthcare,11-50,0,1,0
B2B03240,0,499,12,20,8,563,25,13,1,80.96728280686983,Retail,51-200,1,1,0
B2B03241,1,999,10,24,7,25,10,4,2,93.18004297544917,Technology,51-200,3,1,0
B2B03242,0,199,17,23,19,2951,10,6,2,93.93915620617271,Other,201-1000,4,1,0
B2B03243,0,99,17,18,0,1096,5,3,5,60.654404762455805,Retail,51-200,3,1,0
B2B03244,0,999,21,21,0,45,25,21,3,66.85229511577138,Healthcare,51-200,3,1,0
B2B03245,1,99,5,27,7,156,10,4,6,80.97558782778658,Retail,201-1000,1,1,0
B2B03246,0,4999,3,19,0,26,10,7,2,95.26417290696006,Healthcare,201-1000,1,1,0
B2B03247,0,999,29,27,16,1370,25,13,0,61.158659562526296,Technology,51-200,1,1,0
B2B03248,0,4999,13,28,0,97,25,10,0,69.8091429107029,Technology,51-200,2,1,0
B2B03249,0,99,21,26,1,1041,25,12,4,78.5176245281719,Finance,201-1000,2,0,0
B2B03250,0,199,28,26,4,539,5,4,0,43.98560753682995,Other,201-1000,3,1,0
B2B03251,0,99,16,26,2,8,25,24,1,83.53495736625568,Other,1-10,1,0,0
B2B03252,1,199,12,29,9,1450,25,17,2,58.30086932122042,Healthcare,11-50,2,1,0
B2B03253,0,99,5,39,0,20,10,5,1,59.32272267883179,Retail,51-200,3,1,0
B2B03254,0,199,18,24,35,161,5,3,0,79.46470554262946,Retail,11-50,1,1,0
B2B03255,0,999,14,29,7,12,5,2,5,88.98379207215623,Healthcare,1-10,4,0,0
B2B03256,0,99,12,34,11,865,10,8,1,77.97331514952546,Finance,1-10,1,1,0
B2B03257,0,999,11,31,12,426,10,4,1,91.63597097293697,Other,51-200,3,1,0
B2B03258,0,999,19,38,1,7,50,31,1,72.3881390443654,Finance,1-10,1,1,0
B2B03259,1,99,8,27,10,245,250,144,3,78.36338729136392,Other,1-10,3,1,0
B2B03260,0,499,6,21,3,238,10,9,2,85.10417009080894,Retail,1000+,2,1,0
B2B03261,0,999,4,36,4,7055,100,60,0,61.60607456550182,Healthcare,51-200,1,1,0
B2B03262,0,99,35,25,10,22,100,73,2,88.54077099921638,Technology,1-10,2,1,0
B2B03263,0,499,9,21,9,16,10,6,2,50.957569479423626,Other,201-1000,3,1,0
B2B03264,0,99,4,16,0,2186,10,4,0,80.82655266240558,Technology,51-200,4,1,0
B2B03265,1,499,14,35,4,300,5,3,6,74.92498842195154,Finance,51-200,4,1,0
B2B03266,0,99,8,17,15,11230,10,5,5,81.98175404541148,Retail,11-50,2,1,0
B2B03267,1,199,4,28,19,627,5,2,1,66.20633175844112,Technology,201-1000,2,0,0
B2B03268,0,99,30,28,5,12,10,4,2,90.84677893300993,Healthcare,51-200,4,1,0
B2B03269,0,999,6,22,5,547,5,4,1,61.86991135328618,Healthcare,51-200,3,1,0
B2B03270,0,499,5,22,7,75,10,5,0,83.84788935558137,Technology,11-50,2,1,0
B2B03271,1,199,5,21,7,6965,10,9,2,84.17168516088744,Retail,11-50,0,0,0
B2B03272,1,199,7,32,0,2082,25,12,1,72.21875445088283,Technology,201-1000,2,0,0
B2B03273,0,99,3,35,7,111,50,38,1,93.18826057696535,Finance,51-200,2,0,0
B2B03274,0,99,12,20,10,568,25,23,1,91.14416301226349,Finance,51-200,0,0,0
B2B03275,1,199,9,24,7,48,25,10,2,87.76318782951638,Other,201-1000,3,1,0
B2B03276,1,499,5,22,2,2,5,3,0,90.11969154157687,Technology,201-1000,4,1,0
B2B03277,0,199,8,30,1,3809,5,2,0,88.94122630968097,Retail,51-200,1,1,0
B2B03278,1,99,36,26,1,123,10,7,5,46.29334074520045,Other,51-200,1,1,0
B2B03279,0,999,8,36,1,66,10,7,0,76.23324388980329,Healthcare,11-50,2,1,0
B2B03280,0,499,5,27,16,85,5,4,3,53.77905965031658,Technology,51-200,1,1,0
B2B03281,0,1999,34,22,6,94,10,7,1,73.60092322410591,Retail,1000+,0,1,0
B2B03282,0,1999,10,33,0,3,250,181,1,80.91201503204196,Finance,11-50,4,0,0
B2B03283,0,499,19,25,7,31,100,40,1,90.00236775808752,Healthcare,201-1000,1,1,1
B2B03284,0,999,2,24,4,843,10,4,5,90.18154759230595,Finance,11-50,2,1,0
B2B03285,0,499,2,25,5,23,10,7,2,88.17893603042444,Other,201-1000,1,1,0
B2B03286,1,4999,7,17,0,109,50,23,5,85.70236055059954,Finance,11-50,4,1,0
B2B03287,1,99,5,23,12,195,100,65,1,67.11345283048308,Other,201-1000,1,1,0
B2B03288,0,99,13,21,0,19,100,45,0,80.86056906137459,Retail,1-10,1,1,0
B2B03289,0,999,12,30,2,202,100,60,0,57.068899954764476,Finance,1-10,2,1,0
B2B03290,0,99,20,20,0,55,25,12,1,92.21514451659733,Finance,11-50,1,1,0
B2B03291,0,999,1,21,0,1121,10,6,5,68.57341171115097,Other,1-10,1,1,0
B2B03292,0,999,11,24,6,630,5,3,2,73.81748370983263,Finance,1-10,2,0,0
B2B03293,1,199,16,21,0,5,5,2,4,85.96706146606347,Other,11-50,3,1,0
B2B03294,0,199,14,23,3,8,250,134,4,94.71374585763402,Other,51-200,2,1,0
B2B03295,0,199,15,26,1,53,25,23,2,75.20740958197975,Finance,1-10,1,1,0
B2B03296,0,1999,2,22,4,224,25,11,2,73.85284404910023,Other,51-200,3,1,0
B2B03297,0,99,15,21,22,455,50,49,1,75.69631510510956,Other,11-50,0,0,0
B2B03298,0,199,15,26,5,167,5,4,2,79.42375089606527,Retail,51-200,1,1,0
B2B03299,0,199,11,30,2,2934,10,5,0,93.33466253278725,Finance,201-1000,0,1,0
B2B03300,0,199,13,19,1,532,5,4,2,73.88113001371072,Retail,1-10,0,1,0
B2B03301,0,99,8,27,1,119,10,7,0,67.43529945679416,Retail,51-200,2,1,0
B2B03302,0,99,11,16,13,32,10,8,2,50.50484999934815,Other,1000+,3,1,0
B2B03303,0,99,1,21,2,180,5,4,0,66.36040553013956,Finance,1-10,0,0,0
B2B03304,0,99,10,27,1,1837,50,48,3,92.7677037603689,Other,11-50,1,1,0
B2B03305,0,1999,10,26,3,21,10,4,6,66.92008774818,Technology,1-10,2,0,0
B2B03306,1,499,10,32,14,20,10,5,0,76.79359969674347,Technology,51-200,2,1,0
B2B03307,0,999,38,22,16,7,50,32,4,87.90594613698121,Other,11-50,1,0,1
B2B03308,0,4999,17,29,2,659,5,3,0,70.76743400556371,Other,201-1000,4,0,0
B2B03309,1,99,20,28,0,1376,5,3,2,79.54884833135635,Technology,11-50,4,0,0
B2B03310,0,199,1,28,6,590,10,6,1,69.91933113776625,Finance,51-200,3,1,0
B2B03311,1,99,3,23,7,913,250,243,0,74.05307862201877,Retail,51-200,4,0,0
B2B03312,0,99,12,21,13,392,5,3,0,70.29322688428971,Finance,51-200,4,1,0
B2B03313,1,99,1,28,13,219,10,7,2,80.46392361142904,Healthcare,1-10,1,0,0
B2B03314,0,199,11,21,11,46,5,3,3,71.07511263648104,Healthcare,11-50,3,1,0
B2B03315,0,499,5,18,1,45,25,15,0,85.26490508533232,Healthcare,11-50,1,1,0
B2B03316,0,99,16,29,8,1018,5,4,1,75.44326532162505,Healthcare,1000+,2,1,0
B2B03317,0,199,25,23,5,216,250,206,2,66.67768905155336,Finance,201-1000,2,1,0
B2B03318,0,199,7,34,3,15,10,8,3,79.96602149346596,Retail,11-50,5,1,0
B2B03319,0,199,9,25,0,4540,5,4,4,75.57537821331898,Healthcare,11-50,4,1,0
B2B03320,0,999,14,23,15,16,10,7,0,76.3648519006922,Retail,201-1000,0,1,0
B2B03321,0,199,11,18,6,367,5,3,4,74.84488906107231,Retail,51-200,4,0,0
B2B03322,0,99,8,20,0,73,10,6,1,86.07926720040071,Finance,51-200,1,0,0
B2B03323,1,199,11,27,40,110,5,2,0,76.32227298870167,Retail,11-50,3,1,0
B2B03324,0,999,4,36,0,276,5,4,5,94.64479442657492,Finance,51-200,2,0,0
B2B03325,0,99,36,25,7,352,10,4,3,82.0847113422711,Retail,1-10,3,1,0
B2B03326,1,199,8,29,7,58,50,33,1,66.0164676783046,Finance,201-1000,1,0,0
B2B03327,1,99,7,21,1,4,5,4,3,74.36777549115912,Other,11-50,1,1,0
B2B03328,0,99,16,28,10,25,50,39,0,65.44592208533754,Other,1-10,3,1,0
B2B03329,0,999,1,20,1,144,5,3,3,80.27024455582887,Finance,11-50,2,0,0
B2B03330,1,99,4,18,3,17,5,2,3,82.53343105632304,Retail,1000+,1,1,0
B2B03331,0,999,4,26,18,322,250,246,6,56.101331056759584,Healthcare,51-200,2,1,0
B2B03332,0,99,10,20,3,37,25,17,1,74.9745047357499,Finance,1-10,3,1,0
B2B03333,0,199,2,25,2,616,10,7,0,64.62105126862184,Other,201-1000,2,1,0
B2B03334,0,499,13,18,26,127,5,4,2,93.47460503927712,Retail,11-50,2,1,0
B2B03335,0,499,9,29,3,60,10,4,3,74.26529020461659,Healthcare,1-10,1,0,0
B2B03336,0,199,1,16,13,47,5,3,1,78.7710029272895,Retail,1000+,1,1,0
B2B03337,0,199,19,25,10,11,100,63,1,93.77738814507946,Retail,1-10,2,0,0
B2B03338,0,199,17,34,10,843,10,8,0,70.07220808910292,Other,201-1000,5,1,0
B2B03339,0,99,14,22,8,18,50,44,5,84.54649963909351,Technology,1-10,1,1,0
B2B03340,0,99,10,24,8,49,10,8,1,74.36448609591922,Finance,1-10,3,1,0
B2B03341,0,99,6,31,6,1329,5,3,1,82.04478797921546,Finance,201-1000,0,1,0
B2B03342,0,99,8,30,14,2405,50,44,0,83.04170358687342,Other,11-50,3,1,0
B2B03343,0,99,22,23,7,458,5,3,2,78.28065028615553,Technology,201-1000,0,1,0
B2B03344,0,99,8,23,10,4,25,24,1,90.95066324267027,Retail,1-10,1,0,0
B2B03345,0,499,4,26,18,381,5,2,1,84.1463127379039,Finance,11-50,4,1,0
B2B03346,0,1999,23,25,26,95,5,3,0,59.95071989256115,Other,1-10,0,0,0
B2B03347,0,999,21,26,6,89,5,3,0,91.63621043520168,Retail,51-200,2,1,0
B2B03348,0,199,3,35,0,40,100,78,1,87.2054378988222,Finance,1-10,3,1,0
B2B03349,0,199,13,28,2,3507,5,4,2,62.74500399418439,Other,1-10,1,1,0
B2B03350,1,1999,3,28,8,19,100,45,0,78.3164758572604,Other,201-1000,0,1,0
B2B03351,0,999,5,35,2,158,10,7,6,88.53756348972742,Other,11-50,2,0,0
B2B03352,0,99,5,31,7,3316,10,4,3,93.21537094387236,Retail,1-10,3,1,0
B2B03353,0,1999,20,31,2,3,5,4,0,77.56627599358971,Other,11-50,1,1,0
B2B03354,0,499,10,23,8,100,5,2,1,75.82876822664714,Finance,1-10,1,1,0
B2B03355,0,499,22,22,2,804,100,67,2,72.07929757539961,Technology,11-50,1,1,0
B2B03356,0,1999,15,25,8,400,25,22,1,77.46356629570076,Retail,1000+,2,1,0
B2B03357,1,999,10,12,1,13,250,132,0,65.186461167814,Finance,1-10,2,0,0
B2B03358,0,1999,13,39,3,187,5,4,5,82.17478500519051,Other,51-200,8,1,0
B2B03359,0,199,4,19,23,3314,5,2,1,84.2335582257151,Technology,1000+,3,1,0
B2B03360,1,99,3,20,12,235,5,4,4,78.87650962098452,Retail,51-200,4,1,0
B2B03361,0,999,4,27,10,375,10,6,1,82.1424617287439,Retail,201-1000,3,1,0
B2B03362,0,999,15,24,1,886,10,6,3,72.72953771692193,Retail,11-50,2,0,0
B2B03363,0,199,15,26,9,41,10,9,1,88.2857998730997,Other,1-10,4,1,0
B2B03364,0,499,29,31,16,296,5,3,5,87.52353212191893,Retail,51-200,2,1,0
B2B03365,0,999,12,21,4,107,25,22,0,93.76353104113431,Healthcare,1-10,0,1,0
B2B03366,1,499,8,21,4,25459,10,8,0,77.7127084327134,Technology,1-10,1,1,0
B2B03367,0,99,3,26,0,252,5,2,1,97.66431696460738,Technology,201-1000,1,1,0
B2B03368,1,499,13,15,21,171,5,4,2,66.6386954045453,Retail,201-1000,1,0,0
B2B03369,0,99,25,21,1,3517,25,11,1,92.29436470855077,Retail,1-10,1,1,0
B2B03370,0,199,3,17,0,226,100,95,0,75.6593297450361,Other,51-200,3,1,0
B2B03371,0,1999,12,16,5,127,5,4,0,53.17234058904412,Healthcare,11-50,3,0,0
B2B03372,0,499,2,28,4,10,10,7,1,68.54859570921495,Retail,11-50,5,1,0
B2B03373,0,999,2,22,0,187,10,8,1,92.4105305748522,Retail,11-50,2,1,0
B2B03374,1,99,3,17,9,231,10,5,0,62.74327101423827,Healthcare,51-200,0,1,0
B2B03375,1,499,7,28,2,257,10,4,0,65.18993192124411,Retail,11-50,4,1,0
B2B03376,1,199,10,34,2,315,10,8,1,81.68480055534437,Finance,51-200,2,1,0
B2B03377,0,999,15,33,10,333,5,3,0,81.04438726422033,Technology,201-1000,3,0,0
B2B03378,0,99,11,33,15,29,10,5,0,79.27107736779685,Retail,11-50,1,1,0
B2B03379,0,999,1,34,8,236,50,35,0,89.90262274629384,Other,11-50,1,1,0
B2B03380,0,499,13,24,3,2408,100,69,2,67.10854984568753,Retail,11-50,1,1,0
B2B03381,0,99,34,23,13,70,50,42,2,75.15918121565778,Other,1-10,1,1,0
B2B03382,0,1999,21,20,5,11,25,13,2,93.936078060116,Technology,11-50,1,1,0
B2B03383,1,999,1,17,6,104,5,2,0,90.5578433958447,Healthcare,51-200,1,1,0
B2B03384,0,999,12,20,2,975,10,7,2,81.21636350716958,Retail,1-10,1,1,0
B2B03385,0,1999,8,29,3,355,5,4,1,72.34048836787538,Other,11-50,2,1,0
B2B03386,0,499,9,33,2,81,50,26,1,70.8876699392628,Healthcare,1-10,1,1,0
B2B03387,0,499,13,31,2,863,10,6,4,53.565340977275156,Retail,201-1000,2,1,0
B2B03388,0,99,2,23,9,3173,25,18,0,77.53323213462072,Finance,1000+,1,1,0
B2B03389,0,199,14,14,10,194,100,48,1,95.89606862258702,Retail,11-50,0,1,0
B2B03390,0,1999,6,20,15,370,5,4,0,48.31398740490789,Retail,51-200,2,1,0
B2B03391,0,1999,7,25,25,21,5,2,2,78.50626437404789,Retail,1-10,1,1,0
B2B03392,0,999,7,24,4,1210,5,2,0,77.28454959082882,Retail,201-1000,1,1,0
B2B03393,0,499,8,20,13,5,5,3,3,99.60101791430034,Retail,1-10,1,1,0
B2B03394,0,99,5,19,13,3617,10,6,0,42.74176275132,Finance,11-50,1,1,0
B2B03395,0,999,23,32,0,473,5,2,1,80.5006224077107,Technology,51-200,2,1,0
B2B03396,0,4999,2,30,1,10,25,19,2,82.13718378913023,Finance,51-200,0,1,0
B2B03397,0,99,10,26,12,2666,50,38,2,78.81310096048676,Healthcare,11-50,1,1,0
B2B03398,0,99,20,24,2,59,5,2,3,74.04037294249729,Other,11-50,2,1,0
B2B03399,0,999,11,32,5,158,50,41,2,95.63998383300792,Retail,51-200,2,1,0
B2B03400,0,999,4,20,8,201,100,48,0,69.84095013376565,Other,11-50,1,1,0
B2B03401,0,199,8,25,3,78,50,40,6,90.73129437677352,Technology,11-50,7,0,0
B2B03402,0,99,6,26,3,39,50,32,4,55.39294158608258,Other,1000+,1,1,0
B2B03403,0,499,9,28,15,27,5,4,0,91.18618249721092,Finance,11-50,3,0,0
B2B03404,0,99,18,24,0,11253,100,40,2,69.31825760767254,Other,51-200,1,1,0
B2B03405,0,199,5,24,2,720,100,91,0,90.92210376650071,Healthcare,1-10,1,0,0
B2B03406,0,99,41,27,2,569,10,5,0,89.78778124939583,Healthcare,201-1000,3,0,0
B2B03407,0,199,8,29,4,105,5,4,3,82.85849499420657,Healthcare,201-1000,2,1,0
B2B03408,1,499,11,24,0,525,5,3,6,97.67069878267932,Other,11-50,0,0,0
B2B03409,1,99,1,17,0,426,50,20,1,84.79293157446634,Retail,51-200,1,1,0
B2B03410,0,499,31,26,2,5,10,8,0,87.11005110712338,Healthcare,1-10,1,0,0
B2B03411,0,1999,26,21,0,485,5,3,1,96.8619274546448,Healthcare,1000+,2,1,0
B2B03412,0,1999,9,21,2,16,250,212,0,91.68890027752524,Retail,201-1000,1,1,0
B2B03413,0,199,9,19,1,6848,5,3,2,81.13100641669176,Retail,11-50,4,1,0
B2B03414,0,499,24,26,10,15,10,5,0,90.84093514896627,Healthcare,1-10,0,0,0
B2B03415,0,99,13,23,3,87,25,17,0,83.80591420234143,Healthcare,1000+,4,1,0
B2B03416,1,199,3,29,9,690,5,2,2,87.66726319660167,Healthcare,11-50,4,1,0
B2B03417,0,499,7,20,2,167,50,44,4,78.48942897044024,Retail,51-200,2,0,0
B2B03418,0,199,5,31,3,22,25,20,1,68.18709299048011,Healthcare,11-50,2,1,0
B2B03419,0,1999,12,29,6,2968,25,19,2,83.47673486717962,Finance,11-50,1,1,0
B2B03420,0,999,6,20,1,4193,100,43,0,78.62501394327019,Retail,1000+,4,1,0
B2B03421,0,499,8,32,30,42,25,11,4,69.72237288289367,Technology,1-10,2,1,0
B2B03422,0,499,1,29,5,1982,10,6,1,73.4355297052982,Healthcare,201-1000,1,1,0
B2B03423,0,1999,13,30,6,6,100,62,1,64.3851170903344,Finance,201-1000,3,0,1
B2B03424,1,199,26,30,0,75,50,27,1,76.59834992165756,Finance,51-200,2,0,0
B2B03425,0,999,10,17,6,2657,5,3,2,70.93445376764423,Finance,51-200,3,1,0
B2B03426,0,4999,16,31,3,91,5,4,0,93.94238819214577,Retail,51-200,1,1,0
B2B03427,0,499,13,27,0,129,5,4,0,65.35212667156344,Finance,1-10,1,1,0
B2B03428,0,99,12,14,1,63,5,3,4,86.6939749050227,Technology,11-50,1,0,1
B2B03429,0,199,17,21,15,39,5,4,0,81.99939182185231,Other,1-10,1,1,0
B2B03430,0,99,10,28,1,423,5,2,0,70.9026463854968,Technology,201-1000,2,1,0
B2B03431,1,499,9,20,0,588,5,3,1,75.66336113788243,Technology,201-1000,0,1,0
B2B03432,0,499,7,17,3,233,5,4,4,82.41340299354628,Other,201-1000,4,1,0
B2B03433,0,99,12,36,5,121,5,3,1,68.64270939823956,Retail,1-10,1,1,0
B2B03434,0,999,11,21,7,194,100,91,0,80.85279070289121,Retail,1000+,1,1,0
B2B03435,1,999,7,29,0,20,25,21,1,91.47420467537908,Finance,11-50,3,0,0
B2B03436,1,99,19,24,13,45,10,7,2,59.315699271838895,Technology,51-200,1,0,0
B2B03437,0,199,34,21,2,314,10,7,0,89.53144868404927,Technology,201-1000,2,1,0
B2B03438,1,199,19,22,5,70,5,4,1,83.6240263018395,Finance,11-50,1,0,0
B2B03439,1,199,5,29,3,104,5,3,1,89.92352459279346,Finance,1000+,2,1,0
B2B03440,0,199,27,20,0,115,10,7,2,83.52449192180825,Retail,1-10,2,0,0
B2B03441,1,199,6,25,14,52,10,8,0,91.57328007575285,Technology,1-10,1,0,0
B2B03442,0,99,19,21,15,291,5,2,2,59.37484990945892,Technology,11-50,0,1,0
B2B03443,1,99,4,29,5,8,25,17,3,72.08263961778087,Other,11-50,1,1,0
B2B03444,0,199,8,25,16,65,25,17,1,91.8474904265557,Healthcare,11-50,0,1,0
B2B03445,0,99,8,33,25,157,5,4,0,93.12271841996477,Finance,1000+,2,1,0
B2B03446,0,999,10,24,19,259,10,7,1,79.7066265900217,Other,11-50,3,0,0
B2B03447,0,199,10,21,2,1489,5,4,1,83.3631638027845,Healthcare,201-1000,3,1,0
B2B03448,1,499,13,27,8,221,5,3,1,94.29637610024557,Finance,11-50,5,1,0
B2B03449,0,999,4,21,0,5,5,2,1,93.37797030370184,Retail,1-10,1,1,0
B2B03450,1,99,8,27,9,6665,5,3,3,85.71329097152883,Retail,1-10,1,1,0
B2B03451,0,99,7,19,1,245,5,4,4,92.61657525325228,Retail,11-50,1,1,0
B2B03452,0,499,8,18,5,88,5,4,1,88.06894046577838,Retail,51-200,2,0,0
B2B03453,0,199,19,17,10,7,10,7,3,81.41462216369729,Retail,201-1000,2,1,0
B2B03454,0,199,4,26,9,466,50,38,5,62.116104106929406,Healthcare,11-50,3,1,0
B2B03455,0,99,2,30,31,3686,25,11,0,79.43490196919193,Retail,1000+,2,1,0
B2B03456,0,99,21,27,8,583,50,48,2,74.9139067578666,Technology,11-50,4,1,0
B2B03457,0,199,5,24,12,623,25,10,0,47.37102040101194,Other,51-200,1,0,0
B2B03458,0,499,11,27,5,115,100,63,0,88.0245072383148,Retail,201-1000,3,1,0
B2B03459,0,199,15,28,3,3,50,20,2,96.55929692962879,Technology,11-50,4,1,0
B2B03460,0,99,15,27,1,57,5,4,3,78.2763740670339,Retail,1000+,1,1,0
B2B03461,0,99,7,27,2,671,10,7,2,83.45371076400251,Technology,11-50,1,1,0
B2B03462,0,499,6,20,0,3431,100,81,0,69.11399835658769,Technology,201-1000,4,1,0
B2B03463,0,499,6,22,2,4064,10,4,1,77.92246762000403,Finance,1000+,3,1,0
B2B03464,0,999,5,22,0,164,100,71,0,74.79900915152936,Healthcare,11-50,2,1,0
B2B03465,1,199,6,22,3,15,5,4,1,64.8937268896152,Finance,1-10,4,1,0
B2B03466,0,99,24,36,1,94,10,4,3,68.34077662127434,Healthcare,201-1000,3,1,0
B2B03467,0,199,22,25,26,2349,10,6,2,78.31430358316337,Technology,51-200,2,1,0
B2B03468,1,99,4,25,3,23,5,4,1,81.73771439148733,Technology,1000+,1,1,0
B2B03469,0,199,8,23,5,758,5,3,1,72.847910541731,Healthcare,201-1000,2,1,0
B2B03470,1,499,14,28,5,888,50,38,6,79.26037910745956,Finance,11-50,4,1,0
B2B03471,0,99,9,16,6,190,25,21,0,94.78262437465801,Other,1-10,1,1,0
B2B03472,1,99,2,30,0,269,10,4,0,78.24941678838762,Healthcare,201-1000,5,1,0
B2B03473,0,499,5,25,8,54,5,3,1,58.133332713505666,Retail,201-1000,3,1,0
B2B03474,0,199,14,30,0,44,50,29,0,75.50763449600495,Technology,1000+,1,1,0
B2B03475,1,1999,19,21,23,810,10,9,4,83.50648840209664,Retail,1-10,1,1,0
B2B03476,0,1999,11,23,1,1249,250,245,5,72.11116513077755,Other,1-10,3,1,0
B2B03477,0,99,18,24,8,4,10,4,2,67.49380506838367,Retail,11-50,2,1,0
B2B03478,0,999,5,23,0,276,10,8,2,89.00274752572838,Healthcare,1000+,2,1,0
B2B03479,1,199,4,35,6,179,50,20,6,81.38019522907051,Retail,11-50,3,0,0
B2B03480,1,99,15,22,25,444,25,20,0,83.31297749212968,Technology,11-50,0,1,0
B2B03481,0,999,30,30,8,469,5,3,3,52.056153815657524,Retail,1000+,5,1,1
B2B03482,1,1999,10,28,0,573,5,4,2,73.23392516116951,Technology,11-50,2,0,0
B2B03483,0,99,18,21,6,2058,50,28,2,69.11832592733174,Healthcare,1-10,2,1,0
B2B03484,1,199,10,25,4,53,10,6,0,61.40460439218687,Retail,1000+,1,0,0
B2B03485,0,499,9,24,0,8,5,4,4,75.0706169537549,Healthcare,51-200,0,0,0
B2B03486,1,99,8,24,5,35,10,7,3,77.32425823108363,Other,11-50,2,1,0
B2B03487,0,199,6,21,4,40,5,4,0,76.00421876988331,Retail,51-200,1,0,0
B2B03488,0,99,5,17,6,215,50,47,0,92.91788807936382,Finance,11-50,2,1,0
B2B03489,0,999,12,24,5,6168,5,3,2,90.05358934497538,Healthcare,51-200,1,1,0
B2B03490,0,99,9,21,2,30,50,35,2,84.70501105915689,Finance,11-50,1,1,0
B2B03491,0,99,43,14,1,12,5,3,2,62.62554790732807,Other,201-1000,2,1,0
B2B03492,0,199,15,24,12,548,5,2,2,57.01577230167576,Technology,11-50,2,1,0
B2B03493,0,99,11,29,30,16,100,93,1,74.79977505480934,Retail,1000+,2,0,0
B2B03494,0,4999,10,27,5,125,100,75,2,80.57469952760871,Retail,201-1000,4,1,0
B2B03495,0,99,18,16,15,811,25,10,0,80.32193648697928,Technology,51-200,3,1,0
B2B03496,0,499,9,20,12,84,5,2,1,92.33313551902734,Retail,1-10,5,1,0
B2B03497,0,499,3,28,9,67,5,3,1,89.11535470807425,Other,51-200,4,0,0
B2B03498,0,499,4,26,4,3410,5,2,0,72.9603591082296,Healthcare,11-50,0,1,0
B2B03499,0,999,7,20,1,268,5,4,1,85.93691364475738,Other,201-1000,3,1,0
B2B03500,0,499,7,18,1,218,5,4,0,92.37708322806887,Finance,11-50,2,0,0
B2B03501,0,99,20,28,19,11,5,3,0,81.97280258045218,Other,51-200,2,1,0
B2B03502,0,499,1,21,6,230,50,25,0,79.96309130523403,Other,11-50,1,1,0
B2B03503,1,199,29,22,7,201,10,8,2,79.78398348517416,Technology,51-200,1,0,0
B2B03504,0,499,13,29,5,251,5,3,4,95.66251817996967,Retail,11-50,0,0,0
B2B03505,0,199,6,35,7,14,5,4,0,69.93923123840044,Retail,201-1000,3,1,0
B2B03506,0,99,1,20,21,89,25,13,0,82.00048340483119,Healthcare,1000+,1,1,0
B2B03507,0,99,8,23,16,455,5,4,0,89.09617278854344,Other,1000+,1,1,0
B2B03508,0,999,15,24,4,179,25,21,1,83.62385421364307,Healthcare,11-50,2,1,0
B2B03509,1,199,2,26,4,21,5,3,0,76.62103140516652,Healthcare,51-200,1,1,0
B2B03510,0,4999,7,23,4,633,10,7,1,84.42061853182928,Technology,1000+,2,1,0
B2B03511,1,4999,11,22,11,2657,10,4,2,92.95377468957383,Retail,11-50,0,1,0
B2B03512,0,199,7,17,6,544,10,6,2,68.34237830529882,Retail,1000+,2,1,0
B2B03513,0,99,10,24,0,19,10,8,2,65.74125981018125,Technology,51-200,2,1,0
B2B03514,0,99,24,22,18,45,10,7,1,63.783495268439026,Other,201-1000,1,1,0
B2B03515,0,99,32,14,5,593,5,4,5,58.82588496900011,Healthcare,11-50,0,1,0
B2B03516,0,499,17,17,4,1395,5,2,1,74.09608300466792,Finance,1-10,2,1,0
B2B03517,0,4999,9,18,0,955,5,2,3,83.80047494967222,Retail,11-50,2,1,0
B2B03518,0,499,12,19,8,855,10,4,3,85.79779462311828,Other,1-10,1,1,0
B2B03519,0,99,7,19,15,3097,5,2,0,77.51196247611287,Finance,1000+,2,0,0
B2B03520,0,499,6,27,8,15,10,4,2,72.05085015154633,Technology,51-200,2,1,0
B2B03521,0,4999,21,25,9,50,10,4,5,88.38930722394186,Other,11-50,2,1,0
B2B03522,0,99,1,33,7,1068,25,18,2,77.1706483789881,Healthcare,11-50,2,1,0
B2B03523,0,99,8,23,24,5,5,3,0,65.2300684246808,Retail,11-50,3,1,0
B2B03524,1,499,27,33,5,640,10,6,0,91.750058925727,Finance,51-200,2,1,0
B2B03525,0,99,7,29,0,46,50,43,3,91.40712239331056,Other,11-50,4,0,0
B2B03526,0,99,10,35,0,16,5,4,2,61.71777937965239,Other,1000+,0,1,0
B2B03527,0,99,6,22,3,44,50,30,1,66.11787714126318,Finance,51-200,2,1,0
B2B03528,0,99,1,17,8,140,10,5,0,82.42208404596076,Technology,51-200,2,1,0
B2B03529,1,99,11,19,26,35,25,13,1,64.92020435135821,Finance,51-200,2,1,0
B2B03530,0,199,33,16,9,17,50,22,0,81.07715014284906,Other,1000+,3,1,0
B2B03531,0,199,2,25,4,130,25,15,2,89.4452340610791,Finance,11-50,0,1,0
B2B03532,0,99,7,25,8,115,5,3,1,75.4710777970702,Finance,201-1000,2,1,0
B2B03533,0,99,3,23,4,100000,10,8,1,81.63070945554175,Other,1-10,1,1,0
B2B03534,0,99,25,23,2,3000,10,4,1,95.77594667028853,Finance,11-50,1,1,0
B2B03535,0,99,5,28,9,4,50,42,5,37.411203597041286,Other,1-10,0,0,0
B2B03536,0,199,22,28,4,70,5,2,1,80.97463074501886,Retail,51-200,1,0,0
B2B03537,1,499,10,18,7,454,25,20,3,74.05769228427121,Retail,201-1000,2,1,0
B2B03538,0,499,35,21,0,561,5,3,6,84.34583065423095,Finance,1-10,0,1,0
B2B03539,0,99,7,29,7,97,10,6,3,67.23835812236035,Other,11-50,3,1,0
B2B03540,0,999,17,26,6,7,5,3,0,62.91000668748905,Healthcare,1000+,2,0,0
B2B03541,1,499,9,15,11,3871,10,7,0,69.61338033519165,Other,11-50,3,1,0
B2B03542,0,199,12,19,1,250,25,20,4,94.4247630248188,Healthcare,1-10,3,1,0
B2B03543,0,99,3,23,2,37,5,3,0,68.20106586189448,Retail,51-200,1,1,0
B2B03544,0,499,11,21,1,21,5,4,0,87.93658804696551,Healthcare,51-200,0,0,0
B2B03545,0,1999,1,20,0,157,5,4,1,89.25177233239752,Technology,51-200,0,0,0
B2B03546,0,99,5,21,5,55,10,8,0,90.20908861231412,Finance,11-50,2,1,0
B2B03547,0,499,13,29,5,123,5,3,1,47.57779487029264,Retail,1-10,5,1,0
B2B03548,0,199,9,21,13,570,100,57,0,83.55518602144265,Retail,51-200,0,1,0
B2B03549,0,999,13,25,4,664,100,72,1,72.94210687920578,Technology,11-50,1,0,0
B2B03550,1,99,10,19,7,132,5,2,4,98.04670105557655,Healthcare,1000+,2,0,0
B2B03551,1,99,11,25,10,25,25,18,1,91.39825428552238,Other,11-50,4,1,0
B2B03552,1,4999,13,26,1,99,25,12,2,82.6173825933322,Healthcare,11-50,2,1,0
B2B03553,1,99,7,20,10,28,50,36,6,79.64115271536537,Other,51-200,2,1,0
B2B03554,0,999,10,17,2,440,25,22,1,89.51608715208431,Finance,1-10,2,1,0
B2B03555,0,999,5,18,5,20,10,8,1,42.3789566828227,Healthcare,11-50,1,1,0
B2B03556,0,199,3,23,14,48,5,2,1,79.08372054427292,Healthcare,11-50,1,1,0
B2B03557,0,499,25,43,5,1800,10,7,0,87.78686103779945,Healthcare,1-10,2,0,0
B2B03558,0,4999,1,27,6,153,25,18,1,69.95921829093585,Retail,1000+,4,1,0
B2B03559,1,4999,7,28,18,474,250,214,2,86.14338838572849,Other,11-50,3,1,0
B2B03560,1,99,14,32,7,77,50,34,3,95.64139895547243,Finance,51-200,1,1,0
B2B03561,1,99,40,21,8,878,25,18,2,87.90933929164541,Finance,1-10,3,0,0
B2B03562,0,1999,3,31,14,424,50,49,0,83.7696292448259,Finance,1000+,1,1,0
B2B03563,0,199,15,22,3,805,25,18,4,93.72340924889649,Technology,11-50,2,1,0
B2B03564,1,499,2,18,10,498,5,3,2,96.8698293517106,Healthcare,1-10,2,0,0
B2B03565,0,499,4,24,10,341,10,4,1,93.08425576091973,Technology,201-1000,3,1,0
B2B03566,0,999,11,20,5,790,5,2,0,83.92970063169645,Finance,1000+,1,1,0
B2B03567,0,99,4,24,6,493,5,3,2,65.85155395083842,Other,201-1000,1,1,0
B2B03568,0,99,7,25,3,521,5,3,3,93.42955047121448,Other,201-1000,2,1,0
B2B03569,0,999,2,28,11,10,5,2,1,88.96571311210114,Finance,1-10,0,1,0
B2B03570,0,99,7,24,4,4430,5,2,4,71.32574749187378,Other,1000+,4,1,0
B2B03571,0,1999,19,22,2,25,5,2,0,61.52433660066926,Other,1-10,3,1,0
B2B03572,0,99,9,23,4,4,250,135,1,89.09349190126572,Other,11-50,1,1,0
B2B03573,0,199,8,22,2,576,5,4,2,85.85029096893639,Technology,201-1000,1,1,0
B2B03574,0,99,5,27,3,81,50,31,1,54.103918088009785,Other,51-200,3,1,0
B2B03575,0,1999,36,29,0,2158,100,88,2,53.17993616692145,Technology,51-200,2,1,0
B2B03576,0,199,1,33,5,109,5,3,4,78.19080483620945,Technology,51-200,0,0,0
B2B03577,0,99,9,14,1,239,25,13,3,90.62603685024277,Retail,11-50,3,1,0
B2B03578,0,999,5,28,17,291,5,4,2,84.8675764047427,Other,201-1000,2,1,0
B2B03579,0,1999,14,35,8,66,10,6,1,67.04942441422814,Finance,11-50,3,1,0
B2B03580,1,199,5,34,0,35,50,29,0,60.233366117942154,Other,1-10,3,0,0
B2B03581,0,499,18,26,0,18,5,3,1,64.62518111159558,Healthcare,1-10,3,1,0
B2B03582,0,99,15,29,18,76,5,2,2,70.88815904630228,Healthcare,201-1000,3,0,0
B2B03583,1,999,3,25,32,9,10,7,2,80.42938177722635,Other,201-1000,4,1,0
B2B03584,0,99,15,28,0,244,10,6,0,86.05040918258221,Healthcare,201-1000,1,1,0
B2B03585,0,1999,1,23,2,2672,25,16,3,57.63153040435751,Retail,51-200,0,0,0
B2B03586,0,99,5,25,10,614,100,42,0,44.441038145858755,Retail,1-10,2,1,0
B2B03587,0,1999,8,34,14,429,10,9,1,75.45501455879696,Other,11-50,2,1,0
B2B03588,0,99,15,24,0,45,5,3,0,75.00816867716478,Technology,201-1000,1,1,0
B2B03589,0,4999,3,16,15,0,5,4,4,70.49957604427817,Healthcare,201-1000,1,1,0
B2B03590,0,99,10,18,13,25,25,22,0,55.156684107441365,Technology,1000+,3,1,0
B2B03591,0,499,9,30,1,20,10,9,0,73.84152928698667,Retail,11-50,4,1,0
B2B03592,0,1999,13,26,5,28,10,9,5,77.83785310558024,Healthcare,11-50,1,0,0
B2B03593,0,999,7,22,10,1490,5,2,2,90.40480602344736,Retail,51-200,3,1,0
B2B03594,0,499,1,21,2,152,50,40,2,57.36540777592744,Finance,51-200,1,1,0
B2B03595,0,4999,32,27,11,13,5,4,1,90.98013651873708,Healthcare,51-200,2,1,0
B2B03596,0,199,8,16,4,3,10,9,0,94.549747817477,Technology,51-200,1,1,0
B2B03597,0,999,10,21,0,300,10,8,0,63.920232347180594,Other,1000+,1,1,0
B2B03598,0,99,14,22,4,31,10,7,2,77.78625596517311,Retail,51-200,4,1,0
B2B03599,1,499,1,34,2,47,10,7,4,83.96730374896858,Retail,51-200,4,1,0
B2B03600,1,1999,8,34,7,319,5,2,4,78.34583608777632,Retail,1-10,3,0,0
B2B03601,0,99,13,29,0,68,100,46,3,63.874774269783174,Healthcare,1000+,1,1,0
B2B03602,0,999,17,26,15,2025,5,4,2,91.09589726247103,Technology,1000+,2,1,0
B2B03603,0,199,18,25,8,415,5,2,1,90.8181976579417,Finance,11-50,3,1,0
B2B03604,1,99,50,26,2,42,100,71,1,73.12075633226226,Finance,1000+,2,1,0
B2B03605,0,499,3,27,5,21,5,3,5,41.511134834470035,Retail,1000+,3,1,0
B2B03606,0,99,1,26,9,4683,10,7,1,70.96385598963191,Healthcare,201-1000,4,0,0
B2B03607,0,99,7,25,0,134,25,15,0,91.48895125784483,Other,201-1000,2,0,0
B2B03608,0,199,15,25,9,109,25,19,2,88.317539660048,Retail,11-50,3,1,0
B2B03609,0,199,9,21,0,569,25,16,4,82.10991186464737,Other,1-10,1,1,0
B2B03610,0,999,25,23,7,10,5,2,1,82.29050422471006,Technology,11-50,3,1,0
B2B03611,1,199,15,31,0,679,10,8,0,85.90820664599838,Healthcare,11-50,2,1,0
B2B03612,0,99,28,23,4,3172,5,3,1,81.79063967069052,Other,11-50,1,1,0
B2B03613,0,199,13,25,3,36,50,35,3,84.55956272366241,Retail,51-200,1,0,0
B2B03614,0,499,9,36,7,285,5,3,0,72.8158570557827,Retail,51-200,3,1,0
B2B03615,0,99,6,26,1,488,5,3,2,80.1866402774402,Retail,51-200,0,0,1
B2B03616,0,499,31,27,6,460,5,4,1,73.98476754747296,Technology,11-50,1,1,0
B2B03617,0,199,1,28,10,16,5,2,2,75.91820953075086,Other,11-50,3,1,0
B2B03618,0,199,5,21,9,184,10,7,1,87.51838279213973,Finance,1-10,0,0,0
B2B03619,0,99,5,24,1,113,25,20,6,73.10290309536617,Other,201-1000,1,1,0
B2B03620,0,999,4,17,2,2504,10,6,0,90.82906849475148,Retail,1000+,4,0,0
B2B03621,0,199,28,23,1,164,5,4,5,86.94568762078228,Finance,11-50,2,0,0
B2B03622,0,499,16,28,6,77,5,4,2,47.703209866217996,Technology,11-50,1,1,0
B2B03623,0,499,4,22,16,63,10,8,1,89.71583590402676,Technology,51-200,3,1,0
B2B03624,1,99,1,21,5,1,5,2,3,49.78817566674673,Technology,1-10,0,1,0
B2B03625,0,99,7,15,8,21,5,4,0,84.19120433359181,Retail,11-50,0,1,0
B2B03626,0,99,10,21,5,8,10,5,1,87.30132180022929,Finance,11-50,2,0,0
B2B03627,0,499,5,22,11,870,100,48,2,81.7582310987426,Finance,51-200,3,1,0
B2B03628,1,999,9,33,0,5127,5,2,4,85.58955523453423,Other,51-200,3,0,0
B2B03629,1,999,15,36,8,101,10,8,4,44.05108563807283,Healthcare,1-10,6,0,0
B2B03630,1,99,19,27,0,1767,25,11,1,74.52481304039227,Technology,11-50,1,1,0
B2B03631,0,499,20,18,4,21,5,4,1,86.93741679912885,Finance,1000+,1,0,0
B2B03632,0,1999,4,26,1,628,5,4,0,83.6920172589987,Retail,201-1000,2,1,0
B2B03633,0,499,10,15,5,177,50,33,1,88.01332081727425,Technology,201-1000,0,0,0
B2B03634,0,499,14,25,14,102,250,119,2,79.54366252665524,Healthcare,11-50,2,1,0
B2B03635,0,499,8,35,2,192,10,8,4,78.04009358292934,Healthcare,11-50,4,1,0
B2B03636,0,199,6,24,20,71,5,3,1,54.72092768943746,Other,1-10,2,1,0
B2B03637,1,199,1,26,6,3267,25,19,1,69.06816781650052,Healthcare,201-1000,2,1,0
B2B03638,0,499,19,28,2,116,10,9,2,94.88769817320065,Other,51-200,2,1,0
B2B03639,0,99,2,33,5,61,5,4,1,75.07201108387488,Healthcare,11-50,3,1,0
B2B03640,0,99,19,20,14,27,25,19,1,82.06392187592559,Other,11-50,0,0,0
B2B03641,0,499,22,33,0,424,5,2,3,96.87919789276282,Retail,11-50,1,1,0
B2B03642,0,499,4,37,6,1863,250,227,0,85.69722318972714,Finance,51-200,1,0,0
B2B03643,1,99,17,21,1,298,250,182,6,83.36654566723627,Healthcare,1-10,4,1,0
B2B03644,0,1999,7,20,3,7,25,10,2,94.24319478995706,Other,1000+,0,1,0
B2B03645,1,999,7,27,12,317,25,24,5,73.04693079689828,Retail,201-1000,2,1,0
B2B03646,0,1999,19,24,0,182,5,4,0,84.65685417970188,Technology,11-50,5,0,0
B2B03647,0,199,7,24,5,201,10,6,3,80.47975755917196,Other,1000+,4,0,0
B2B03648,0,99,10,16,1,105,5,2,2,75.97937280854377,Retail,1000+,2,1,0
B2B03649,0,199,5,26,0,1491,10,5,0,80.59597417091156,Healthcare,11-50,0,1,0
B2B03650,0,199,1,31,3,9,10,8,2,51.11937203048647,Retail,1000+,8,0,0
B2B03651,0,99,2,22,11,0,5,3,4,94.5978209750531,Healthcare,201-1000,0,0,0
B2B03652,0,499,11,26,20,10,50,40,0,63.44202201838288,Healthcare,1-10,2,1,0
B2B03653,0,99,13,24,3,51,5,3,0,68.36539845693595,Technology,51-200,7,0,0
B2B03654,1,199,7,22,6,1040,25,16,0,87.85772488794572,Finance,1-10,3,0,0
B2B03655,1,99,9,30,7,35,10,8,2,80.66251394458897,Retail,1-10,1,1,0
B2B03656,0,199,6,25,6,372,10,5,1,87.66171040001865,Healthcare,11-50,2,0,0
B2B03657,0,199,2,18,0,114,50,39,5,92.04022462824862,Finance,11-50,3,1,0
B2B03658,0,1999,15,24,1,508,10,5,0,77.21084193197682,Other,1-10,0,0,0
B2B03659,0,1999,11,20,7,1127,10,6,2,86.49282128152498,Other,51-200,4,0,0
B2B03660,1,499,7,30,5,282,5,4,1,90.11855298967487,Other,201-1000,2,1,0
B2B03661,0,499,1,34,6,433,10,9,0,73.22071532300941,Retail,201-1000,4,0,1
B2B03662,0,499,20,31,0,12,5,3,2,61.41492969617678,Other,51-200,1,1,0
B2B03663,0,99,10,21,4,206,5,2,2,84.67755671285188,Technology,51-200,3,0,0
B2B03664,0,99,1,26,9,92,250,226,0,80.078961374486,Technology,201-1000,1,0,0
B2B03665,0,499,21,24,4,1458,50,32,1,74.01161935517844,Technology,51-200,4,1,0
B2B03666,0,1999,11,26,17,41,250,159,0,96.07880627888306,Other,11-50,1,1,0
B2B03667,0,499,13,21,29,585,25,13,0,77.04812824621615,Technology,11-50,3,0,0
B2B03668,0,499,7,22,0,384,50,22,2,67.29058493217556,Healthcare,11-50,0,1,0
B2B03669,0,199,21,20,1,1353,10,6,0,87.54798466585875,Healthcare,1-10,1,1,0
B2B03670,0,199,4,19,9,80,5,2,0,98.17825022354054,Finance,1-10,2,0,0
B2B03671,1,99,4,29,6,1860,5,4,2,84.85283630121114,Technology,51-200,2,1,0
B2B03672,0,199,4,25,1,111,50,44,4,71.4474612345454,Other,11-50,3,1,0
B2B03673,0,499,21,25,8,0,50,35,2,89.05044171286609,Retail,11-50,1,1,1
B2B03674,1,99,1,11,1,582,25,20,2,95.52279047678412,Technology,11-50,2,0,0
B2B03675,0,499,22,17,10,62,50,31,1,94.29325565165794,Retail,11-50,1,1,0
B2B03676,0,999,1,21,2,14,5,3,1,87.90957038573892,Other,51-200,1,1,0
B2B03677,0,999,2,21,4,74,25,20,1,94.26320771737744,Retail,201-1000,4,1,0
B2B03678,0,199,11,24,1,29,5,3,1,88.14174596330923,Other,1-10,1,1,0
B2B03679,0,499,8,25,2,92,25,17,3,78.7673874620887,Healthcare,11-50,1,1,0
B2B03680,0,199,5,29,3,110,100,55,0,60.350735843540114,Healthcare,1-10,2,0,0
B2B03681,0,999,2,24,6,156,100,88,1,91.75643445436404,Retail,1000+,0,0,0
B2B03682,0,999,11,28,8,55,25,24,2,83.69218594193738,Retail,201-1000,0,1,0
B2B03683,0,199,6,28,2,40,100,95,1,81.61736724944963,Retail,201-1000,3,1,0
B2B03684,0,499,19,19,0,1342,25,18,5,69.54126938332362,Retail,11-50,1,1,0
B2B03685,0,999,15,26,1,403,10,8,2,83.43055415815529,Retail,1000+,0,1,0
B2B03686,0,199,9,36,0,1804,250,197,5,73.10311439178872,Healthcare,11-50,2,1,0
B2B03687,0,199,19,27,8,6,250,190,4,96.22579567567598,Finance,1000+,4,1,0
B2B03688,0,99,3,23,8,1323,5,3,3,77.89065625934154,Technology,11-50,2,1,0
B2B03689,0,199,35,15,21,31,50,40,2,85.38032729142118,Technology,51-200,1,1,0
B2B03690,0,999,17,16,15,3,25,12,0,74.54612461323586,Healthcare,201-1000,0,1,0
B2B03691,0,499,16,22,4,202,25,21,0,91.92314570441306,Other,11-50,2,1,0
B2B03692,0,99,7,28,28,66,5,3,0,76.75476369888557,Other,11-50,2,1,0
B2B03693,0,999,43,24,1,27,5,3,1,84.05870829726977,Retail,11-50,3,1,0
B2B03694,1,199,8,29,8,316,50,45,0,60.300955758261644,Healthcare,1-10,1,1,0
B2B03695,0,199,13,28,4,31,10,8,0,60.5237042270464,Technology,1-10,1,0,0
B2B03696,0,1999,18,25,4,525,25,17,2,72.39128417521174,Finance,51-200,4,1,0
B2B03697,0,499,17,28,20,7159,5,4,3,89.6030290674961,Retail,11-50,1,1,1
B2B03698,0,499,18,19,0,364,10,4,3,50.05947012693379,Finance,51-200,2,0,0
B2B03699,0,999,18,18,15,86,10,9,3,89.0929443038444,Healthcare,1000+,2,1,1
B2B03700,1,999,14,24,2,319,5,3,0,83.98391731309196,Technology,1-10,2,1,0
B2B03701,0,999,9,20,42,7,5,2,1,75.74150858640351,Retail,201-1000,2,1,0
B2B03702,1,99,16,30,4,1665,25,18,2,84.3074236394961,Technology,51-200,2,1,0
B2B03703,0,499,1,19,1,452,5,3,5,69.86910510770011,Finance,51-200,0,0,0
B2B03704,0,499,8,24,30,676,50,26,1,76.21057232551813,Finance,51-200,1,0,0
B2B03705,0,999,13,18,0,364,25,21,6,71.56438927519524,Retail,1-10,3,0,0
B2B03706,0,199,8,29,1,105,5,3,0,74.40487053193768,Technology,1000+,0,1,0
B2B03707,0,199,5,28,6,127,10,7,1,82.60228032387006,Technology,201-1000,3,1,0
B2B03708,0,99,22,25,5,440,25,24,2,70.33279473854124,Healthcare,1-10,1,1,0
B2B03709,1,199,21,34,9,428,5,2,1,69.65310366133895,Finance,51-200,0,1,0
B2B03710,0,199,16,24,4,82,25,15,1,95.24652161211826,Technology,1000+,1,1,0
B2B03711,1,99,18,25,9,742,10,6,4,62.7757999279475,Healthcare,51-200,3,1,0
B2B03712,0,1999,8,29,6,5,25,14,2,72.07958140163437,Other,11-50,2,1,0
B2B03713,1,99,15,28,0,154,5,2,3,63.504762565877556,Healthcare,11-50,4,1,0
B2B03714,0,199,6,34,4,69,5,2,3,87.43015490800957,Other,201-1000,2,1,0
B2B03715,0,499,20,24,5,44,50,20,5,67.57602945185988,Finance,11-50,4,1,0
B2B03716,0,99,3,29,5,58,100,42,0,40.62352371114461,Other,201-1000,1,1,0
B2B03717,1,499,11,23,18,290,10,8,1,94.06354293915278,Finance,1-10,2,1,0
B2B03718,0,199,6,29,3,679,5,3,2,71.10238076886094,Finance,201-1000,3,1,0
B2B03719,0,99,25,30,16,62,50,22,1,90.57707286524523,Technology,51-200,1,1,0
B2B03720,1,499,5,30,3,2492,5,4,1,93.09812555997829,Other,11-50,2,1,0
B2B03721,1,199,1,26,2,1080,5,4,0,67.38091421679054,Healthcare,1000+,2,1,0
B2B03722,0,499,3,25,5,8,5,3,2,53.23639988601594,Technology,11-50,4,1,0
B2B03723,0,499,1,19,2,435,5,4,2,92.05716293938583,Retail,201-1000,1,1,0
B2B03724,0,499,20,27,13,325,250,163,2,63.755831755699674,Retail,51-200,2,0,0
B2B03725,0,99,3,21,1,2352,25,13,1,59.0850710471161,Retail,51-200,2,1,0
B2B03726,0,99,4,28,6,29,5,4,4,90.38117383364253,Retail,51-200,4,1,0
B2B03727,1,199,5,27,7,13,5,4,0,68.85154966571365,Other,11-50,3,1,0
B2B03728,0,4999,7,24,11,250,50,26,3,96.14714588687679,Other,11-50,5,1,0
B2B03729,0,499,5,29,6,807,25,18,4,86.73806164197654,Technology,1000+,4,1,0
B2B03730,0,999,3,29,3,160,100,59,2,79.358662957751,Other,1000+,1,0,0
B2B03731,0,199,9,22,11,27,10,6,2,84.71294327348512,Healthcare,11-50,1,1,0
B2B03732,1,99,5,25,1,1946,10,7,0,83.68557410263938,Technology,11-50,1,1,0
B2B03733,1,199,1,24,12,3003,5,4,1,82.64565390230801,Finance,51-200,2,1,0
B2B03734,0,99,2,29,11,818,10,5,0,83.77144321592363,Retail,201-1000,2,1,0
B2B03735,0,99,14,19,4,48,10,4,1,57.830989518777024,Technology,201-1000,1,1,0
B2B03736,0,199,9,20,1,62,10,5,4,46.08015751525679,Other,1-10,0,1,0
B2B03737,0,99,10,29,12,221,10,5,0,89.75577532176028,Retail,11-50,1,0,0
B2B03738,0,4999,25,24,10,669,10,8,2,85.07380841915953,Finance,51-200,2,1,0
B2B03739,0,99,14,30,1,1023,5,4,0,75.72961496935731,Healthcare,1-10,2,1,1
B2B03740,0,499,37,25,2,20,25,18,0,72.14148606710478,Finance,11-50,2,0,0
B2B03741,0,1999,17,29,4,1468,10,9,0,69.30042040192617,Finance,1-10,3,1,0
B2B03742,0,99,3,25,3,53,10,5,3,92.45901710984984,Healthcare,51-200,1,1,0
B2B03743,0,499,18,21,1,991,5,2,5,70.69656905051758,Technology,1-10,3,0,0
B2B03744,0,99,18,29,4,60,25,13,3,47.31549880751538,Retail,51-200,2,1,0
B2B03745,0,199,7,35,3,1,10,5,0,82.19884831883796,Finance,1-10,4,1,0
B2B03746,0,199,8,33,21,3,10,6,2,81.51000030007397,Healthcare,201-1000,1,1,0
B2B03747,0,99,13,24,5,32,5,3,2,65.37332818635868,Technology,11-50,1,0,0
B2B03748,0,99,9,23,9,951,10,4,1,73.08686336507206,Healthcare,51-200,2,1,0
B2B03749,0,199,16,22,7,83,25,22,0,92.60351410160769,Retail,11-50,1,0,0
B2B03750,0,199,15,26,2,1316,10,9,2,70.4726947697196,Technology,1-10,1,1,0
B2B03751,0,999,26,26,2,3,5,3,2,75.58263074169297,Technology,11-50,4,0,0
B2B03752,0,99,4,24,8,89,10,6,0,81.84134876796443,Retail,1000+,1,1,0
B2B03753,0,999,6,26,8,164,10,7,1,90.08223011336882,Other,201-1000,2,0,0
B2B03754,0,499,11,28,8,31,5,2,1,92.54173810656604,Finance,51-200,2,1,0
B2B03755,0,99,14,19,12,110,50,34,2,82.37164747933977,Retail,1000+,3,1,0
B2B03756,0,199,20,24,7,15,5,4,0,81.5229192697245,Finance,1-10,1,1,0
B2B03757,0,499,4,23,11,440,25,21,4,78.40727359410981,Retail,201-1000,1,1,0
B2B03758,0,99,1,22,0,477,25,14,3,96.25545501409627,Retail,1-10,2,1,0
B2B03759,0,199,3,26,6,5177,5,4,3,92.55205138094351,Finance,11-50,4,0,0
B2B03760,0,999,16,28,1,16,25,15,2,42.17380579674958,Retail,51-200,2,1,0
B2B03761,0,199,21,24,9,232,250,245,2,36.53882577486089,Finance,1-10,4,0,0
B2B03762,1,199,15,19,2,970,5,3,3,83.0640446649062,Healthcare,11-50,3,1,0
B2B03763,0,99,7,29,41,138,10,7,1,69.98711416636517,Finance,201-1000,5,1,0
B2B03764,0,99,20,31,1,69,5,4,2,86.20145497913747,Healthcare,1-10,2,1,0
B2B03765,0,499,3,24,0,3532,250,242,0,94.20214086405487,Healthcare,51-200,2,1,0
B2B03766,0,999,60,28,2,93,100,88,1,89.05971762151287,Finance,201-1000,1,0,0
B2B03767,0,199,6,28,34,13,10,4,0,62.91447700236657,Retail,11-50,0,1,0
B2B03768,0,199,1,21,12,176,50,34,1,49.77126666843191,Other,1000+,1,1,0
B2B03769,0,99,3,30,1,9903,5,3,3,90.1021786885116,Finance,1-10,0,1,0
B2B03770,0,499,13,21,4,44,10,9,0,93.377883189125,Retail,1-10,7,0,0
B2B03771,0,199,3,28,0,202,100,98,4,71.31166818666223,Technology,1000+,3,1,0
B2B03772,0,99,1,24,14,53,5,4,4,96.53444538379671,Other,201-1000,3,1,0
B2B03773,0,99,46,29,1,1348,5,4,0,90.77716462428546,Finance,51-200,3,0,0
B2B03774,0,199,4,23,3,21301,5,2,5,80.31346301669309,Retail,11-50,1,1,0
B2B03775,0,99,2,23,4,45,5,4,2,71.59029910183692,Retail,1-10,0,1,0
B2B03776,0,199,4,31,0,1421,25,13,3,60.322142383432634,Finance,51-200,2,1,0
B2B03777,0,199,23,33,7,9439,5,4,1,46.15674574871526,Healthcare,51-200,2,1,0
B2B03778,0,99,19,21,6,152,10,8,0,69.21353915487185,Healthcare,51-200,4,1,0
B2B03779,0,99,21,22,15,134,5,2,0,87.54550062574897,Healthcare,1-10,1,1,0
B2B03780,0,199,18,20,6,59,5,3,2,74.98769856839236,Healthcare,11-50,4,1,0
B2B03781,0,99,4,22,3,104,25,11,0,64.33913053926713,Other,11-50,3,1,0
B2B03782,0,499,13,35,1,4,5,2,0,70.49602752108713,Retail,51-200,1,1,0
B2B03783,0,99,17,23,13,1270,100,78,3,47.79148452024674,Other,1000+,2,1,0
B2B03784,0,499,5,20,30,939,10,6,4,61.96118483713528,Other,201-1000,1,1,0
B2B03785,1,99,16,38,4,221,5,2,0,80.6914919533192,Finance,1-10,3,1,0
B2B03786,0,1999,16,20,1,325,25,22,0,86.1581550999478,Healthcare,1000+,0,0,0
B2B03787,0,99,13,34,6,13110,10,9,1,95.35616531173766,Retail,51-200,0,1,0
B2B03788,0,499,15,19,7,1,25,18,0,89.74106635095046,Technology,11-50,3,1,0
B2B03789,1,999,20,23,5,6569,50,40,3,65.60203242743005,Finance,11-50,1,0,0
B2B03790,1,499,9,25,23,67,10,4,1,95.03355686173883,Other,51-200,4,0,0
B2B03791,1,999,5,18,33,799,5,3,1,92.89325507275153,Other,51-200,0,1,0
B2B03792,1,99,12,23,3,48,100,90,2,76.43524208990021,Other,11-50,3,1,0
B2B03793,0,499,8,29,0,82,5,4,3,86.19984506241366,Other,201-1000,1,1,0
B2B03794,0,499,27,33,6,48,50,34,3,80.13923767962993,Finance,1000+,2,1,0
B2B03795,0,499,22,34,3,1109,100,60,1,90.28761299899959,Finance,1-10,3,1,0
B2B03796,1,99,10,27,6,1,100,52,0,87.3131229994198,Other,1000+,1,1,0
B2B03797,0,99,9,19,17,716,5,4,0,58.41120296406385,Technology,51-200,2,1,0
B2B03798,1,1999,17,18,2,2335,5,4,0,55.76525418666344,Technology,51-200,1,1,0
B2B03799,1,99,14,23,3,48,50,40,1,64.3870037788665,Retail,11-50,2,1,0
B2B03800,1,199,6,21,3,29,10,6,5,97.71785712452096,Healthcare,1-10,3,1,0
B2B03801,0,499,9,10,1,265,100,90,2,89.34024208472282,Healthcare,11-50,1,1,0
B2B03802,0,499,25,25,0,448,10,7,2,72.53319032956867,Retail,1000+,3,0,0
B2B03803,1,499,1,37,8,94,5,3,0,62.183371545069164,Technology,11-50,3,1,0
B2B03804,0,199,12,32,17,4377,50,23,2,84.44834061184413,Retail,51-200,2,0,0
B2B03805,0,999,3,27,3,272,100,41,3,91.04347584925821,Retail,51-200,3,1,0
B2B03806,1,199,19,21,4,1157,5,3,3,62.9131647778304,Retail,11-50,3,1,0
B2B03807,0,199,6,28,0,693,25,22,0,78.45968727560162,Technology,11-50,1,1,0
B2B03808,0,499,24,31,21,68,10,7,2,62.66864575469292,Healthcare,51-200,0,0,0
B2B03809,0,99,7,43,1,460,50,36,0,82.68426006106034,Finance,51-200,5,1,0
B2B03810,0,999,1,14,4,370,25,21,1,83.61730664303525,Other,51-200,2,1,0
B2B03811,0,99,20,22,6,503,5,4,3,76.70435376586842,Technology,51-200,1,1,0
B2B03812,1,199,8,20,6,176,10,5,2,68.52519250879523,Healthcare,51-200,2,0,0
B2B03813,1,499,1,29,24,496,5,3,2,75.33033494541755,Healthcare,11-50,0,0,0
B2B03814,0,499,16,21,19,648,25,16,2,70.52156273945889,Other,11-50,0,1,0
B2B03815,1,99,6,33,5,220,5,2,1,74.00112460469782,Finance,201-1000,3,1,0
B2B03816,0,499,6,28,5,147,5,4,1,73.33487552218416,Finance,11-50,1,0,0
B2B03817,1,4999,2,26,0,753,5,2,1,71.54029039555223,Finance,11-50,4,0,0
B2B03818,0,199,16,19,23,167,5,2,0,80.96076516176136,Other,11-50,2,1,0
B2B03819,0,1999,10,21,5,9337,5,4,2,85.50633650812894,Other,1-10,1,1,0
B2B03820,1,199,12,24,0,694,100,95,2,85.16146796744562,Healthcare,11-50,2,1,0
B2B03821,0,499,4,27,17,5,5,2,4,63.17264341817602,Other,51-200,1,1,0
B2B03822,0,99,24,19,5,32,10,6,2,76.56449630485773,Technology,1-10,4,1,0
B2B03823,0,199,29,24,2,169,5,4,3,90.55091796819028,Healthcare,1-10,0,0,0
B2B03824,0,1999,16,23,5,721,10,5,1,95.1641340395782,Finance,11-50,1,1,0
B2B03825,0,99,9,27,22,57,5,4,2,90.94774458680287,Finance,51-200,1,1,0
B2B03826,0,99,3,15,1,35,10,8,2,96.95829352093423,Other,1-10,3,0,0
B2B03827,1,1999,14,32,4,20581,25,14,4,68.4181399755728,Other,201-1000,0,1,0
B2B03828,0,99,5,26,9,893,10,6,2,66.14238803580346,Other,201-1000,6,1,0
B2B03829,0,199,13,24,3,612,100,94,0,85.58299420996234,Finance,201-1000,2,1,0
B2B03830,0,199,14,37,0,420,10,8,0,77.92819309089953,Other,201-1000,1,0,1
B2B03831,0,999,25,25,3,481,5,2,1,81.26274958297172,Other,51-200,3,1,0
B2B03832,0,99,10,21,3,9,5,3,2,76.67934852492047,Healthcare,11-50,1,1,0
B2B03833,0,99,36,32,3,95,100,66,1,90.0332679735117,Technology,201-1000,1,0,0
B2B03834,1,499,6,32,23,306,25,16,2,88.85614447778207,Retail,11-50,3,1,0
B2B03835,0,199,4,33,12,631,25,16,0,85.77902217411027,Technology,1-10,5,0,0
B2B03836,0,4999,4,31,20,1773,25,18,1,79.59212081957902,Other,51-200,4,1,0
B2B03837,1,1999,11,31,3,23,100,93,1,79.72200742825795,Healthcare,51-200,2,0,0
B2B03838,0,499,7,21,2,1625,10,7,1,72.30064148241505,Other,1-10,1,1,0
B2B03839,0,999,23,25,3,104,5,3,1,84.73021555789005,Other,51-200,6,1,0
B2B03840,1,199,6,25,4,144,25,19,1,88.53986414440055,Finance,11-50,0,0,0
B2B03841,0,199,7,25,1,1212,5,4,4,77.76865336924548,Healthcare,11-50,3,0,0
B2B03842,0,99,11,20,4,27,25,17,5,79.56127920519182,Retail,11-50,1,0,0
B2B03843,0,499,5,19,8,16,50,28,0,84.45235835417293,Technology,11-50,1,1,0
B2B03844,0,999,9,28,6,1306,10,9,2,55.9963237140797,Other,1000+,2,1,0
B2B03845,0,499,40,32,1,1363,10,5,2,82.05993724504674,Technology,1-10,5,0,0
B2B03846,0,199,1,35,1,8587,5,4,4,99.64913534547034,Other,11-50,0,1,0
B2B03847,0,199,6,20,10,332,5,4,1,72.80009832449524,Finance,1000+,2,1,0
B2B03848,0,499,6,23,0,80,10,4,2,92.67470469622867,Other,51-200,5,1,0
B2B03849,0,199,3,26,7,244,10,8,1,56.286299461174906,Technology,11-50,2,1,0
B2B03850,0,99,8,25,14,96,100,83,2,83.07649423000008,Other,201-1000,4,1,0
B2B03851,1,1999,4,25,17,62,5,2,3,62.26423179721413,Retail,201-1000,2,1,0
B2B03852,0,99,5,27,18,249,5,3,2,75.72970316363019,Finance,201-1000,2,0,0
B2B03853,0,99,5,31,15,311,5,2,1,72.0017377353981,Retail,201-1000,2,1,0
B2B03854,0,199,6,14,0,112,5,3,1,83.52829260911135,Healthcare,1-10,2,0,0
B2B03855,0,99,21,22,3,29,250,185,6,88.92772854037175,Retail,1-10,2,0,0
B2B03856,0,199,5,29,11,62,100,65,0,58.98633585807801,Finance,1-10,2,0,0
B2B03857,0,199,5,28,11,4610,25,24,2,83.60000888902199,Healthcare,11-50,2,1,0
B2B03858,1,99,9,23,1,28,5,4,3,76.19049879546824,Technology,51-200,2,1,0
B2B03859,0,199,9,23,1,97,5,3,1,84.52875266624989,Retail,11-50,0,1,0
B2B03860,0,199,40,29,9,310,25,15,1,76.6002617824165,Other,1-10,3,1,0
B2B03861,0,999,5,19,4,200,5,2,0,76.53033852527042,Healthcare,1000+,3,1,0
B2B03862,0,99,7,19,1,1939,10,6,4,74.67983705801193,Other,11-50,4,1,0
B2B03863,1,499,20,24,3,3635,5,3,1,79.22900312962798,Healthcare,1-10,3,0,0
B2B03864,1,199,33,21,15,566,5,4,3,62.83013998797065,Technology,1-10,1,1,0
B2B03865,0,199,27,20,18,79,10,7,0,86.70602297528292,Finance,1-10,3,0,0
B2B03866,0,99,10,23,8,230,10,7,1,87.26721075862744,Finance,11-50,0,0,0
B2B03867,0,99,6,24,5,4690,100,84,0,87.12604683399638,Other,11-50,1,1,0
B2B03868,0,99,7,21,5,17,5,4,1,90.4886291397755,Technology,51-200,4,1,0
B2B03869,0,99,8,26,2,658,10,6,0,65.86553007099906,Technology,1-10,1,1,0
B2B03870,0,199,10,28,1,639,100,45,1,84.9150289723556,Finance,1-10,4,1,0
B2B03871,0,199,21,33,8,6,50,40,0,75.86831730955768,Finance,201-1000,1,1,0
B2B03872,0,1999,2,29,0,2935,5,3,2,69.82586022552357,Healthcare,1-10,1,1,0
B2B03873,0,999,5,21,6,6432,50,20,0,80.00686932873332,Finance,51-200,1,1,0
B2B03874,1,99,29,26,2,27,5,4,1,73.042931309328,Other,201-1000,1,1,0
B2B03875,0,999,14,29,3,2537,250,158,5,96.67999727334772,Healthcare,11-50,2,1,0
B2B03876,0,999,7,25,1,526,10,8,0,95.48203656656834,Finance,11-50,2,0,0
B2B03877,0,499,4,28,14,410,50,22,1,82.03617567530316,Finance,51-200,2,1,0
B2B03878,0,499,12,24,4,187,5,3,3,90.28542735970649,Finance,201-1000,0,1,0
B2B03879,0,999,3,20,1,87,5,2,1,79.86095163066479,Other,11-50,2,1,0
B2B03880,1,99,6,22,3,10,10,8,1,73.16181313358102,Other,1-10,2,1,0
B2B03881,0,199,4,25,26,103,10,9,1,78.48744312663236,Retail,11-50,4,0,0
B2B03882,0,199,13,33,7,160,5,2,0,59.73624952249346,Technology,1-10,4,1,0
B2B03883,0,1999,21,25,2,85,10,6,0,46.50994736995774,Finance,11-50,3,1,0
B2B03884,0,999,18,18,0,8,25,11,3,64.61652004845065,Technology,51-200,1,1,0
B2B03885,0,99,13,15,1,2149,50,23,0,61.84070448709902,Healthcare,51-200,2,1,0
B2B03886,0,499,21,15,4,1189,25,11,1,63.43992404255984,Other,1000+,2,1,0
B2B03887,0,1999,17,29,10,18,10,6,0,64.03561254284509,Technology,51-200,2,1,0
B2B03888,0,499,6,27,2,1131,25,18,2,64.04577407450039,Finance,201-1000,2,1,0
B2B03889,0,199,24,26,0,320,100,98,0,41.73917703860974,Retail,11-50,3,1,0
B2B03890,0,199,12,22,1,1569,5,2,3,73.75014916229946,Technology,201-1000,2,1,0
B2B03891,0,99,17,25,6,12,10,7,0,47.38916765307431,Finance,51-200,3,0,0
B2B03892,0,499,26,25,8,29,10,5,4,79.73545410765503,Technology,1-10,0,1,0
B2B03893,0,199,26,30,1,2198,5,4,0,65.12388342233278,Technology,51-200,1,1,0
B2B03894,0,199,4,24,1,208,5,4,0,95.66875358415878,Healthcare,51-200,1,1,0
B2B03895,0,999,11,29,2,1772,5,2,4,80.93021594894392,Technology,11-50,0,1,0
B2B03896,0,99,9,32,10,13,5,2,0,82.2443256619636,Healthcare,201-1000,0,1,0
B2B03897,0,99,18,19,15,48,10,8,4,92.61581771399395,Technology,11-50,4,1,0
B2B03898,0,99,20,15,3,295,10,6,1,82.55600278416169,Healthcare,11-50,0,0,0
B2B03899,0,499,14,26,2,292,50,39,1,68.26205893588784,Other,11-50,3,0,1
B2B03900,0,199,10,26,9,156,5,4,1,71.9735163991292,Healthcare,201-1000,1,1,0
B2B03901,1,99,4,23,17,100,10,5,0,67.03972345825152,Other,1-10,1,0,0
B2B03902,0,999,11,39,5,402,5,3,2,66.34899144228747,Healthcare,11-50,0,1,0
B2B03903,1,999,15,26,3,106,5,3,0,81.0571744349964,Retail,1-10,1,0,0
B2B03904,1,199,2,26,23,558,5,3,1,71.2447835049972,Technology,11-50,2,1,0
B2B03905,0,99,8,16,14,505,5,2,1,38.61856509769535,Technology,1-10,2,1,0
B2B03906,0,1999,25,28,0,3,250,237,3,93.4502467752312,Other,1-10,1,0,0
B2B03907,0,99,14,24,6,56,10,4,3,91.52986230032859,Healthcare,51-200,1,1,0
B2B03908,1,499,4,24,20,1325,5,4,0,75.91437412274904,Retail,51-200,1,1,0
B2B03909,0,99,11,22,9,59,10,9,0,50.7713958090537,Healthcare,11-50,2,1,0
B2B03910,1,1999,24,24,5,417,5,2,2,52.69759768943929,Finance,1-10,2,0,0
B2B03911,0,999,26,18,7,4041,25,16,0,79.7990499545592,Retail,51-200,3,1,0
B2B03912,1,499,4,30,3,100,25,19,1,82.8653124380942,Healthcare,1-10,2,1,0
B2B03913,0,99,5,24,1,102,5,4,1,87.14190000375123,Finance,51-200,1,1,0
B2B03914,1,99,9,18,11,104,5,4,0,80.07110294101233,Healthcare,51-200,0,1,0
B2B03915,0,199,3,33,1,70,50,39,0,52.328456026691725,Technology,1-10,0,1,0
B2B03916,0,99,8,21,9,987,250,121,5,70.64012299001895,Retail,1-10,2,1,0
B2B03917,0,199,8,26,0,1215,5,4,0,98.62693721067527,Technology,1000+,2,0,0
B2B03918,0,999,9,30,13,379,10,8,2,78.80739078844019,Healthcare,1-10,0,1,0
B2B03919,0,499,8,22,41,142,25,16,0,94.69395900738155,Other,1000+,3,1,0
B2B03920,0,4999,12,25,3,2,250,141,6,75.3636366780805,Finance,11-50,2,1,0
B2B03921,0,499,3,33,2,101,25,11,1,63.77123365453545,Other,11-50,4,1,0
B2B03922,0,99,5,26,6,104,25,20,3,67.251265228303,Other,201-1000,3,1,0
B2B03923,0,1999,12,25,14,46,5,3,1,75.92156726987803,Finance,11-50,2,0,0
B2B03924,0,199,14,28,2,1620,100,49,2,84.77219145813734,Healthcare,201-1000,3,1,0
B2B03925,1,99,19,25,13,17,10,4,0,96.5583851706806,Retail,1-10,3,0,0
B2B03926,0,199,5,23,12,247,25,16,4,88.29187013130787,Technology,201-1000,1,1,0
B2B03927,0,99,9,20,2,1197,10,5,1,86.20176884339887,Healthcare,1-10,5,1,0
B2B03928,0,199,1,25,4,52,5,3,1,71.68792175008339,Finance,51-200,1,0,0
B2B03929,0,999,7,22,5,173,10,7,0,76.34189435174022,Technology,1-10,0,1,0
B2B03930,0,999,13,22,2,11,100,85,3,69.11251902745192,Technology,1000+,1,1,0
B2B03931,0,199,16,20,6,16,25,15,0,76.35112875322896,Finance,11-50,1,0,0
B2B03932,0,99,9,21,1,1891,100,52,2,75.53551790006884,Other,11-50,0,1,0
B2B03933,0,499,13,26,13,441,25,19,3,89.21291078808657,Finance,201-1000,2,1,0
B2B03934,0,999,21,22,2,73,100,63,0,52.075591414958666,Finance,1000+,4,0,0
B2B03935,0,199,14,20,3,14641,5,2,1,68.7848284700054,Other,11-50,2,1,0
B2B03936,0,999,16,22,14,964,10,6,0,89.70970606241386,Other,11-50,1,0,0
B2B03937,0,99,13,34,8,174,5,2,1,82.0970322821761,Healthcare,11-50,4,1,0
B2B03938,0,499,8,20,2,353,10,4,0,60.392807082373544,Retail,51-200,2,1,0
B2B03939,0,1999,8,23,6,47,10,9,1,73.30335711735299,Healthcare,1-10,3,1,0
B2B03940,0,499,11,18,20,206,25,23,0,73.57994723640724,Other,11-50,3,1,0
B2B03941,0,199,3,17,3,1,10,4,1,55.7235934988049,Technology,1000+,1,1,0
B2B03942,0,99,5,27,2,42,100,55,1,58.489996338297466,Retail,201-1000,3,0,0
B2B03943,0,999,14,31,21,127,5,3,2,61.09474898762544,Retail,51-200,1,1,0
B2B03944,1,199,9,30,1,320,5,4,0,78.2449603589775,Technology,201-1000,2,1,0
B2B03945,1,199,1,33,4,358,5,3,1,84.78660096466363,Finance,1-10,3,1,0
B2B03946,0,199,5,26,0,801,5,4,4,86.8628412985021,Other,1-10,2,1,0
B2B03947,0,999,12,18,1,29,10,4,2,83.30800049788762,Finance,11-50,2,1,0
B2B03948,0,199,12,24,3,288,25,10,3,81.81872525758945,Other,11-50,1,1,0
B2B03949,0,199,11,23,0,46,10,6,0,62.94965900400731,Finance,11-50,1,1,0
B2B03950,0,499,3,24,2,2249,50,24,0,97.03374359529697,Finance,1-10,1,0,0
B2B03951,0,99,9,28,11,8,50,26,0,97.21031769380765,Finance,51-200,2,1,0
B2B03952,0,199,7,22,6,252,10,6,0,89.51694058726983,Healthcare,1-10,0,1,0
B2B03953,1,999,8,25,8,49,50,37,2,98.67804648144565,Technology,1000+,0,1,0
B2B03954,1,199,15,23,4,416,25,21,0,71.44062796637654,Retail,1-10,3,1,0
B2B03955,0,99,17,31,3,144,10,5,2,94.3939956242016,Healthcare,11-50,1,1,0
B2B03956,0,99,10,26,0,77,10,9,3,80.48070724224497,Finance,51-200,2,0,0
B2B03957,0,199,13,17,31,1344,10,7,2,64.20722850861425,Technology,201-1000,6,1,0
B2B03958,1,999,11,28,4,14,10,9,0,81.9501975878615,Technology,201-1000,3,1,0
B2B03959,0,999,14,26,0,23,25,15,6,95.59313632035533,Healthcare,11-50,3,1,0
B2B03960,0,199,21,24,11,1168,10,4,3,85.93391175223364,Technology,1-10,0,1,0
B2B03961,0,1999,9,20,20,206,100,60,4,69.93942619914641,Healthcare,11-50,0,1,0
B2B03962,0,99,21,20,6,1100,5,3,0,94.58746481773909,Finance,11-50,4,0,0
B2B03963,0,199,14,27,17,98,5,2,4,28.09583543391514,Finance,51-200,1,1,0
B2B03964,1,499,11,24,3,164,25,17,1,53.57591992808401,Technology,11-50,1,1,0
B2B03965,0,499,31,26,7,11462,100,86,0,73.1354612261077,Technology,201-1000,1,1,0
B2B03966,0,199,11,21,22,11,25,15,0,61.26891806108795,Finance,1-10,2,1,0
B2B03967,1,99,35,25,2,37,5,2,2,83.69342481878054,Other,51-200,1,1,0
B2B03968,0,499,12,26,1,29,5,2,2,83.53509686144764,Healthcare,1000+,3,1,0
B2B03969,1,199,4,19,7,330,100,52,2,80.73309210828607,Finance,1-10,2,1,0
B2B03970,0,199,13,32,9,365,5,4,6,88.110475456764,Other,51-200,2,0,0
B2B03971,0,199,12,27,5,37,5,3,1,81.01033874568103,Retail,11-50,3,0,0
B2B03972,0,99,4,24,6,26,5,4,1,66.92777877985385,Retail,1000+,0,1,0
B2B03973,0,499,27,28,9,1377,10,4,2,86.25972980586788,Healthcare,11-50,4,1,0
B2B03974,0,199,21,32,9,69,10,4,2,74.02442204670584,Healthcare,1000+,1,1,0
B2B03975,0,99,6,20,3,32,5,2,2,86.1684317588094,Other,51-200,3,1,0
B2B03976,0,99,12,22,2,245,5,4,2,70.88322501608967,Finance,11-50,3,1,0
B2B03977,0,1999,2,23,8,7,5,3,3,77.43476741222482,Technology,51-200,3,1,0
B2B03978,1,199,15,18,8,1101,5,4,5,73.20613849839523,Retail,51-200,1,1,0
B2B03979,0,999,11,24,9,141,5,4,0,62.00746439020277,Healthcare,11-50,4,1,0
B2B03980,0,199,11,18,0,37,10,4,1,50.28063763645464,Other,1000+,2,1,0
B2B03981,0,199,19,36,3,176,25,14,1,73.78735378562098,Other,11-50,3,1,0
B2B03982,0,1999,35,19,6,2736,25,22,1,93.33547091862206,Retail,11-50,2,0,0
B2B03983,0,499,28,23,0,235,10,7,0,90.71537945415707,Healthcare,51-200,5,1,0
B2B03984,0,199,17,29,1,99,5,4,0,89.1675135309211,Retail,201-1000,3,0,0
B2B03985,0,99,5,25,2,91,250,147,2,91.47510028714686,Healthcare,201-1000,4,0,0
B2B03986,0,999,14,24,4,50,250,239,2,77.91292918542459,Technology,201-1000,0,1,0
B2B03987,0,999,1,23,3,171,50,23,0,90.87769092612601,Retail,11-50,0,1,0
B2B03988,0,999,12,21,1,13,5,4,0,92.13044824158939,Healthcare,1000+,3,1,0
B2B03989,0,199,20,25,0,519,10,6,1,70.49605284878342,Finance,11-50,3,1,0
B2B03990,0,99,7,30,5,465,5,2,0,96.0299403044806,Finance,201-1000,1,1,0
B2B03991,0,99,19,36,1,4,50,46,0,77.80999833222408,Retail,1-10,1,1,0
B2B03992,0,499,16,27,7,1,25,20,1,92.61377196474373,Finance,11-50,1,0,0
B2B03993,0,499,17,20,5,242,10,6,1,79.32639666136816,Healthcare,11-50,1,1,0
B2B03994,0,99,12,23,3,320,5,3,2,80.49937648499879,Finance,201-1000,3,1,0
B2B03995,0,199,7,25,0,5,100,84,2,89.80598094122556,Finance,51-200,0,1,0
B2B03996,0,199,6,28,4,47,5,3,4,94.96652130478273,Retail,11-50,0,1,0
B2B03997,1,99,4,33,8,13,5,4,3,83.39414166004008,Retail,11-50,1,1,0
B2B03998,0,99,13,25,12,102,10,4,4,70.68257655677816,Retail,201-1000,2,1,0
B2B03999,1,99,27,36,0,183,25,13,2,88.97071510478416,Other,51-200,1,1,0
B2B04000,0,499,9,15,0,109,10,9,0,84.65971220740374,Other,1-10,1,1,0
B2B04001,0,999,5,30,1,37,10,4,0,82.22067761108721,Healthcare,201-1000,2,1,0
B2B04002,1,99,15,27,36,2841,5,4,1,69.0979519147311,Other,1-10,0,1,0
B2B04003,1,199,2,22,5,1500,25,22,4,83.3411835043101,Retail,11-50,2,0,0
B2B04004,0,4999,18,19,2,2854,10,6,3,68.3584581034578,Healthcare,1000+,1,1,0
B2B04005,1,199,10,33,2,1060,25,22,2,68.06258011908906,Other,1-10,2,0,0
B2B04006,0,999,5,25,5,293,100,81,1,62.371673705035136,Other,201-1000,2,1,0
B2B04007,0,999,7,32,0,371,250,197,0,63.3577823602252,Finance,11-50,2,1,0
B2B04008,0,1999,7,27,8,2382,25,14,3,77.24430244362478,Healthcare,1000+,3,1,0
B2B04009,0,499,16,30,27,118,100,92,1,64.95392138100736,Technology,1-10,1,1,0
B2B04010,0,99,15,17,6,192,25,16,3,97.33576164735894,Retail,11-50,2,1,0
B2B04011,0,499,5,24,0,56,10,4,0,82.83824847995008,Other,201-1000,2,1,0
B2B04012,0,99,18,31,3,11,5,4,1,84.78068309109429,Healthcare,51-200,2,0,0
B2B04013,0,99,1,32,8,0,5,2,0,78.498218198643,Technology,11-50,3,1,0
B2B04014,0,99,5,20,0,71,50,36,3,61.70192161365413,Finance,51-200,5,1,0
B2B04015,0,99,17,23,10,360,5,2,3,83.14297681409838,Other,1-10,0,1,0
B2B04016,0,99,9,17,7,18,10,9,3,91.58597878793393,Healthcare,1-10,0,1,0
B2B04017,0,99,21,21,0,328,5,4,1,77.9178932365596,Technology,11-50,1,0,0
B2B04018,0,1999,10,22,0,4007,25,21,0,86.3277790775626,Finance,1-10,2,1,0
B2B04019,0,499,3,26,7,1121,10,4,1,81.97703536152085,Finance,11-50,0,1,0
B2B04020,0,99,9,21,8,602,5,3,2,80.52617066815047,Retail,1-10,1,1,0
B2B04021,0,99,15,27,2,74,25,13,0,43.639992621789695,Technology,51-200,1,1,0
B2B04022,0,99,16,27,1,37,10,9,2,74.03997712689238,Technology,1000+,2,1,0
B2B04023,0,199,41,25,8,610,50,22,1,93.92271720565365,Technology,51-200,1,1,0
B2B04024,1,199,31,27,3,33,50,21,1,76.03780158006926,Technology,11-50,2,1,0
B2B04025,0,99,10,23,1,6,50,49,1,58.04824067034773,Healthcare,1000+,1,0,0
B2B04026,1,999,3,24,8,1437,25,15,0,88.42596548145593,Finance,1-10,1,1,0
B2B04027,0,199,20,32,0,69,5,2,3,79.91230473853237,Other,51-200,1,1,0
B2B04028,0,99,13,32,7,71,25,22,0,86.47935774381475,Retail,1000+,1,1,0
B2B04029,0,199,12,22,3,1196,5,3,1,89.5273035242374,Finance,11-50,2,1,0
B2B04030,0,499,17,20,0,1472,10,4,3,82.87963180947513,Technology,51-200,1,1,0
B2B04031,1,99,6,34,1,11,50,48,1,79.58582160284067,Other,11-50,7,1,0
B2B04032,0,199,19,28,4,47,5,4,3,85.77199219650957,Technology,11-50,1,1,0
B2B04033,0,999,4,25,8,355,5,2,1,72.0749453236627,Healthcare,11-50,4,1,0
B2B04034,0,4999,17,34,7,25,25,15,0,96.56757179661301,Retail,51-200,4,1,0
B2B04035,1,199,5,34,7,45,10,7,2,48.57417140861916,Other,1000+,2,1,0
B2B04036,0,1999,10,13,18,44,50,21,0,98.62846944541907,Retail,11-50,2,1,0
B2B04037,0,99,2,24,8,167,50,26,3,47.48610157524971,Healthcare,11-50,4,1,0
B2B04038,0,199,15,23,13,835,25,21,0,91.87901527217662,Finance,11-50,1,1,0
B2B04039,0,199,2,21,3,1384,10,8,0,93.76820409513108,Healthcare,201-1000,1,1,0
B2B04040,0,4999,9,27,7,1003,5,2,1,69.58518042232654,Finance,51-200,1,1,0
B2B04041,1,99,9,31,3,265,10,4,0,84.75627347183307,Retail,201-1000,2,0,0
B2B04042,0,199,6,25,9,593,250,228,0,73.50670173209602,Other,51-200,1,1,0
B2B04043,0,99,20,26,6,568,5,4,0,93.69391252478451,Technology,1-10,1,1,0
B2B04044,1,1999,21,23,5,9,5,2,0,92.6747502344563,Technology,201-1000,2,1,0
B2B04045,0,199,3,21,7,5345,25,17,1,86.53470009116705,Healthcare,51-200,3,0,0
B2B04046,0,499,5,21,15,21,10,8,6,90.80712472769724,Other,11-50,1,0,0
B2B04047,0,499,30,32,3,62,25,12,0,75.04626537722287,Retail,51-200,2,1,0
B2B04048,0,499,6,16,2,328,5,2,0,73.51117991306772,Retail,1-10,5,0,0
B2B04049,1,99,4,23,15,1155,50,47,2,82.12311943193178,Healthcare,201-1000,1,0,0
B2B04050,0,99,7,17,3,148,5,3,2,89.92030357575386,Healthcare,11-50,2,0,0
B2B04051,0,199,12,24,1,352,100,64,1,95.95004969767957,Finance,51-200,4,0,0
B2B04052,0,999,7,30,8,120,25,18,0,77.97344469320146,Other,201-1000,4,1,0
B2B04053,1,1999,6,29,0,1613,10,5,0,70.45659135999274,Retail,11-50,2,1,0
B2B04054,1,99,3,35,0,144,10,6,2,94.09549272357518,Technology,201-1000,1,1,0
B2B04055,0,1999,15,25,5,25997,5,3,4,78.7031013363984,Finance,51-200,3,0,0
B2B04056,0,199,18,19,0,21,10,4,5,83.49235259443661,Retail,11-50,1,1,1
B2B04057,1,99,13,28,3,8,100,68,1,63.01118777563601,Finance,51-200,3,1,0
B2B04058,0,99,4,20,12,191,10,6,1,63.95087037005478,Healthcare,11-50,0,1,0
B2B04059,0,99,7,18,3,956,50,48,0,96.0991706812857,Other,1000+,0,1,0
B2B04060,0,199,25,29,3,459,10,8,1,66.82007687691073,Finance,201-1000,2,1,0
B2B04061,1,4999,39,28,7,174,10,9,2,54.143048189452124,Finance,11-50,1,1,0
B2B04062,1,199,2,31,12,23,5,2,0,84.90754623892617,Other,1-10,0,1,0
B2B04063,1,199,8,29,5,1,5,3,0,72.00223473033599,Technology,201-1000,0,0,0
B2B04064,1,199,23,30,1,40,5,3,2,62.361290403695016,Technology,51-200,5,1,0
B2B04065,0,199,3,23,4,128,25,21,3,60.04299695132557,Other,51-200,1,1,0
B2B04066,0,499,12,39,0,344,5,3,2,54.88960822459058,Other,51-200,5,1,0
B2B04067,0,199,9,29,2,1784,50,48,3,74.21490911462017,Retail,1-10,1,1,0
B2B04068,0,199,19,33,0,203,10,4,6,80.60475261277928,Finance,11-50,7,1,0
B2B04069,1,199,7,26,7,22,25,19,1,88.52004282205488,Finance,51-200,1,1,0
B2B04070,0,99,7,22,2,31,5,2,0,95.9408630107253,Finance,1000+,3,1,0
B2B04071,0,99,36,29,17,2808,5,4,4,82.5137203649008,Healthcare,11-50,5,1,0
B2B04072,1,499,5,21,14,47,25,20,0,85.41485867562177,Other,1-10,1,1,0
B2B04073,0,199,23,22,3,50,50,38,0,67.85142938956513,Other,201-1000,0,1,0
B2B04074,1,199,13,19,2,2885,50,38,0,90.13809374181511,Finance,11-50,3,1,0
B2B04075,0,99,12,28,6,203,5,4,2,89.38185113129934,Other,11-50,1,1,1
B2B04076,0,99,2,34,1,49,25,13,0,80.49337983881159,Technology,1-10,4,0,0
B2B04077,0,499,12,23,13,531,5,4,5,77.19821065962495,Retail,1-10,2,1,0
B2B04078,0,999,2,34,2,165,25,10,3,98.05990219774299,Other,201-1000,1,1,0
B2B04079,0,99,26,18,3,115,25,20,3,55.9089255977928,Other,1-10,0,1,0
B2B04080,0,499,3,21,8,17,50,49,0,80.15707912315189,Healthcare,51-200,4,0,0
B2B04081,1,199,6,30,4,635,25,11,3,80.50703744026025,Other,1-10,5,1,0
B2B04082,1,99,1,29,9,13743,5,3,1,80.43442512596283,Technology,51-200,5,1,0
B2B04083,0,99,27,25,4,0,5,4,3,96.86890739849316,Technology,11-50,3,1,0
B2B04084,0,499,4,24,9,279,50,38,1,92.56826093107748,Retail,1-10,3,1,0
B2B04085,0,999,18,29,3,1450,50,21,0,94.14865945213934,Healthcare,1000+,0,1,0
B2B04086,0,99,1,26,0,356,10,7,2,80.46171166821546,Finance,1000+,4,1,0
B2B04087,1,99,7,17,1,22,50,40,2,28.69469812237753,Retail,51-200,4,0,0
B2B04088,0,99,9,23,4,435,5,2,3,94.03027679818481,Retail,51-200,1,1,0
B2B04089,0,99,18,20,11,487,10,7,1,97.29526907905527,Finance,1-10,2,0,1
B2B04090,0,999,3,26,0,493,250,201,0,73.57937615422945,Technology,11-50,3,1,0
B2B04091,0,4999,35,22,4,429,5,2,4,73.9819554809334,Technology,1-10,3,0,0
B2B04092,0,199,14,21,7,2376,25,10,1,83.7645671385548,Finance,201-1000,3,1,0
B2B04093,1,199,13,28,1,9898,5,2,0,96.80960039744835,Technology,11-50,3,1,0
B2B04094,0,1999,25,27,7,2327,5,3,0,93.22001658013156,Other,51-200,0,1,0
B2B04095,1,999,1,22,6,15,5,4,4,88.666638769305,Technology,11-50,1,0,0
B2B04096,0,499,6,29,15,641,10,6,5,92.96625519395508,Technology,1-10,0,0,0
B2B04097,0,99,2,33,10,12,5,4,0,72.22795966814607,Other,1000+,3,1,0
B2B04098,0,4999,1,26,4,4412,5,4,6,78.22769243742897,Finance,11-50,4,0,0
B2B04099,1,199,14,13,1,310,5,2,3,79.43321871492024,Finance,11-50,4,1,0
B2B04100,0,499,17,20,1,47,10,5,1,91.04364084596827,Other,1-10,3,0,0
B2B04101,0,499,18,25,0,245,25,16,1,69.87178505300523,Other,1000+,2,1,0
B2B04102,0,199,2,25,3,101,50,29,0,86.92626038215306,Finance,1-10,1,1,0
B2B04103,0,999,5,25,0,0,5,2,0,53.56580340809784,Other,11-50,3,1,0
B2B04104,1,199,14,26,9,379,100,54,0,86.38676919418131,Retail,1000+,1,0,0
B2B04105,0,99,4,25,4,85,10,8,1,46.65225798958127,Finance,11-50,2,0,0
B2B04106,1,199,15,27,7,169,50,26,0,84.46620690259716,Finance,51-200,1,1,0
B2B04107,0,999,1,18,0,346,50,22,1,83.65188473935646,Technology,11-50,1,1,0
B2B04108,0,999,43,17,29,177,5,2,1,83.58325322960364,Other,51-200,2,1,0
B2B04109,0,199,4,29,8,90,10,8,1,81.18728715978104,Technology,201-1000,1,0,0
B2B04110,0,1999,9,20,17,27604,5,3,3,86.25296924804732,Finance,1-10,1,1,0
B2B04111,0,99,2,24,0,278,5,3,3,71.62250786791996,Technology,11-50,1,1,0
B2B04112,0,199,16,36,1,18,100,55,3,86.41997325666335,Retail,11-50,5,1,0
B2B04113,0,199,12,23,0,13,5,3,0,90.16237212429832,Other,1000+,1,1,0
B2B04114,1,499,5,24,0,323,25,18,2,80.38614765964127,Retail,11-50,2,0,0
B2B04115,0,99,5,16,3,1893,50,28,1,59.25094282941479,Retail,11-50,2,1,0
B2B04116,1,99,2,33,5,3269,5,3,2,51.21143900746583,Retail,51-200,3,1,0
B2B04117,0,99,17,22,6,518,250,126,2,91.39553464861193,Finance,1000+,5,0,0
B2B04118,0,1999,10,37,6,12,50,42,4,67.08860960430918,Other,51-200,1,1,0
B2B04119,0,99,4,21,3,15,5,2,2,86.01860510703459,Retail,201-1000,1,1,0
B2B04120,0,1999,22,30,3,394,100,93,0,86.98025999061812,Retail,201-1000,2,1,0
B2B04121,0,1999,21,24,10,111,5,3,0,79.14064067514983,Retail,201-1000,3,0,0
B2B04122,0,99,3,30,2,1193,250,181,0,94.69464877695987,Finance,11-50,1,1,0
B2B04123,0,499,12,19,3,2014,10,5,0,87.45743134965645,Healthcare,1-10,3,1,0
B2B04124,1,1999,23,23,0,77,250,164,4,81.20122298313564,Healthcare,51-200,3,0,0
B2B04125,0,999,15,25,26,240,5,4,6,44.37246886787759,Retail,201-1000,0,1,0
B2B04126,0,199,2,24,3,9,5,4,3,77.3095021604287,Technology,201-1000,3,0,0
B2B04127,0,4999,23,21,8,769,250,170,0,62.63991255910393,Technology,11-50,2,1,0
B2B04128,0,499,4,28,11,146,10,5,0,87.16482614850425,Retail,51-200,1,1,0
B2B04129,0,199,3,26,1,53,100,78,3,80.3580502040613,Healthcare,11-50,0,1,0
B2B04130,0,499,23,30,0,94,25,22,0,77.84626072261622,Other,1000+,0,1,0
B2B04131,0,99,9,26,1,63,100,71,3,80.16023369021845,Healthcare,1-10,4,1,0
B2B04132,0,999,26,21,10,10,5,3,1,83.95152386494037,Other,11-50,1,0,0
B2B04133,1,499,7,20,2,9,5,3,1,89.23728493131141,Healthcare,1-10,3,1,0
B2B04134,0,99,28,24,6,33,5,3,2,85.14953188146025,Healthcare,1000+,1,1,1
B2B04135,0,199,17,29,13,19258,5,2,6,85.54354270242267,Technology,1000+,2,1,0
B2B04136,0,1999,3,33,0,13,5,4,1,70.94375298903444,Finance,1000+,0,1,0
B2B04137,0,499,8,25,6,113,5,4,1,73.78831770411811,Other,51-200,0,1,0
B2B04138,0,499,12,27,6,205,5,3,1,61.507705750249485,Finance,1000+,0,1,0
B2B04139,1,999,14,26,1,140,10,8,2,73.97760413457219,Healthcare,11-50,4,1,0
B2B04140,0,999,8,22,15,439,5,4,0,47.992052846842185,Other,51-200,0,0,0
B2B04141,1,499,9,18,14,54,5,4,0,97.87620967401355,Retail,11-50,3,1,0
B2B04142,0,99,14,21,2,267,25,16,2,84.01072522418396,Other,1-10,2,1,0
B2B04143,0,999,32,13,4,292,5,4,0,82.40567458138901,Retail,1-10,2,1,0
B2B04144,1,999,17,23,16,390,100,80,0,66.32435279308145,Finance,11-50,2,1,0
B2B04145,1,199,8,26,8,23,100,62,2,70.380651611179,Finance,11-50,3,1,0
B2B04146,0,199,4,21,1,11,5,2,2,87.52356146020959,Healthcare,11-50,2,1,0
B2B04147,0,999,3,31,20,434,5,2,4,86.32293252439234,Healthcare,1-10,2,1,0
B2B04148,0,499,1,29,2,414,100,52,1,73.24256083807612,Retail,201-1000,4,0,0
B2B04149,0,99,12,24,3,64,10,8,2,80.07835303648316,Retail,11-50,3,1,0
B2B04150,0,999,11,25,1,188,10,5,1,77.66093324656403,Other,51-200,4,1,0
B2B04151,1,499,15,23,5,836,10,7,2,76.20324749317066,Technology,11-50,2,0,0
B2B04152,0,199,3,29,18,127,10,7,2,92.59446736709386,Other,51-200,1,1,0
B2B04153,0,199,8,24,2,12,5,3,3,74.4612705609245,Other,51-200,1,1,0
B2B04154,1,99,13,34,15,147,10,8,0,85.38874535115653,Healthcare,51-200,2,1,0
B2B04155,0,99,28,24,5,71,5,4,1,63.61929318377012,Retail,201-1000,2,0,0
B2B04156,0,4999,9,27,5,1071,5,2,0,80.61457349654813,Retail,11-50,3,0,0
B2B04157,0,199,24,33,5,9,50,24,2,85.23353468155946,Technology,1000+,7,1,0
B2B04158,0,499,8,22,1,82,50,24,0,79.05344761075162,Technology,11-50,3,1,0
B2B04159,1,499,1,27,2,3,25,21,2,67.38572945014266,Technology,1-10,2,1,0
B2B04160,0,199,22,23,13,32,10,8,1,80.08480083409204,Healthcare,51-200,1,1,0
B2B04161,0,199,15,28,3,743,5,3,0,64.95215476370055,Healthcare,51-200,1,1,0
B2B04162,1,199,9,29,0,4841,5,4,5,81.61575332989472,Other,1-10,3,1,1
B2B04163,0,99,9,24,3,65,25,11,3,73.20872400456847,Other,1000+,5,0,0
B2B04164,0,99,6,32,3,27,5,3,1,91.87555134930257,Other,1-10,2,0,0
B2B04165,0,199,8,23,24,11,5,2,4,89.3586676287437,Finance,51-200,2,1,0
B2B04166,0,499,17,20,7,736,25,15,4,92.673963155111,Other,11-50,0,1,0
B2B04167,0,99,3,20,5,168,50,44,0,54.431178787511016,Finance,1-10,0,1,0
B2B04168,0,199,13,26,40,858,10,4,2,78.80957800028634,Finance,11-50,1,1,0
B2B04169,0,99,10,23,15,47,10,8,2,75.02307100117582,Healthcare,1000+,1,1,0
B2B04170,1,199,18,20,25,796,5,2,0,62.46347686837325,Technology,1000+,3,1,0
B2B04171,1,199,9,33,1,57,5,4,0,92.8189279843378,Retail,11-50,2,0,0
B2B04172,0,999,6,23,1,1167,10,4,0,94.14898118653865,Other,11-50,2,0,0
B2B04173,1,999,7,27,4,3,5,4,0,82.57604109294667,Retail,51-200,1,1,0
B2B04174,0,999,41,26,7,14,5,3,2,68.49926916392879,Healthcare,1000+,0,1,0
B2B04175,0,1999,10,19,4,205,100,97,0,91.93574582542362,Healthcare,51-200,3,1,0
B2B04176,0,199,2,25,2,4215,25,11,1,80.60961562530416,Healthcare,11-50,3,1,0
B2B04177,0,99,16,32,1,1388,5,4,1,74.17419019166594,Other,51-200,1,1,0
B2B04178,0,999,7,22,11,920,10,9,3,96.07703692760361,Other,11-50,1,1,1
B2B04179,0,199,10,24,7,196,50,45,1,85.57279334309615,Technology,11-50,1,1,0
B2B04180,0,1999,31,33,2,2127,250,232,0,92.4372856312066,Other,51-200,1,1,1
B2B04181,0,99,1,35,8,6,10,5,3,97.42412737898431,Healthcare,201-1000,1,0,0
B2B04182,0,99,19,27,15,1,5,4,0,75.0047060189327,Other,1-10,1,1,0
B2B04183,0,999,18,25,0,4,5,3,2,68.10550502457568,Finance,11-50,2,1,0
B2B04184,1,199,27,20,3,148,10,6,1,85.51853129609664,Other,51-200,3,1,0
B2B04185,0,999,31,23,13,795,5,4,1,66.2248742019749,Finance,11-50,0,1,0
B2B04186,0,199,10,29,1,594,100,41,0,78.15176132533418,Other,51-200,1,0,0
B2B04187,1,499,5,27,7,541,5,4,4,56.481966785417605,Retail,51-200,5,0,0
B2B04188,0,1999,16,31,9,1812,5,3,0,73.61925546014713,Technology,11-50,5,1,0
B2B04189,0,99,7,21,0,91,5,4,3,83.76123873393352,Healthcare,1000+,2,0,0
B2B04190,0,99,12,28,6,34,5,2,0,94.62291482448485,Finance,11-50,4,0,0
B2B04191,0,499,37,25,12,8,10,7,0,70.74128002773801,Technology,1-10,1,1,0
B2B04192,0,499,41,27,2,92,5,3,0,33.073420231262254,Technology,201-1000,2,1,0
B2B04193,0,499,12,28,10,253,5,3,2,56.897464298422484,Other,201-1000,1,0,0
B2B04194,0,199,30,26,2,107,10,8,4,91.96506766208908,Other,51-200,5,0,0
B2B04195,0,499,12,22,4,298,5,2,3,87.3098580673904,Technology,11-50,5,1,0
B2B04196,0,99,1,31,1,16,5,4,3,84.93176804844278,Healthcare,201-1000,0,1,0
B2B04197,0,99,17,26,0,20,10,8,2,90.84975113537588,Technology,11-50,1,1,0
B2B04198,0,199,1,30,6,155,10,9,0,77.99086587261115,Retail,1-10,3,0,0
B2B04199,1,99,8,30,6,341,10,6,1,79.50127276871456,Finance,1-10,2,1,0
B2B04200,0,99,2,22,6,170,5,3,2,65.50533059597726,Retail,1-10,1,1,0
B2B04201,0,199,25,22,0,623,25,10,1,56.03231820530071,Retail,1-10,0,1,0
B2B04202,0,99,7,37,7,24,50,32,3,61.60755675114533,Finance,201-1000,1,1,0
B2B04203,0,499,11,24,0,180,5,3,2,76.21103073931435,Healthcare,51-200,5,1,0
B2B04204,0,199,6,20,7,14748,100,53,0,54.035296281749666,Healthcare,1-10,3,0,0
B2B04205,0,499,11,24,33,46,5,4,2,74.07726467930587,Technology,1000+,0,1,0
B2B04206,0,499,20,27,5,3048,5,3,5,77.58508529851545,Finance,11-50,4,1,0
B2B04207,0,99,13,39,2,925,5,4,3,49.3091172373979,Healthcare,11-50,0,1,0
B2B04208,0,99,10,37,11,11,5,4,0,67.0148172817027,Other,1-10,4,1,0
B2B04209,0,999,35,28,12,353,5,2,0,90.52131163118096,Other,201-1000,2,1,0
B2B04210,0,199,33,22,4,47,100,57,1,57.31169032753943,Technology,51-200,2,1,0
B2B04211,0,999,21,23,0,34,10,8,0,83.75074268801686,Other,11-50,2,1,0
B2B04212,0,199,13,30,6,7494,5,4,2,78.34944235129078,Healthcare,1-10,1,1,0
B2B04213,0,1999,7,27,1,8,50,46,2,71.13300954042806,Technology,11-50,0,1,0
B2B04214,0,999,2,25,6,405,50,48,1,88.89825781525857,Other,1-10,1,1,0
B2B04215,0,1999,8,29,10,27,10,6,0,86.0449495804726,Technology,11-50,3,0,0
B2B04216,0,499,17,23,1,6,5,2,2,68.99464564773012,Other,1-10,4,0,0
B2B04217,1,1999,34,24,0,3,10,9,5,94.2204038418966,Technology,51-200,1,0,0
B2B04218,0,199,23,30,1,3521,50,32,0,83.10513646735583,Healthcare,11-50,2,1,0
B2B04219,0,499,8,25,4,334,50,32,3,70.90945653314238,Finance,11-50,3,0,0
B2B04220,0,99,13,21,21,1,50,24,4,45.32248698336229,Retail,1-10,4,1,0
B2B04221,0,999,22,21,10,202,5,3,0,34.42149676949073,Other,51-200,2,1,0
B2B04222,0,99,12,27,15,747,5,3,1,72.74311639793233,Healthcare,1-10,1,1,0
B2B04223,0,199,14,29,33,1111,50,48,0,69.39176574615712,Finance,1000+,0,1,0
B2B04224,0,499,9,27,0,2288,50,39,2,88.87747260038469,Retail,11-50,4,0,0
B2B04225,0,499,15,29,1,3,5,4,0,76.08827846153345,Other,11-50,4,1,0
B2B04226,0,499,9,15,10,252,50,26,1,61.74000465370557,Other,11-50,3,1,0
B2B04227,0,4999,2,26,7,178,100,98,0,89.43202704372291,Healthcare,11-50,0,0,0
B2B04228,0,999,9,31,0,18,5,3,6,91.83428992475434,Technology,1-10,3,1,0
B2B04229,0,199,13,25,4,3,10,4,6,91.90360612763678,Other,51-200,2,1,0
B2B04230,0,199,23,35,3,14,5,3,2,84.91297896516825,Finance,11-50,2,1,0
B2B04231,1,199,13,33,0,756,5,3,0,61.783173098118326,Retail,1-10,1,1,0
B2B04232,1,999,27,21,14,178,5,4,0,65.39005455038723,Other,11-50,4,0,0
B2B04233,1,99,20,38,0,27,25,19,1,88.29842975966943,Healthcare,201-1000,2,0,0
B2B04234,0,99,9,33,0,572,50,45,0,86.72092213153311,Retail,11-50,0,1,0
B2B04235,0,99,7,23,2,1474,5,4,1,88.56727634604069,Healthcare,11-50,3,0,0
B2B04236,1,199,14,28,11,11,100,42,2,61.20974729476386,Healthcare,11-50,3,0,0
B2B04237,1,199,7,27,16,270,5,3,2,74.33841131710885,Technology,51-200,1,1,0
B2B04238,0,99,24,29,1,528,25,20,0,98.01989177581493,Finance,51-200,1,1,0
B2B04239,0,499,2,24,28,56,250,121,3,66.60447106707477,Other,1000+,0,0,0
B2B04240,1,199,15,23,0,3023,10,7,0,96.52513415465947,Finance,1-10,5,1,0
B2B04241,0,499,13,22,0,15,10,7,1,77.71208020674658,Healthcare,51-200,3,1,0
B2B04242,0,199,13,22,14,13,10,8,2,84.72160236213192,Technology,1-10,3,1,0
B2B04243,1,199,12,22,2,75597,25,10,2,69.47928746769735,Other,1000+,2,1,0
B2B04244,0,99,21,27,0,659,50,25,0,78.01676723240895,Other,11-50,0,1,0
B2B04245,0,499,10,29,13,5,25,17,2,76.14407906668275,Other,1000+,1,1,0
B2B04246,0,499,22,34,16,36,100,85,1,88.03180321023109,Finance,1-10,1,1,0
B2B04247,1,499,18,24,5,486,10,7,0,80.15120948964027,Other,11-50,4,0,0
B2B04248,0,499,9,16,8,70,5,4,2,89.9732811350725,Retail,1-10,1,1,0
B2B04249,0,99,5,23,3,61,5,2,0,56.57082508964201,Finance,201-1000,2,1,1
B2B04250,0,999,19,22,4,37,10,5,0,80.75099048237412,Finance,51-200,0,1,0
B2B04251,0,99,47,25,1,63,250,109,3,70.0039707589109,Finance,1-10,2,1,0
B2B04252,1,999,6,15,3,1,5,2,5,64.47421679482567,Retail,11-50,1,1,0
B2B04253,0,499,23,38,11,417,5,2,0,77.20589102028747,Healthcare,11-50,2,0,1
B2B04254,0,499,32,23,15,3211,10,8,1,85.95406012833274,Retail,11-50,2,0,0
B2B04255,0,499,30,23,0,205,5,2,0,29.093275631262188,Technology,51-200,1,1,0
B2B04256,0,199,14,29,10,19,50,45,3,44.625771075852334,Healthcare,11-50,3,1,0
B2B04257,0,999,7,22,3,7,10,7,1,85.02001449525702,Other,1-10,3,1,0
B2B04258,0,199,9,14,4,3253,5,2,3,60.366775375060925,Healthcare,11-50,5,1,0
B2B04259,0,999,8,24,50,15,250,106,0,85.74192551719993,Retail,51-200,0,1,0
B2B04260,0,4999,18,32,1,168,25,17,3,83.37529888488002,Finance,201-1000,3,1,0
B2B04261,0,4999,9,28,4,14491,5,2,3,67.5147789349574,Retail,201-1000,2,1,0
B2B04262,0,99,18,27,5,118,5,2,0,88.62294353361825,Retail,1-10,0,1,0
B2B04263,1,999,10,25,0,0,10,6,1,90.830856192757,Retail,1000+,3,1,0
B2B04264,0,99,13,25,1,397,5,2,3,81.35902995756798,Healthcare,201-1000,3,1,0
B2B04265,0,199,2,25,9,1250,10,4,3,67.71969907544697,Technology,11-50,1,1,0
B2B04266,0,1999,3,32,8,10,10,7,0,75.81484319158517,Other,1000+,2,1,0
B2B04267,0,199,15,33,5,1030,10,8,2,98.28301475759115,Retail,51-200,3,1,0
B2B04268,0,99,18,25,5,6413,5,4,4,76.74530145332972,Other,11-50,5,1,0
B2B04269,0,999,10,29,13,18,100,63,5,92.57094314193624,Finance,1-10,2,0,1
B2B04270,0,499,9,18,0,1697,50,20,0,80.58809667032347,Retail,51-200,0,0,0
B2B04271,0,99,1,22,1,751,25,19,2,94.79899597450428,Finance,1000+,5,1,0
B2B04272,0,99,9,23,1,456,10,7,6,73.46903678571013,Other,1-10,2,1,0
B2B04273,1,199,34,20,7,185,100,41,4,93.05950804434526,Healthcare,11-50,1,1,0
B2B04274,0,999,1,26,14,479,100,86,4,62.54984395400055,Other,1-10,2,0,0
B2B04275,0,199,13,31,6,25,10,6,0,82.0671114183707,Technology,11-50,1,1,0
B2B04276,1,499,16,20,10,190,25,14,2,62.13235228636695,Other,51-200,3,0,0
B2B04277,0,999,10,21,2,60,10,4,2,45.099380208077896,Finance,51-200,2,1,0
B2B04278,1,1999,11,26,4,67,5,2,1,84.55923672793067,Finance,1-10,4,1,0
B2B04279,0,999,8,21,1,80,10,6,0,67.45913085365017,Technology,51-200,0,1,0
B2B04280,0,499,10,24,6,27,10,4,1,79.15814369255223,Other,1-10,3,0,0
B2B04281,0,199,4,15,1,279,50,48,1,66.46602441796048,Healthcare,11-50,4,0,0
B2B04282,0,199,12,18,5,18,10,4,2,91.04504514462573,Retail,201-1000,3,1,0
B2B04283,0,99,9,17,0,139,5,2,2,88.43274101378019,Retail,11-50,3,1,0
B2B04284,0,99,4,31,2,13,10,8,2,65.71695808318795,Finance,1-10,3,1,0
B2B04285,0,199,16,21,8,484,5,2,1,91.88593302552157,Healthcare,201-1000,5,1,0
B2B04286,0,99,8,30,2,22,10,4,2,99.13519978652177,Retail,1000+,4,0,0
B2B04287,0,99,1,16,5,2930,5,3,4,82.79774534310114,Technology,1000+,4,1,0
B2B04288,0,199,4,28,7,3621,25,11,1,94.54291992518606,Retail,201-1000,1,0,0
B2B04289,0,999,11,25,0,61,250,237,4,75.12807042764423,Technology,1000+,1,0,0
B2B04290,0,99,6,23,4,4646,10,9,0,47.670832561753535,Retail,1-10,3,0,0
B2B04291,0,99,19,30,3,148,5,3,0,78.74933133128984,Retail,11-50,0,0,0
B2B04292,0,999,11,18,1,120,50,41,2,55.118844777960895,Other,1-10,1,1,0
B2B04293,0,1999,19,31,1,6,5,3,2,90.29026255412614,Healthcare,11-50,2,1,0
B2B04294,1,499,23,23,5,61,5,3,0,78.11480345105993,Healthcare,51-200,1,1,0
B2B04295,0,99,13,18,10,186,5,3,3,87.97219546321126,Technology,51-200,1,1,0
B2B04296,0,199,24,18,0,430,5,4,2,87.48218744187913,Other,11-50,3,1,0
B2B04297,0,499,13,30,4,3926,10,4,1,83.42191415944994,Finance,11-50,1,1,0
B2B04298,0,999,12,24,23,16,25,16,2,83.41744251297493,Finance,51-200,4,1,0
B2B04299,0,99,16,19,11,48,5,4,0,68.95409808551646,Healthcare,11-50,0,1,0
B2B04300,1,499,3,24,7,485,250,213,2,83.48896853434027,Healthcare,1-10,2,1,0
B2B04301,1,1999,36,18,0,416,5,3,1,80.2668380850316,Technology,51-200,1,0,0
B2B04302,0,199,4,28,4,799,5,2,1,52.74743178730833,Technology,201-1000,3,1,0
B2B04303,1,99,9,35,0,159,25,23,1,73.91886846575308,Healthcare,201-1000,3,1,0
B2B04304,0,999,7,27,9,357,5,4,3,69.32774777624907,Other,1-10,2,1,0
B2B04305,0,99,18,30,13,22,10,7,0,55.652722130780916,Other,1-10,1,1,0
B2B04306,0,199,7,27,13,278,5,2,1,96.3426150298478,Technology,51-200,8,1,0
B2B04307,0,999,4,22,1,12,5,4,4,84.08675640163924,Finance,51-200,1,1,0
B2B04308,0,999,11,19,6,90,5,4,4,55.88879050332607,Healthcare,1-10,1,0,0
B2B04309,0,1999,7,28,2,38,5,2,5,68.31248641360982,Other,1000+,1,1,0
B2B04310,0,1999,4,27,3,192,5,3,0,93.1606420830844,Finance,1000+,1,1,0
B2B04311,0,999,7,25,3,97,25,15,1,78.58679459400102,Retail,11-50,2,0,1
B2B04312,0,199,14,30,0,16,5,4,0,61.483137831668344,Technology,1-10,3,0,0
B2B04313,0,199,22,24,2,268,5,2,6,82.92550668213639,Finance,1000+,0,0,0
B2B04314,0,99,37,23,2,368,25,15,2,97.15943813897717,Technology,1-10,0,1,0
B2B04315,0,199,2,29,4,643,5,4,2,91.9406203372413,Technology,1-10,3,0,0
B2B04316,0,499,9,24,12,5,5,4,1,58.393245631917665,Other,1000+,3,1,0
B2B04317,1,199,13,28,1,907,5,4,0,88.72872969125777,Finance,1-10,1,1,0
B2B04318,0,99,30,35,4,514,10,5,3,70.55770638960377,Healthcare,11-50,1,1,0
B2B04319,0,499,11,28,7,92,10,6,2,72.08832092799064,Retail,11-50,1,1,0
B2B04320,0,499,1,29,14,105,25,17,3,56.90887800259655,Finance,11-50,1,0,0
B2B04321,1,99,4,26,8,28,100,43,4,64.04173878031455,Finance,201-1000,0,1,0
B2B04322,1,99,15,30,22,75,5,4,0,71.98501958373474,Other,11-50,1,0,0
B2B04323,1,1999,13,25,0,59,25,22,1,84.02756850886765,Other,51-200,0,1,0
B2B04324,0,99,17,23,11,1492,10,6,1,72.89904731777568,Retail,1000+,2,1,0
B2B04325,0,999,1,20,10,14,10,6,3,75.46943646401095,Finance,11-50,2,0,0
B2B04326,1,99,2,27,33,7838,5,3,2,67.76591647960967,Other,51-200,2,1,0
B2B04327,1,199,6,30,14,20523,5,3,0,93.85385351607779,Healthcare,1000+,3,1,0
B2B04328,0,99,8,27,1,33,10,8,1,84.38093161926665,Retail,51-200,2,1,0
B2B04329,1,499,2,21,1,146,5,2,3,76.81275684543238,Healthcare,201-1000,2,1,0
B2B04330,1,499,39,24,0,272,25,10,4,85.1071180601575,Finance,11-50,2,0,0
B2B04331,0,99,9,15,3,26,5,2,3,75.69449058273746,Retail,201-1000,0,1,0
B2B04332,1,4999,13,25,1,4,5,4,0,73.22321708517373,Retail,11-50,2,0,0
B2B04333,0,99,17,17,27,7,10,4,0,93.80460900375468,Finance,201-1000,1,1,0
B2B04334,0,1999,10,26,1,19,25,24,0,80.77620708669937,Retail,11-50,1,1,0
B2B04335,0,999,4,18,4,7562,5,3,1,79.29822687993784,Technology,1-10,3,1,0
B2B04336,1,99,2,23,3,193,10,8,0,94.63692691222626,Other,11-50,3,1,0
B2B04337,0,199,10,29,5,813,25,14,2,85.83902173991966,Healthcare,1-10,2,1,0
B2B04338,1,999,3,16,17,82,50,42,0,85.86987059833604,Technology,1-10,0,1,0
B2B04339,0,199,18,33,3,31,100,58,0,89.06946868077104,Retail,1000+,1,0,1
B2B04340,0,1999,4,25,9,93,100,41,0,87.5194081056979,Retail,1-10,0,0,0
B2B04341,0,199,11,34,3,36,5,4,3,92.59048039809078,Other,11-50,4,1,0
B2B04342,0,999,3,27,7,98,25,14,5,65.15739997375421,Technology,11-50,5,0,0
B2B04343,0,499,21,19,23,447,10,9,2,90.93495684894829,Other,201-1000,0,1,0
B2B04344,0,499,4,27,22,94,25,22,2,61.809688769696905,Healthcare,11-50,2,0,0
B2B04345,0,199,8,24,9,23,5,2,0,88.8377044241457,Healthcare,11-50,1,1,0
B2B04346,0,499,20,23,1,5,25,13,1,87.36566927103483,Technology,201-1000,1,1,0
B2B04347,1,199,1,27,5,266,25,19,0,62.928789657685215,Finance,11-50,3,0,0
B2B04348,0,499,4,24,8,996,25,15,3,90.80855461241373,Finance,51-200,4,1,0
B2B04349,0,199,8,26,5,104,25,13,0,77.02119520283898,Retail,11-50,1,0,0
B2B04350,0,99,17,25,5,1654,10,5,1,93.04595760923553,Healthcare,11-50,3,1,0
B2B04351,0,99,9,28,12,23,10,7,0,85.81271028389821,Retail,1-10,1,0,1
B2B04352,0,199,10,25,7,54,5,3,2,56.14613128207464,Other,11-50,4,1,0
B2B04353,1,199,3,21,2,58,25,23,1,81.69843767161305,Healthcare,1-10,5,1,0
B2B04354,0,199,6,25,11,12,50,25,1,39.20676276187838,Retail,1-10,3,1,0
B2B04355,0,99,16,32,10,52,10,7,0,77.946275304554,Other,1-10,2,1,0
B2B04356,0,499,13,24,3,2,5,2,0,92.32232211228698,Finance,201-1000,2,1,0
B2B04357,1,199,14,39,3,3137,5,4,0,82.99711773363916,Finance,51-200,1,0,0
B2B04358,1,499,14,22,3,559,25,17,2,65.72670601738186,Healthcare,11-50,2,1,0
B2B04359,0,499,14,29,5,47,10,4,3,88.65558073639704,Finance,1-10,3,1,1
B2B04360,1,99,5,34,4,148,10,7,1,49.90577179152573,Technology,51-200,2,0,0
B2B04361,0,199,5,23,1,20,50,31,0,93.3110805180211,Healthcare,11-50,3,1,0
B2B04362,1,499,25,20,6,23,5,4,0,76.90730342267763,Retail,1-10,1,1,0
B2B04363,0,499,18,20,0,36,100,76,3,67.84352743869103,Other,51-200,1,0,0
B2B04364,0,1999,7,23,0,30,10,7,3,87.33514184011945,Finance,51-200,6,0,0
B2B04365,0,199,34,28,11,6,10,4,0,76.04438803676507,Other,1-10,3,1,0
B2B04366,0,499,9,29,11,850,250,239,1,79.3611972513199,Finance,1-10,4,1,0
B2B04367,0,999,8,21,14,194,5,3,0,84.93718034631925,Healthcare,11-50,3,1,0
B2B04368,0,499,22,20,7,44,5,4,0,90.5416135191481,Other,1-10,2,1,0
B2B04369,0,499,11,26,0,428,5,3,0,89.23286996935713,Technology,201-1000,3,1,0
B2B04370,0,199,12,22,4,1550,10,9,2,81.55751845897781,Other,1000+,2,1,0
B2B04371,0,199,15,37,11,1249,5,4,2,75.07936219823735,Retail,11-50,4,1,0
B2B04372,0,499,14,22,4,389,5,2,1,73.29921398128086,Technology,11-50,2,1,0
B2B04373,0,499,24,16,0,7,25,21,3,71.4819489144584,Finance,51-200,2,1,0
B2B04374,0,1999,32,24,1,21,100,40,0,59.95903743798699,Other,11-50,1,1,0
B2B04375,0,99,7,16,13,8,25,17,0,84.50905167350766,Retail,1000+,3,1,0
B2B04376,0,199,21,27,9,656,10,5,5,79.61965711926233,Finance,51-200,4,1,0
B2B04377,1,99,11,25,3,450,10,4,3,67.46115953647876,Healthcare,1-10,2,0,0
B2B04378,0,499,10,28,1,128,25,21,0,85.11134203083655,Healthcare,51-200,2,1,0
B2B04379,0,99,25,26,1,22,5,3,0,87.70224348819153,Technology,11-50,1,1,0
B2B04380,1,999,29,25,2,1399,5,4,2,84.51167871196526,Technology,1-10,2,1,0
B2B04381,0,99,19,34,7,73,100,53,0,90.91536395927965,Healthcare,201-1000,2,1,0
B2B04382,0,199,5,22,3,288,5,3,0,78.50067322130673,Retail,51-200,2,1,0
B2B04383,0,199,6,25,13,123,5,3,2,77.68965891433037,Finance,51-200,1,1,0
B2B04384,1,199,4,20,9,23,25,11,0,75.51578605143887,Finance,11-50,2,1,0
B2B04385,1,199,5,27,34,147,10,7,1,64.36967305701543,Technology,11-50,2,0,0
B2B04386,0,199,2,31,13,2,10,8,0,66.28883630855358,Other,51-200,3,1,0
B2B04387,0,499,22,21,2,262,10,9,0,92.77545536136745,Finance,1-10,2,1,0
B2B04388,0,99,3,25,3,41,5,3,0,65.33886931029946,Technology,1-10,1,1,0
B2B04389,0,99,9,31,4,94,5,4,0,64.7897286717749,Finance,201-1000,0,1,0
B2B04390,0,999,1,17,9,550,5,4,2,58.943098676982174,Finance,201-1000,4,0,0
B2B04391,0,4999,5,19,0,524,5,2,1,80.20680261430537,Technology,1-10,0,1,0
B2B04392,0,1999,13,19,1,205,25,13,0,91.2723794397845,Other,11-50,1,1,0
B2B04393,0,999,9,19,2,1095,50,40,3,69.13761882676367,Retail,1-10,1,0,0
B2B04394,0,99,18,21,9,442,25,22,3,80.18054193616011,Healthcare,201-1000,1,0,0
B2B04395,0,1999,14,14,5,292,100,49,2,70.65635862870036,Other,1-10,2,1,0
B2B04396,0,1999,4,26,1,3614,10,8,0,64.56930703087427,Finance,11-50,4,1,0
B2B04397,1,99,1,26,0,398,50,45,1,68.05619057640452,Retail,51-200,4,1,0
B2B04398,0,1999,19,16,0,42,10,9,0,69.88384862010182,Retail,1000+,1,0,0
B2B04399,0,999,14,37,18,1037,5,3,2,91.34483362945045,Finance,1000+,3,0,0
B2B04400,0,499,18,20,2,9,5,3,2,90.57114764784122,Healthcare,201-1000,1,0,0
B2B04401,0,999,9,29,8,5,5,2,2,37.44435585252342,Other,11-50,1,1,0
B2B04402,1,999,13,32,31,14,25,15,2,41.70888121877528,Finance,11-50,0,0,0
B2B04403,0,99,9,25,1,104,50,20,4,84.96903277946366,Healthcare,201-1000,0,0,0
B2B04404,0,999,13,27,9,2,5,4,0,77.58880593435434,Finance,51-200,2,1,0
B2B04405,0,499,10,38,15,305,5,2,0,87.05490832576072,Other,11-50,2,1,1
B2B04406,1,999,9,27,9,3213,5,4,1,59.28515993998005,Retail,1000+,1,0,0
B2B04407,0,99,3,31,3,108,5,3,0,83.19490456692303,Retail,51-200,2,0,0
B2B04408,0,99,12,29,5,14,5,4,1,64.56316454861167,Retail,11-50,4,1,0
B2B04409,0,1999,13,19,2,151,5,4,0,62.876662993750024,Retail,51-200,0,1,0
B2B04410,0,199,13,18,6,45,50,23,0,75.65037620386175,Healthcare,11-50,1,1,0
B2B04411,0,999,9,28,0,49,50,32,2,92.21705731049164,Finance,201-1000,2,1,0
B2B04412,0,999,20,22,1,36,50,31,1,84.3108968835178,Healthcare,51-200,2,1,0
B2B04413,0,999,6,20,5,213,5,4,1,90.51762722733568,Other,11-50,2,1,0
B2B04414,1,999,5,21,8,101,10,9,2,81.53002469280511,Healthcare,51-200,3,0,0
B2B04415,0,99,11,33,0,441,25,16,1,89.05593231324221,Other,51-200,2,1,0
B2B04416,0,999,25,29,4,76,5,3,0,86.02150338919822,Finance,51-200,0,0,0
B2B04417,0,199,9,24,5,6662,10,5,5,88.56869278864927,Finance,1-10,0,0,0
B2B04418,1,999,1,22,0,171,50,26,2,95.00913217986363,Finance,51-200,1,1,0
B2B04419,0,999,8,30,13,71,5,4,4,72.81474631458512,Other,1000+,3,1,0
B2B04420,1,199,16,31,2,131,5,2,0,86.01625959541678,Finance,1-10,3,1,0
B2B04421,0,99,6,29,0,373,100,59,0,73.44507798893119,Other,1000+,2,1,0
B2B04422,0,199,1,26,7,357,10,8,0,51.8532778882997,Other,201-1000,0,1,0
B2B04423,0,199,15,19,2,409,10,5,0,68.3832556292975,Other,11-50,0,0,1
B2B04424,0,499,18,20,13,859,5,2,1,81.50153453444635,Other,11-50,2,1,0
B2B04425,0,499,14,28,8,90,5,4,0,77.5835842978914,Technology,1-10,1,0,0
B2B04426,0,99,12,21,8,261,50,42,4,89.13905220292808,Technology,1-10,4,1,0
B2B04427,0,199,2,27,2,357,100,48,5,79.58475225688211,Retail,51-200,2,1,0
B2B04428,1,999,7,27,14,13,10,8,2,89.08489217554904,Retail,51-200,1,1,0
B2B04429,0,99,8,25,0,2180,5,3,1,84.84583554703946,Other,51-200,0,1,0
B2B04430,0,199,25,22,3,161,10,7,0,87.24527788909356,Finance,51-200,2,1,0
B2B04431,0,199,8,22,2,35,5,3,1,85.91087195874138,Finance,1-10,2,0,0
B2B04432,0,199,8,33,1,2140,25,14,3,89.62994936984136,Technology,51-200,1,1,0
B2B04433,0,199,4,27,8,5284,10,9,1,67.81178834039227,Healthcare,51-200,2,1,0
B2B04434,0,499,23,22,1,10,25,20,1,62.98602148128509,Healthcare,201-1000,1,1,0
B2B04435,0,999,1,18,9,40,5,4,1,97.52699937715968,Retail,1-10,0,1,0
B2B04436,0,99,5,21,7,56,50,38,0,89.03703683899887,Other,1000+,3,1,0
B2B04437,1,99,9,22,3,203,10,6,5,79.70601428159897,Retail,201-1000,2,1,0
B2B04438,0,199,11,23,2,1122,10,6,3,82.3497192549426,Finance,11-50,0,1,0
B2B04439,0,199,32,27,7,80,5,4,0,92.39315099203463,Other,51-200,0,1,0
B2B04440,0,999,9,31,1,158,100,67,0,49.15776872606668,Retail,11-50,1,1,0
B2B04441,0,199,26,20,4,6,50,35,0,80.76022228927474,Retail,51-200,4,1,0
B2B04442,0,199,23,20,1,49,5,2,1,53.22101453861846,Other,1000+,2,1,0
B2B04443,0,199,2,15,5,101,5,4,0,34.52667378177715,Finance,201-1000,2,1,0
B2B04444,0,99,11,22,7,1,10,4,4,89.6414572553668,Retail,11-50,4,1,0
B2B04445,0,999,9,27,2,121,100,46,0,69.69089486602589,Finance,11-50,2,1,0
B2B04446,0,999,14,21,5,22,50,37,1,83.33741299638035,Retail,11-50,2,1,0
B2B04447,0,99,20,32,8,24,50,38,0,55.582232807474504,Finance,1-10,3,0,0
B2B04448,0,199,6,24,6,145,10,5,1,65.7063702573528,Healthcare,1000+,1,0,0
B2B04449,0,199,13,24,13,67,25,24,0,78.85521097256274,Finance,1000+,3,1,0
B2B04450,0,499,9,33,3,334,5,2,4,57.45607701746036,Healthcare,11-50,1,1,0
B2B04451,0,499,6,33,0,22148,10,5,0,84.52529157983084,Other,51-200,4,1,0
B2B04452,1,99,32,31,4,387,5,4,1,35.96747822071492,Retail,11-50,4,1,0
B2B04453,1,99,19,20,0,109,100,77,5,53.24509281121716,Other,51-200,2,1,0
B2B04454,0,199,7,20,17,10,100,47,4,65.14444617229987,Finance,1-10,3,1,0
B2B04455,0,99,8,30,0,10,10,7,3,87.55650988342234,Healthcare,1000+,1,1,0
B2B04456,0,199,2,22,6,199,10,4,1,84.82742591147563,Healthcare,51-200,1,1,0
B2B04457,0,199,3,25,1,116,100,87,3,50.030627979226814,Other,51-200,1,1,0
B2B04458,1,99,4,38,0,1309,5,2,2,80.87092654591947,Other,201-1000,2,1,0
B2B04459,0,1999,7,18,7,17,10,9,2,84.5751671566037,Finance,51-200,2,1,0
B2B04460,0,999,15,28,14,319,50,27,0,94.45590170971244,Technology,11-50,1,1,0
B2B04461,0,199,16,19,7,586,5,4,0,55.0910388020294,Healthcare,1-10,1,1,0
B2B04462,0,199,12,21,1,21,25,24,4,75.79335355859216,Finance,201-1000,5,1,0
B2B04463,0,199,2,32,1,14,5,2,1,86.0094106530952,Technology,1000+,0,1,0
B2B04464,0,499,13,23,7,87,5,3,1,77.6817403541388,Technology,51-200,0,1,0
B2B04465,0,99,21,18,16,122,10,9,0,98.49660700052479,Healthcare,1-10,3,1,0
B2B04466,0,99,1,28,9,91,10,7,0,48.26612825272358,Retail,11-50,1,1,0
B2B04467,0,499,8,25,0,34,25,23,6,85.48239723067871,Finance,11-50,1,1,0
B2B04468,0,199,7,20,0,6198,5,3,1,88.88616282310292,Retail,51-200,3,1,0
B2B04469,0,199,11,24,8,219,5,2,1,85.6897541344621,Technology,11-50,2,1,0
B2B04470,0,199,24,24,0,12,5,2,3,69.45543451774685,Healthcare,51-200,3,1,0
B2B04471,0,199,30,21,11,124,10,8,1,93.31274074795601,Other,51-200,2,1,0
B2B04472,0,1999,22,24,3,11,50,41,2,74.50750312928972,Healthcare,51-200,2,1,0
B2B04473,0,199,7,19,3,87,10,9,1,87.23100503393572,Retail,1000+,1,1,0
B2B04474,0,499,15,17,4,470,5,2,2,86.09303128142379,Finance,1-10,2,1,0
B2B04475,1,1999,16,25,2,1820,10,4,0,78.10412259533187,Retail,201-1000,0,0,0
B2B04476,1,199,15,23,0,113,5,4,1,81.26483314951832,Healthcare,201-1000,1,1,0
B2B04477,0,4999,16,29,26,173,50,27,1,61.37187818277622,Healthcare,1-10,0,1,0
B2B04478,0,199,15,24,1,35,25,20,3,72.163485847718,Finance,51-200,2,1,0
B2B04479,0,499,9,29,6,2,25,15,4,77.00685134635246,Finance,201-1000,1,0,0
B2B04480,0,999,10,22,2,17,5,3,0,77.03850162419597,Finance,11-50,2,1,0
B2B04481,0,199,23,21,15,11,5,3,0,77.8186512197813,Finance,201-1000,5,1,0
B2B04482,0,499,3,26,6,14,50,32,1,74.14447533427777,Retail,1000+,0,1,0
B2B04483,1,199,13,29,3,572,25,21,4,70.30879593245561,Finance,1-10,4,0,0
B2B04484,0,4999,10,23,18,108,5,4,0,87.31959665670279,Retail,201-1000,0,1,0
B2B04485,0,99,16,20,18,28,10,4,4,76.45417182362327,Technology,201-1000,3,1,0
B2B04486,0,99,4,17,12,1765,5,2,0,60.008365925375095,Retail,11-50,2,0,0
B2B04487,0,999,27,19,2,65,10,5,0,88.59674179121211,Finance,51-200,3,1,0
B2B04488,0,99,8,19,6,2756,10,9,2,95.22695291035079,Finance,51-200,3,1,0
B2B04489,1,1999,6,17,1,1353,50,38,2,69.92410314593332,Finance,11-50,3,0,0
B2B04490,0,199,10,27,12,26,5,4,1,88.60364647470672,Healthcare,51-200,3,0,0
B2B04491,1,99,3,31,5,41,25,17,2,82.28033171077294,Finance,1-10,1,0,0
B2B04492,1,999,2,24,10,766,250,222,1,88.57694025957142,Other,11-50,1,0,0
B2B04493,1,199,5,27,24,725,5,3,4,63.29580803842176,Healthcare,51-200,0,1,0
B2B04494,1,99,6,29,6,2981,10,7,1,78.55218431703777,Technology,51-200,1,0,0
B2B04495,0,99,15,29,0,82,5,4,0,90.08278694202717,Retail,1000+,0,0,0
B2B04496,0,1999,36,16,8,74,10,6,1,88.32804001421746,Finance,11-50,6,0,0
B2B04497,0,499,4,20,1,2254,50,31,2,94.4588017857887,Finance,1-10,1,1,0
B2B04498,0,99,32,34,29,303,5,3,0,81.91997519674878,Retail,1000+,0,1,0
B2B04499,0,999,23,33,6,202,10,5,6,88.67071094018435,Other,11-50,2,1,0
B2B04500,0,99,26,31,7,657,10,9,0,86.97063567441083,Other,1-10,2,1,0
B2B04501,1,99,4,25,0,89,5,4,5,85.20996272672028,Retail,1000+,2,1,0
B2B04502,0,499,1,19,16,46,250,229,5,75.53477469780674,Technology,11-50,0,1,0
B2B04503,0,999,5,21,3,13,5,3,3,91.24910983593226,Retail,11-50,2,0,0
B2B04504,0,4999,11,23,0,97,5,2,5,62.17758778979623,Retail,201-1000,2,1,0
B2B04505,1,99,9,25,6,122,250,140,0,95.8290004303544,Finance,51-200,2,1,0
B2B04506,1,499,4,29,2,49,5,4,4,82.05249425055999,Retail,11-50,2,0,0
B2B04507,0,999,8,38,4,907,5,3,0,56.426162540623814,Healthcare,201-1000,2,1,0
B2B04508,0,499,8,22,6,1892,5,2,4,70.94438952742576,Healthcare,11-50,0,0,0
B2B04509,1,99,19,29,1,265,100,94,0,63.28100883633868,Retail,51-200,1,1,0
B2B04510,0,199,7,23,8,261,10,5,0,98.06483562925958,Technology,11-50,4,1,0
B2B04511,0,1999,21,28,5,622,10,7,4,58.16536952483915,Technology,1000+,1,1,0
B2B04512,1,99,1,23,4,9867,5,4,4,96.30027557036367,Other,11-50,4,0,0
B2B04513,0,199,15,29,1,3,10,4,1,70.01088261000167,Retail,201-1000,4,0,0
B2B04514,1,499,10,17,27,3,5,4,1,85.54702153456073,Technology,1000+,1,1,0
B2B04515,0,1999,14,23,6,333,5,2,0,65.13334530895263,Finance,51-200,5,0,0
B2B04516,0,999,14,24,1,308,10,9,4,96.192547939842,Finance,51-200,1,0,0
B2B04517,0,999,13,24,7,179,5,4,0,68.71996814409177,Retail,51-200,5,0,0
B2B04518,0,999,25,21,3,366,10,7,0,76.1011545240859,Technology,1-10,3,1,0
B2B04519,0,99,2,25,17,95,25,15,0,80.51906860299208,Retail,1-10,7,1,0
B2B04520,1,199,9,30,2,184,5,4,1,74.4016630496121,Retail,51-200,3,1,0
B2B04521,0,999,14,28,1,17,5,4,4,84.93405818938646,Healthcare,1-10,0,1,0
B2B04522,0,99,28,29,1,18,5,4,4,77.51349243290532,Technology,201-1000,1,1,0
B2B04523,0,199,12,22,6,785,25,13,3,90.36290314737225,Healthcare,11-50,2,1,0
B2B04524,1,999,13,37,1,3,10,8,1,75.5442421368391,Technology,51-200,3,1,0
B2B04525,0,99,4,27,2,67,25,13,0,92.80217791610981,Technology,51-200,2,1,0
B2B04526,0,499,14,28,0,551,5,4,2,79.17269615195788,Retail,1-10,1,1,0
B2B04527,0,199,18,23,1,33,5,4,3,65.60118852642205,Technology,51-200,2,1,0
B2B04528,0,99,11,23,16,319,25,12,2,65.164358353498,Retail,201-1000,2,1,0
B2B04529,0,99,7,22,8,13,100,49,1,98.37534064692235,Technology,11-50,3,1,0
B2B04530,0,999,8,26,27,91,5,4,0,71.80100672276954,Other,51-200,2,1,0
B2B04531,0,499,8,23,0,89,100,47,2,96.20829554810804,Healthcare,201-1000,5,1,0
B2B04532,0,999,12,25,1,28,5,4,1,88.88312182110259,Healthcare,201-1000,1,1,1
B2B04533,1,99,3,27,3,12648,5,2,0,82.86888290907397,Healthcare,51-200,3,0,0
B2B04534,0,999,10,23,0,147,25,16,3,52.09224412776698,Healthcare,201-1000,2,1,0
B2B04535,1,1999,4,21,10,105,250,185,1,76.29202137055168,Healthcare,51-200,3,1,0
B2B04536,0,499,27,24,1,66,5,4,5,90.47172473381617,Retail,1000+,4,1,0
B2B04537,1,199,2,27,2,1221,5,4,2,88.9303659755169,Finance,1000+,0,1,0
B2B04538,0,1999,23,26,0,35,25,21,2,80.25889115776782,Healthcare,51-200,0,1,0
B2B04539,0,199,16,19,0,491,5,2,1,78.8074670518429,Healthcare,1-10,1,1,0
B2B04540,0,1999,11,22,18,18,10,7,3,86.51647631544907,Other,1-10,5,1,0
B2B04541,0,999,9,27,3,102,50,35,2,95.21936606630878,Retail,11-50,2,1,0
B2B04542,0,99,7,31,1,113,50,36,2,61.99579388962948,Finance,11-50,4,1,0
B2B04543,0,999,21,17,17,25,25,16,5,68.63341967731607,Technology,51-200,1,0,0
B2B04544,1,99,7,26,12,2891,25,13,3,51.452471618449316,Technology,11-50,2,1,0
B2B04545,0,99,9,21,12,98,5,2,1,66.25859317277083,Other,201-1000,2,0,0
B2B04546,0,999,13,31,5,471,25,21,2,89.36256711910558,Healthcare,1-10,2,1,0
B2B04547,0,499,21,29,2,86,5,2,0,58.239086160990325,Other,201-1000,4,1,0
B2B04548,0,99,34,16,4,1734,5,2,1,77.89851089614508,Other,1-10,2,1,0
B2B04549,0,199,3,28,3,8,5,4,4,85.20662032179074,Retail,1-10,2,1,0
B2B04550,1,999,1,34,2,21103,100,87,3,82.13357430271469,Other,11-50,5,1,0
B2B04551,1,999,15,20,14,2847,10,5,3,81.23031382903882,Finance,1-10,3,1,0
B2B04552,0,99,31,20,0,117,5,3,0,68.26298664564855,Technology,11-50,0,1,0
B2B04553,0,99,9,28,2,1400,5,3,0,90.67732802879962,Other,1000+,1,1,0
B2B04554,0,99,12,25,2,383,10,6,2,74.69365141799351,Other,201-1000,3,0,0
B2B04555,0,999,22,24,11,20,25,21,6,85.07001221562184,Finance,1-10,1,1,0
B2B04556,0,99,9,27,10,13483,10,6,3,81.23136707577076,Retail,51-200,2,0,0
B2B04557,0,999,11,24,16,676,10,5,2,72.41057851132219,Healthcare,51-200,2,1,0
B2B04558,1,4999,23,23,1,78,5,4,0,78.86151134213263,Other,1000+,4,0,0
B2B04559,0,99,9,29,15,7,50,40,3,90.36528248276203,Finance,11-50,0,0,0
B2B04560,0,99,10,24,1,40,5,2,1,68.8190300209918,Other,1-10,3,1,0
B2B04561,0,1999,9,28,10,117,10,9,3,86.38420769614308,Healthcare,51-200,3,1,0
B2B04562,1,499,12,23,0,17,25,18,2,93.10471647129069,Finance,1-10,3,1,0
B2B04563,0,99,12,31,1,1265,5,3,1,59.749752091145844,Finance,51-200,1,0,0
B2B04564,0,499,6,28,0,647,10,5,2,62.13273545908341,Finance,51-200,4,1,0
B2B04565,1,199,14,23,1,10,100,81,1,64.98012387832573,Healthcare,11-50,2,1,0
B2B04566,0,199,2,31,8,94,5,3,0,70.7673670947725,Healthcare,11-50,2,0,0
B2B04567,0,499,9,29,7,12,10,9,0,76.39298318393512,Finance,201-1000,1,0,0
B2B04568,1,499,17,27,2,187,10,5,0,62.18756606821536,Finance,51-200,4,0,0
B2B04569,0,1999,4,34,1,483,250,235,0,74.36676923834614,Retail,11-50,2,1,0
B2B04570,0,199,5,24,1,229,10,8,1,81.34868140481437,Retail,11-50,4,1,0
B2B04571,0,199,16,13,7,129,5,3,3,87.550617581174,Finance,1-10,0,1,0
B2B04572,0,99,16,21,1,1668,5,2,4,83.41790115007214,Healthcare,1-10,2,1,0
B2B04573,0,999,12,19,5,43,10,4,2,77.6889962337595,Other,51-200,2,1,0
B2B04574,0,199,15,21,1,277,5,4,0,62.20111038696449,Retail,1-10,0,1,0
B2B04575,0,499,9,25,1,56,10,6,1,85.21267456139978,Retail,1000+,4,1,0
B2B04576,0,199,2,28,0,547,5,2,4,51.26277035197043,Technology,11-50,3,0,0
B2B04577,0,499,13,24,3,154,5,3,0,95.71387205470117,Technology,51-200,1,1,0
B2B04578,0,99,5,26,10,1642,5,3,4,71.03987760823341,Healthcare,51-200,2,1,0
B2B04579,0,99,8,28,2,89,5,4,5,62.42531185282429,Retail,1000+,2,0,0
B2B04580,0,999,6,30,43,11,25,13,3,86.72831760708628,Finance,51-200,0,1,0
B2B04581,0,4999,6,21,2,24,5,2,5,72.88055072428884,Finance,201-1000,4,0,0
B2B04582,0,199,3,26,14,31,5,4,4,82.11756061171552,Other,51-200,1,1,0
B2B04583,0,199,12,22,5,668,25,16,2,93.30016980593602,Other,11-50,0,1,0
B2B04584,0,1999,13,27,1,37,100,46,1,93.55888177777993,Finance,11-50,3,0,0
B2B04585,0,99,1,20,4,85,5,3,5,98.13661088367634,Healthcare,201-1000,0,1,0
B2B04586,0,199,9,25,21,2,10,5,0,57.69552112222554,Other,201-1000,3,1,1
B2B04587,1,499,10,31,7,444,5,2,3,94.65142613843346,Technology,1-10,0,1,0
B2B04588,1,199,18,13,3,2453,100,65,3,82.85451049975433,Finance,51-200,0,0,0
B2B04589,1,999,1,22,2,127,5,4,2,89.27650311959819,Other,11-50,2,1,0
B2B04590,1,499,6,21,0,16,10,9,0,59.34695495892113,Technology,51-200,3,1,0
B2B04591,0,199,21,30,15,9,10,4,0,88.00731038052703,Healthcare,1-10,1,1,0
B2B04592,1,499,12,29,4,27,100,90,0,83.13587213871295,Retail,11-50,0,0,0
B2B04593,0,99,22,27,0,35,5,3,0,93.28127256225673,Other,51-200,3,1,0
B2B04594,1,199,28,34,2,538,100,99,2,80.32332536972788,Retail,1-10,3,0,0
B2B04595,0,99,20,19,4,27,5,2,1,73.48487019298938,Other,1-10,4,0,0
B2B04596,0,1999,8,30,3,137,50,42,6,72.25644153866423,Healthcare,1000+,1,1,0
B2B04597,1,99,5,27,6,161,10,4,1,85.48719762119804,Technology,1-10,0,0,0
B2B04598,0,499,11,34,13,137,10,5,0,80.89483608912495,Healthcare,11-50,7,1,1
B2B04599,0,99,13,23,5,1688,250,229,2,80.39381583695187,Technology,51-200,1,1,0
B2B04600,0,999,6,25,10,9,100,87,0,77.87962378265728,Retail,51-200,1,1,0
B2B04601,0,499,4,25,6,949,10,7,0,86.74424377977819,Retail,11-50,1,0,0
B2B04602,0,99,7,24,0,1323,250,175,3,61.717353805721906,Finance,51-200,3,0,0
B2B04603,0,499,14,30,8,470,50,41,5,68.25865417781559,Healthcare,1-10,0,1,0
B2B04604,0,999,1,23,2,2682,5,3,0,88.85529102857383,Healthcare,201-1000,2,1,0
B2B04605,0,199,14,30,6,104,50,31,6,96.09975878264592,Retail,201-1000,4,1,0
B2B04606,0,499,18,35,5,1309,25,14,2,64.58320283213654,Technology,1-10,3,1,0
B2B04607,1,99,3,24,0,187,5,2,1,98.66886808357094,Finance,1-10,5,1,0
B2B04608,0,99,16,29,2,721,10,8,2,95.88527046628201,Technology,11-50,3,1,0
B2B04609,1,99,17,19,11,381,5,2,5,94.53096313864714,Retail,51-200,0,1,0
B2B04610,0,199,9,28,18,934,5,4,3,86.52009958827175,Finance,11-50,2,1,0
B2B04611,0,99,17,24,3,2880,5,4,4,53.98487220855548,Other,1-10,4,1,0
B2B04612,0,499,11,21,2,483,5,2,4,89.47040642703737,Retail,1-10,1,1,0
B2B04613,1,99,3,21,16,1553,25,22,0,64.6360256147152,Finance,1-10,4,1,0
B2B04614,0,1999,22,30,6,14,25,12,3,94.30700175842776,Retail,1-10,4,1,0
B2B04615,0,99,28,20,4,704,50,33,0,80.36805522794842,Healthcare,11-50,9,1,0
B2B04616,1,199,9,22,2,60,25,19,4,51.354476369438096,Finance,51-200,3,1,0
B2B04617,0,199,16,29,1,2967,5,4,0,82.9115780585785,Retail,1000+,2,1,0
B2B04618,0,4999,4,17,3,63,5,4,0,64.80704159539096,Finance,11-50,2,1,0
B2B04619,0,99,24,24,22,646,50,33,2,71.58543998346914,Technology,1000+,3,1,0
B2B04620,0,499,11,27,6,655,25,13,2,96.98475643339603,Technology,11-50,1,1,0
B2B04621,0,999,8,21,2,975,10,8,2,64.9072657292735,Finance,11-50,0,0,0
B2B04622,1,499,15,22,0,66,5,4,2,60.69339956030845,Retail,1-10,0,1,0
B2B04623,1,199,3,23,1,122,10,9,1,70.97611750857573,Finance,1-10,5,0,0
B2B04624,0,4999,2,33,23,848,100,68,1,73.7973619831063,Technology,201-1000,3,0,0
B2B04625,0,99,12,29,3,910,5,2,1,70.27947862104759,Healthcare,51-200,0,1,0
B2B04626,1,499,16,36,7,813,100,79,3,93.89392078664918,Other,1-10,1,0,0
B2B04627,0,199,3,16,10,1406,25,13,1,79.25902300587632,Other,51-200,4,1,0
B2B04628,0,4999,16,32,3,231,25,24,0,86.93436623222901,Healthcare,51-200,0,1,0
B2B04629,0,199,1,31,4,25,250,157,0,53.29221006755037,Healthcare,201-1000,2,1,0
B2B04630,0,499,12,24,8,526,5,2,0,85.83313965794214,Finance,1-10,1,0,0
B2B04631,0,199,16,28,3,2526,5,2,1,91.96382434870401,Other,51-200,2,1,0
B2B04632,0,4999,13,16,12,783,5,3,4,54.64639295342953,Technology,51-200,3,1,0
B2B04633,0,99,5,27,10,326,10,8,2,72.64930899315479,Healthcare,201-1000,1,0,0
B2B04634,0,4999,5,21,10,6,5,4,0,58.88166929458478,Other,201-1000,3,1,0
B2B04635,0,499,22,22,28,748,10,6,3,93.64154158302898,Retail,11-50,0,0,0
B2B04636,0,199,8,20,0,254,50,47,3,65.1398528992126,Healthcare,51-200,1,1,0
B2B04637,0,99,12,22,2,5900,5,2,0,42.258305417769265,Other,51-200,3,1,0
B2B04638,0,99,16,28,6,80,5,4,1,83.88662773089276,Other,1-10,4,1,0
B2B04639,0,499,14,23,9,195,100,61,2,78.31863212556497,Finance,201-1000,1,0,0
B2B04640,0,1999,4,21,15,4483,25,24,1,94.1500501662117,Healthcare,201-1000,1,1,0
B2B04641,0,4999,43,22,4,999,50,40,2,72.75724930366687,Other,11-50,2,0,0
B2B04642,0,199,9,18,6,692,25,19,5,78.29803815312373,Retail,51-200,2,1,0
B2B04643,0,99,12,33,1,17,5,4,2,90.62885427886104,Technology,1000+,1,1,0
B2B04644,0,99,27,29,4,21,10,7,2,79.79610609096301,Finance,11-50,2,1,0
B2B04645,0,99,11,29,3,13,25,15,1,90.83243601772006,Retail,201-1000,2,0,0
B2B04646,0,199,4,29,5,15,5,2,0,83.55268158310149,Technology,201-1000,3,1,0
B2B04647,1,1999,24,30,18,7,5,3,0,87.2484366511834,Healthcare,1000+,0,1,0
B2B04648,0,99,11,27,4,14,5,3,0,34.9801520827981,Healthcare,51-200,1,0,0
B2B04649,1,99,3,17,3,157,10,4,2,86.5312109812179,Other,201-1000,3,1,0
B2B04650,1,499,4,28,13,26,5,4,0,78.35047819817747,Healthcare,1-10,3,1,0
B2B04651,0,199,43,28,6,43,25,22,2,96.76924904442748,Retail,1-10,3,1,0
B2B04652,0,99,23,19,1,280,25,11,4,77.42710225227154,Finance,11-50,2,1,0
B2B04653,1,199,9,26,1,49,10,8,3,66.33842318884054,Retail,51-200,2,1,0
B2B04654,0,499,5,31,5,1244,5,4,2,77.61082609501642,Healthcare,1000+,1,1,0
B2B04655,1,499,10,19,8,141,10,7,2,69.8392906330686,Technology,1-10,2,1,0
B2B04656,0,199,11,26,3,14,5,3,1,90.1377213159382,Finance,51-200,2,1,0
B2B04657,0,99,24,25,0,1141,5,4,5,63.79325039639864,Technology,11-50,2,1,0
B2B04658,0,99,23,25,10,9,5,3,3,61.750829768773826,Finance,11-50,2,1,1
B2B04659,0,99,6,30,7,119,100,47,2,88.56857229348088,Healthcare,11-50,3,1,0
B2B04660,0,499,22,25,2,1804,25,19,3,88.1355035665815,Other,1-10,1,1,0
B2B04661,0,499,1,20,14,472,100,46,3,85.54937432808883,Healthcare,11-50,0,1,0
B2B04662,0,199,29,33,5,2799,100,40,0,96.80559656386436,Other,51-200,2,1,0
B2B04663,0,499,8,17,1,4,10,5,4,71.15890688705527,Other,11-50,2,0,0
B2B04664,1,99,10,26,9,28,10,7,3,69.90123181656571,Other,11-50,2,1,0
B2B04665,0,199,5,26,5,393,50,32,4,69.29714802608625,Technology,51-200,2,0,0
B2B04666,0,99,2,24,3,581,5,3,0,81.73467344004007,Retail,11-50,3,1,0
B2B04667,0,99,1,32,15,233,5,2,0,66.44281910542804,Retail,11-50,2,1,0
B2B04668,0,99,7,22,3,1308,50,34,0,71.030147636939,Technology,1-10,2,1,0
B2B04669,1,99,14,23,4,326,50,37,0,88.09952210231259,Other,11-50,2,1,0
B2B04670,0,99,7,26,14,3,25,22,0,74.0026920311442,Technology,11-50,0,1,0
B2B04671,0,99,14,23,11,241,5,3,2,81.29410552687031,Finance,51-200,0,1,0
B2B04672,0,1999,12,25,1,6,5,4,2,69.45078982725305,Technology,1000+,1,0,0
B2B04673,0,999,1,22,0,386,25,24,3,63.590855977399855,Healthcare,11-50,1,1,0
B2B04674,0,1999,12,29,1,31,50,44,0,61.36104951904002,Technology,1-10,2,0,0
B2B04675,1,999,11,22,3,38,10,8,2,77.99405769162126,Healthcare,201-1000,4,1,0
B2B04676,1,499,21,28,21,250,50,23,1,25.417906263962287,Technology,1-10,1,1,0
B2B04677,0,999,7,24,2,239,10,9,1,87.36698914774331,Technology,1-10,0,0,0
B2B04678,1,99,29,30,0,102,100,54,6,73.27787673594514,Retail,51-200,3,0,0
B2B04679,0,99,7,30,12,58,10,5,0,89.28784549683299,Healthcare,11-50,3,1,0
B2B04680,0,999,3,21,14,5237,5,2,3,93.71870049206089,Retail,1-10,6,1,0
B2B04681,0,99,13,18,11,267,10,6,4,66.43796337880077,Technology,201-1000,2,1,0
B2B04682,0,199,6,32,0,11222,50,36,2,80.39616674525129,Healthcare,201-1000,4,1,0
B2B04683,0,499,4,24,4,4935,5,2,0,93.28344132796416,Other,11-50,2,1,0
B2B04684,0,99,10,29,5,334,100,83,1,69.5235791906925,Other,1000+,1,1,0
B2B04685,1,999,33,26,0,3,10,8,1,85.67214328121021,Other,11-50,2,0,0
B2B04686,0,999,7,26,2,226,10,4,1,60.83152987034799,Healthcare,1000+,0,1,0
B2B04687,0,199,31,25,3,1078,10,7,3,78.82162418108534,Technology,201-1000,1,0,0
B2B04688,0,999,14,28,1,17,50,36,2,78.30251881701584,Other,51-200,2,1,0
B2B04689,0,499,13,21,10,14803,5,4,0,85.06078432675405,Healthcare,11-50,2,1,0
B2B04690,0,199,4,29,2,114,250,118,3,79.22908878549208,Retail,11-50,2,0,0
B2B04691,0,99,14,38,6,123,50,31,0,66.69154111220378,Technology,201-1000,1,0,0
B2B04692,1,999,9,26,2,3,5,3,1,85.51849698840573,Finance,11-50,1,1,0
B2B04693,0,499,18,34,7,15,5,3,1,87.01494951017274,Technology,11-50,2,1,0
B2B04694,1,99,5,23,1,5619,5,3,4,82.49427622719384,Technology,1-10,3,1,0
B2B04695,0,99,1,27,6,734,5,4,1,91.25197232133175,Other,1-10,3,1,0
B2B04696,1,1999,3,35,8,63,5,4,3,87.94878028799783,Healthcare,1-10,2,1,0
B2B04697,1,199,16,23,14,4,10,7,0,76.58599923082903,Healthcare,51-200,0,1,0
B2B04698,0,99,1,23,22,17,10,6,3,82.72895761722175,Retail,201-1000,2,1,0
B2B04699,0,4999,14,20,6,1,50,43,2,75.2290880731067,Healthcare,11-50,4,1,0
B2B04700,1,199,14,26,0,88,25,22,0,77.90351892574294,Other,11-50,4,0,0
B2B04701,0,499,2,21,1,953,50,38,6,83.22482623316813,Retail,201-1000,6,0,0
B2B04702,0,1999,12,34,1,1072,50,43,1,78.18630958565966,Retail,11-50,2,1,0
B2B04703,1,99,7,24,1,226,25,18,4,82.65378822986168,Technology,1-10,4,1,0
B2B04704,1,199,13,21,4,418,25,22,0,83.75253198857003,Retail,51-200,0,1,0
B2B04705,0,99,21,25,7,2754,5,3,4,71.27893073692151,Other,11-50,2,1,0
B2B04706,0,999,3,23,23,753,5,2,6,63.19723344467821,Other,201-1000,4,1,0
B2B04707,0,99,15,26,7,114,5,3,0,73.55859907483192,Finance,51-200,3,1,0
B2B04708,0,1999,24,24,13,24,25,15,0,83.90543496003721,Technology,11-50,2,1,0
B2B04709,0,499,24,23,0,63,5,3,1,71.1580423175512,Finance,11-50,2,1,0
B2B04710,0,99,9,19,1,4,25,11,2,94.06426558995183,Finance,11-50,1,1,0
B2B04711,1,199,9,21,0,1065,100,66,1,68.81806658119605,Retail,11-50,0,0,0
B2B04712,0,99,16,18,1,373,10,4,4,68.33612165694001,Retail,51-200,7,1,0
B2B04713,1,99,7,19,4,0,5,2,0,81.22525873096265,Technology,11-50,2,1,0
B2B04714,0,999,4,25,14,85,5,2,1,87.06604156955679,Retail,11-50,1,1,0
B2B04715,0,999,4,16,7,114,10,6,2,51.60704209398339,Other,11-50,2,1,0
B2B04716,0,199,27,21,8,1010,50,40,1,64.03142642402553,Healthcare,1-10,3,1,0
B2B04717,0,99,16,27,16,136,5,3,3,86.56869749173048,Retail,51-200,2,0,0
B2B04718,0,199,7,25,0,73,5,4,1,83.79495655016895,Technology,1-10,0,1,0
B2B04719,0,999,14,24,1,924,5,2,4,43.72829308896053,Retail,1-10,1,1,0
B2B04720,0,99,16,23,0,323,5,4,1,71.78556322282668,Technology,51-200,1,1,0
B2B04721,0,99,17,20,12,25,5,3,1,85.1810014273647,Finance,1-10,1,1,0
B2B04722,1,4999,18,19,6,128,10,6,1,81.11342637824929,Technology,11-50,2,1,0
B2B04723,0,499,3,19,1,91,5,3,1,59.09858320380717,Healthcare,11-50,3,1,1
B2B04724,0,99,18,20,1,103,25,13,4,76.71919205076782,Healthcare,1000+,7,1,0
B2B04725,0,99,1,29,18,47,5,3,1,57.01249858137351,Other,1-10,3,1,0
B2B04726,0,99,29,29,11,1079,25,11,1,75.904685157549,Technology,11-50,0,1,0
B2B04727,0,99,1,20,20,55,50,39,0,92.312846356108,Finance,1-10,1,1,0
B2B04728,0,199,20,23,5,60,10,6,0,58.8555361308053,Retail,1000+,2,1,0
B2B04729,0,99,7,25,1,23,10,8,0,89.91833492089752,Finance,1-10,2,1,0
B2B04730,1,999,10,30,0,169,25,16,2,88.65624179882911,Technology,51-200,2,0,0
B2B04731,0,1999,7,20,1,1528,10,4,0,59.72263835509691,Finance,11-50,0,1,0
B2B04732,0,99,13,22,3,230,5,3,1,72.19944416276776,Healthcare,51-200,1,1,0
B2B04733,0,499,16,30,20,1,5,4,0,36.02936219552961,Technology,1-10,5,1,0
B2B04734,0,199,8,27,11,11,5,3,1,79.7360884075284,Technology,11-50,0,1,0
B2B04735,0,99,16,20,7,905,100,56,5,36.703010844915376,Retail,11-50,1,1,0
B2B04736,0,1999,12,18,10,198,25,24,0,53.843597130159736,Retail,201-1000,2,1,0
B2B04737,0,99,13,17,0,172,5,2,2,79.51681722759983,Technology,51-200,0,1,0
B2B04738,0,999,19,19,19,191,10,8,0,88.52067846581781,Other,51-200,9,1,0
B2B04739,1,199,15,16,13,450,5,2,0,94.14898173587733,Finance,1-10,5,1,0
B2B04740,0,499,12,23,7,97,25,13,0,72.57997883130123,Healthcare,201-1000,3,0,0
B2B04741,1,499,3,25,0,34,10,4,2,87.97757825027655,Technology,51-200,3,1,0
B2B04742,0,199,2,29,1,36,10,9,2,60.0633649594561,Healthcare,11-50,2,1,0
B2B04743,0,499,2,25,3,54,100,90,2,95.03747343024898,Other,11-50,2,1,0
B2B04744,0,99,17,34,2,139,5,3,2,91.23679841361599,Other,1-10,3,0,0
B2B04745,0,199,3,25,3,97,25,19,2,80.1760884999695,Retail,201-1000,3,1,0
B2B04746,0,999,6,28,5,51,100,45,2,64.69657431571014,Retail,1000+,2,1,0
B2B04747,0,99,7,32,5,8,5,2,3,83.20077433675469,Technology,1-10,2,1,0
B2B04748,0,499,29,19,15,78,5,2,3,86.75638586125186,Other,51-200,2,0,0
B2B04749,0,199,3,18,6,1174,10,6,1,85.02505540504364,Other,1-10,4,0,0
B2B04750,0,499,25,22,9,5004,5,4,0,90.38590514234623,Retail,11-50,2,1,0
B2B04751,0,999,8,30,0,124,100,60,0,89.1196101315825,Healthcare,51-200,5,1,0
B2B04752,0,4999,25,25,8,1677,5,3,0,64.65740478044168,Retail,11-50,1,1,0
B2B04753,0,1999,13,25,1,854,25,23,2,93.98174521824811,Finance,1-10,2,0,0
B2B04754,0,1999,15,19,1,98,100,70,6,83.57212761431755,Technology,51-200,0,0,0
B2B04755,0,999,2,29,1,310,5,3,2,67.25972927273473,Finance,201-1000,2,1,0
B2B04756,0,999,10,20,3,378,50,30,5,86.93765188608621,Healthcare,11-50,1,1,0
B2B04757,0,199,24,25,1,37,5,3,1,74.30280511830725,Technology,201-1000,2,1,0
B2B04758,0,499,21,22,4,17,25,16,1,91.60536258340906,Finance,11-50,5,1,0
B2B04759,1,199,15,26,8,41,25,22,2,76.50014700324863,Finance,1-10,4,1,0
B2B04760,0,999,3,22,3,215,5,4,2,75.14379523104662,Other,201-1000,4,1,0
B2B04761,0,1999,1,24,5,91,5,4,0,75.56625741677287,Retail,201-1000,2,1,0
B2B04762,0,199,9,29,1,153,25,17,5,81.2087195733099,Other,11-50,2,1,0
B2B04763,0,999,10,24,3,66,5,2,0,58.24316767798171,Healthcare,1-10,3,1,0
B2B04764,0,199,1,38,4,66,25,14,0,86.41105074067664,Finance,51-200,4,1,0
B2B04765,0,99,6,33,4,86,5,4,2,74.12054663336849,Other,1-10,3,1,0
B2B04766,0,999,8,31,2,40,25,20,6,80.92053558172466,Retail,51-200,1,1,0
B2B04767,0,99,1,30,3,47,10,4,1,85.04390947879338,Technology,201-1000,3,1,0
B2B04768,0,499,12,18,2,37,5,2,0,76.01208593340522,Other,11-50,1,1,0
B2B04769,0,99,33,13,7,725,10,5,2,61.495547838944354,Other,11-50,3,1,0
B2B04770,0,99,8,35,20,44,250,135,6,90.67192611256293,Retail,51-200,3,0,1
B2B04771,0,99,13,23,11,228,5,3,0,76.86579628820249,Retail,11-50,2,0,0
B2B04772,0,199,42,15,2,33,5,2,0,81.01665642597823,Retail,11-50,1,1,0
B2B04773,1,199,20,18,5,20,100,68,6,93.16236925033058,Retail,11-50,2,1,0
B2B04774,0,499,8,27,5,82,10,5,0,73.34030188373491,Other,1-10,2,1,0
B2B04775,0,4999,3,32,8,2458,10,8,6,82.9299436520565,Technology,11-50,1,1,0
B2B04776,0,499,16,17,0,308,50,39,4,89.53721106397519,Other,201-1000,6,1,0
B2B04777,0,199,6,22,1,14,10,6,2,74.67227511692845,Healthcare,11-50,3,1,0
B2B04778,0,199,15,27,1,39,50,41,0,76.29172237012737,Finance,11-50,2,0,0
B2B04779,0,199,7,17,6,128,5,2,3,61.572574818094026,Other,1-10,0,0,0
B2B04780,1,199,13,30,4,3,5,3,0,69.91857414613094,Healthcare,1000+,3,0,0
B2B04781,0,99,12,16,1,52,5,4,2,76.49458284662958,Finance,1000+,0,1,0
B2B04782,1,199,13,20,3,263,5,3,0,87.57890996309354,Other,11-50,4,1,0
B2B04783,0,999,4,18,4,509,5,3,3,58.24877631803127,Retail,11-50,3,1,0
B2B04784,0,499,2,26,2,27,25,19,0,64.87327672288068,Other,11-50,5,0,0
B2B04785,0,499,15,20,6,111,10,7,4,74.910826628355,Finance,11-50,0,1,0
B2B04786,0,999,5,21,10,33,5,3,0,72.58504653619524,Retail,11-50,2,1,0
B2B04787,0,99,3,16,10,237,25,11,1,78.28715400668173,Technology,51-200,0,1,0
B2B04788,0,199,3,33,3,486,10,8,2,82.81913265158511,Healthcare,1-10,1,1,0
B2B04789,0,99,12,21,3,73,10,6,0,33.09947475298563,Retail,1000+,1,1,0
B2B04790,0,199,4,31,3,391,50,30,4,68.62761389000302,Healthcare,1-10,2,1,0
B2B04791,1,1999,26,34,7,4,25,14,4,65.01838057625959,Other,201-1000,4,0,0
B2B04792,0,999,10,22,0,79,50,47,1,93.99294319395656,Healthcare,11-50,4,0,0
B2B04793,0,999,12,33,0,3068,10,7,3,78.50133915345668,Other,11-50,1,1,0
B2B04794,0,499,19,26,7,1015,10,9,2,42.927460465567314,Technology,51-200,5,1,0
B2B04795,1,99,19,20,0,64,5,4,0,71.85338522767957,Other,1-10,2,1,0
B2B04796,0,199,4,21,5,20,10,7,6,83.5837824845495,Technology,11-50,4,1,0
B2B04797,0,99,9,32,0,62,25,11,0,82.78746123793161,Finance,51-200,1,1,0
B2B04798,0,99,8,21,12,10,100,78,3,91.11326286020297,Technology,1-10,2,1,0
B2B04799,0,199,32,18,3,0,100,58,1,67.02389808863654,Finance,51-200,3,1,0
B2B04800,0,199,10,27,3,35,10,8,4,70.33113287765626,Other,11-50,2,0,0
B2B04801,0,999,3,33,6,840,10,4,4,97.62050846500202,Other,51-200,1,1,0
B2B04802,1,999,21,23,3,3013,50,21,1,58.72166544453283,Healthcare,51-200,1,1,0
B2B04803,0,1999,9,30,3,137,100,72,0,79.15789611584358,Healthcare,11-50,0,0,0
B2B04804,1,99,17,32,2,105,10,7,0,73.6385321086939,Other,201-1000,2,1,0
B2B04805,0,499,5,27,3,107,50,35,2,48.150586342380386,Technology,11-50,5,1,0
B2B04806,0,999,1,23,5,1098,5,2,0,83.0220747823607,Finance,11-50,2,0,1
B2B04807,0,199,8,26,7,2,10,8,2,84.13037570447113,Retail,1-10,2,1,0
B2B04808,0,999,3,22,1,73,10,5,1,86.94070553063007,Retail,11-50,1,1,0
B2B04809,0,199,9,34,6,1176,25,15,0,86.2704443613036,Retail,11-50,2,1,0
B2B04810,0,199,4,26,4,61,25,17,0,95.99081474485388,Other,201-1000,3,1,0
B2B04811,0,99,8,17,2,182,5,2,3,69.46897147263942,Finance,1000+,1,1,0
B2B04812,0,199,3,18,17,26,10,6,1,78.65738780742026,Technology,1000+,1,1,0
B2B04813,0,1999,21,24,8,1103,5,3,1,73.95113085243725,Healthcare,1-10,0,1,0
B2B04814,0,999,5,28,5,47,10,4,2,67.9939223467975,Technology,1-10,3,1,0
B2B04815,0,199,12,21,7,242,10,8,2,74.23996996017922,Retail,1-10,1,1,0
B2B04816,0,499,6,27,1,201,10,4,5,65.42342434099879,Other,51-200,2,0,0
B2B04817,1,999,3,20,8,5,10,7,5,82.18273649502494,Retail,11-50,3,1,0
B2B04818,0,499,4,13,3,145,10,7,4,76.26244593950932,Retail,11-50,3,1,0
B2B04819,0,1999,5,22,4,7,5,4,1,71.80968032814718,Healthcare,11-50,3,1,0
B2B04820,0,499,18,28,7,144,5,4,1,74.37362977067849,Healthcare,1000+,3,1,0
B2B04821,0,4999,1,20,3,3064,10,7,4,44.64130093320923,Other,1-10,1,1,0
B2B04822,0,99,5,29,7,4864,5,3,2,85.52812204827467,Retail,201-1000,3,1,0
B2B04823,0,4999,17,23,5,21,5,2,0,87.89183646359857,Retail,1000+,4,0,0
B2B04824,0,1999,12,20,7,44,25,19,1,86.96579779010555,Other,11-50,3,1,0
B2B04825,1,99,11,20,1,45,5,2,0,63.751957410269455,Healthcare,1-10,2,1,0
B2B04826,0,99,1,30,5,127,5,3,0,53.49185786737451,Finance,51-200,3,1,0
B2B04827,0,499,19,31,1,49,5,2,0,81.4515834461867,Finance,11-50,1,0,0
B2B04828,0,1999,23,22,11,1617,10,8,1,86.35538256412181,Retail,51-200,5,0,1
B2B04829,0,199,13,22,4,1610,25,12,0,87.03803085767437,Finance,51-200,1,0,0
B2B04830,0,499,9,28,15,46,5,2,2,80.07934543396098,Technology,51-200,2,1,0
B2B04831,0,199,4,27,1,514,5,4,3,88.44241517476911,Retail,1-10,2,0,0
B2B04832,0,99,6,36,2,592,5,2,0,89.98863745231715,Technology,11-50,1,1,0
B2B04833,0,999,17,17,4,231,50,23,5,76.44351758714663,Healthcare,1-10,0,1,0
B2B04834,1,999,6,17,0,296,100,40,5,85.19045276040995,Retail,201-1000,1,1,0
B2B04835,0,99,3,24,8,69,50,34,2,84.60371345397097,Healthcare,1000+,2,1,0
B2B04836,0,1999,2,24,0,21,5,2,4,75.83747501936011,Healthcare,201-1000,1,1,0
B2B04837,0,199,8,16,7,19,50,28,3,75.76147517502588,Retail,1000+,2,1,0
B2B04838,0,199,11,26,1,509,5,2,4,78.62249461768972,Finance,201-1000,4,1,0
B2B04839,0,99,22,31,3,39,50,25,2,38.718330802263466,Retail,201-1000,2,1,0
B2B04840,1,199,1,21,3,177,100,96,2,95.63690793589183,Healthcare,51-200,2,1,0
B2B04841,0,999,11,23,0,91,10,9,1,76.4632580036215,Healthcare,1-10,1,1,0
B2B04842,0,99,8,28,5,4488,5,2,4,58.98062527689627,Retail,1000+,2,1,0
B2B04843,0,499,22,28,5,217,100,85,1,71.31384071922598,Healthcare,11-50,3,1,0
B2B04844,1,99,28,22,16,61,5,4,0,55.488783879091855,Finance,11-50,0,1,0
B2B04845,0,499,3,19,7,101,5,3,0,76.41166876502754,Retail,11-50,2,1,0
B2B04846,0,99,8,30,30,67,5,4,1,73.05499445371629,Healthcare,1-10,2,1,0
B2B04847,0,499,8,24,40,9,5,2,4,50.363309264452894,Healthcare,11-50,1,1,0
B2B04848,0,99,8,16,7,2108,5,4,3,82.79910304249206,Other,51-200,1,1,0
B2B04849,0,199,12,26,18,183,10,6,1,52.935582860234774,Healthcare,11-50,1,1,0
B2B04850,0,499,12,24,0,397,25,23,1,76.38559278426051,Technology,51-200,0,0,0
B2B04851,0,199,6,26,8,1367,10,9,6,91.34039148687671,Other,51-200,2,1,0
B2B04852,0,999,6,33,4,143,25,23,0,62.19569442561015,Other,11-50,2,0,0
B2B04853,0,499,7,20,2,19,10,8,1,84.59719892480467,Healthcare,11-50,4,1,0
B2B04854,0,199,16,21,5,158,50,21,1,89.01746489412882,Healthcare,11-50,1,1,0
B2B04855,0,99,10,25,4,306,5,2,0,91.39556339332717,Other,1-10,2,1,0
B2B04856,0,499,18,24,19,837,25,21,1,91.98673115688456,Finance,11-50,2,0,0
B2B04857,0,99,11,19,5,76,50,49,0,78.26568227235742,Technology,51-200,0,1,0
B2B04858,0,99,5,18,9,1011,5,4,1,71.83136555066523,Finance,11-50,1,1,0
B2B04859,0,99,5,29,6,192,50,44,2,93.8890389440571,Other,201-1000,0,1,0
B2B04860,0,499,13,28,3,332,100,41,4,75.59278935334243,Retail,1-10,3,1,0
B2B04861,0,1999,11,26,0,141,25,24,3,91.1902510664883,Other,11-50,1,1,0
B2B04862,0,999,18,19,7,535,5,4,4,58.787252018826955,Other,51-200,2,1,0
B2B04863,0,199,1,19,1,42,5,3,2,83.48020717667511,Healthcare,201-1000,4,0,0
B2B04864,0,199,28,37,3,69,25,19,2,49.03803675051348,Other,1-10,0,1,0
B2B04865,1,99,21,23,2,149,250,199,0,91.44362892941513,Finance,1-10,1,1,0
B2B04866,0,1999,9,23,5,199,5,4,3,65.1831433839795,Healthcare,11-50,1,1,0
B2B04867,0,1999,2,21,19,122,5,4,1,69.81331965013491,Technology,51-200,2,0,0
B2B04868,0,999,14,28,45,15,10,4,1,63.15369473937381,Technology,201-1000,1,1,0
B2B04869,0,499,1,35,10,59,5,4,0,70.51605409146066,Other,1-10,2,1,0
B2B04870,0,99,22,25,12,81,5,4,1,76.3783673675572,Technology,201-1000,5,1,0
B2B04871,1,99,3,29,9,77,5,4,1,89.26796341237258,Retail,1-10,0,0,0
B2B04872,0,99,13,21,7,37,10,4,2,69.73249158251981,Technology,51-200,3,1,0
B2B04873,0,99,26,28,0,12,5,3,0,51.62074126075302,Healthcare,51-200,4,1,0
B2B04874,0,99,3,20,4,1066,100,85,2,62.66257422951329,Healthcare,11-50,2,0,0
B2B04875,0,199,28,26,5,1892,5,3,0,82.75932623863395,Healthcare,201-1000,1,0,0
B2B04876,1,99,20,29,7,26,5,4,3,98.0132539049275,Healthcare,51-200,1,1,0
B2B04877,0,199,3,21,13,14,25,21,1,66.19506578501631,Finance,51-200,1,1,0
B2B04878,1,99,6,32,12,14,5,3,1,93.74443811168652,Technology,1-10,2,1,0
B2B04879,0,499,6,23,7,32,10,9,0,90.85874313637284,Finance,11-50,1,1,0
B2B04880,0,99,10,18,3,262,5,3,4,79.84566584075421,Finance,201-1000,1,1,0
B2B04881,0,199,13,24,1,485,10,8,0,73.65252785153082,Other,51-200,1,0,0
B2B04882,0,999,17,20,3,22,5,3,1,75.63168484086098,Retail,1-10,0,0,0
B2B04883,0,999,25,22,5,2211,100,63,0,87.72630070532121,Finance,1-10,2,1,0
B2B04884,0,199,24,24,3,31,10,4,3,89.5006767073904,Other,1-10,2,0,0
B2B04885,1,499,8,32,17,14,25,20,0,77.0827330880712,Retail,51-200,3,1,0
B2B04886,0,999,5,22,13,144,5,2,2,86.20100243259988,Finance,11-50,2,1,0
B2B04887,1,999,18,15,12,1366,10,8,1,86.80555866138286,Finance,51-200,2,1,0
B2B04888,0,199,5,27,1,8,50,40,1,87.05590082364748,Retail,1000+,1,0,1
B2B04889,0,199,11,23,7,404,250,179,2,94.50784427316277,Finance,11-50,4,1,0
B2B04890,0,99,4,25,1,2341,5,4,1,93.21801062715969,Healthcare,1000+,1,1,0
B2B04891,0,99,6,25,1,29,5,2,0,72.90124407462254,Other,201-1000,1,1,0
B2B04892,0,1999,1,28,5,406,10,8,0,58.85228442437273,Finance,51-200,2,0,0
B2B04893,0,499,14,30,1,45,25,18,3,72.65087788619277,Retail,11-50,1,0,0
B2B04894,0,199,8,30,1,310,25,24,1,86.13123513919308,Other,11-50,2,1,0
B2B04895,0,1999,4,17,13,1812,5,2,1,81.92044952136631,Retail,1000+,1,1,0
B2B04896,0,99,13,27,21,20,5,2,2,70.69804749472911,Finance,51-200,1,1,0
B2B04897,0,199,13,29,4,502,25,22,1,64.87776332768227,Finance,1-10,2,1,0
B2B04898,0,199,7,21,12,983,5,2,1,88.62782469099972,Healthcare,11-50,0,0,0
B2B04899,0,499,10,20,1,3192,50,43,3,81.83814103311644,Other,51-200,3,1,0
B2B04900,0,199,7,24,0,375,5,3,2,89.10024827289811,Technology,11-50,1,0,0
B2B04901,1,99,8,23,8,1208,10,4,3,87.09421271339647,Finance,1-10,2,1,0
B2B04902,0,999,13,32,8,25,5,4,3,71.23352394788725,Technology,51-200,0,1,0
B2B04903,0,199,14,28,1,1609,5,3,1,73.15909335076572,Finance,1-10,1,1,0
B2B04904,0,999,10,25,0,81,5,3,2,88.95671967735731,Finance,51-200,2,1,0
B2B04905,0,199,5,28,37,151,250,176,1,60.203342215292025,Healthcare,11-50,2,1,0
B2B04906,1,99,2,22,3,177,10,7,3,78.03398183855353,Healthcare,1-10,5,1,0
B2B04907,0,199,4,27,1,150,50,43,2,56.39793288289189,Other,201-1000,1,0,0
B2B04908,1,99,7,31,3,390,5,4,2,77.5503469656918,Finance,51-200,0,1,0
B2B04909,0,999,14,29,9,31,100,67,2,91.99432614048641,Retail,201-1000,3,1,0
B2B04910,1,499,22,24,4,509,25,24,2,69.30494628329191,Retail,11-50,1,1,0
B2B04911,0,499,12,31,1,269,250,177,0,93.96114296610119,Finance,51-200,1,1,0
B2B04912,0,999,12,30,3,306,10,6,2,91.73520266182112,Retail,11-50,1,1,0
B2B04913,0,99,5,27,5,260,10,7,2,81.9494327603542,Technology,11-50,1,1,0
B2B04914,0,999,11,31,3,26048,10,5,1,93.24689480590833,Retail,201-1000,1,1,0
B2B04915,1,199,24,24,16,970,50,29,4,72.37676453967055,Other,51-200,0,0,0
B2B04916,0,499,13,25,6,208,5,3,2,61.158165157954755,Other,11-50,1,1,0
B2B04917,0,1999,9,25,1,167,25,23,1,63.14031332899421,Finance,11-50,2,0,0
B2B04918,0,499,7,23,12,43,5,2,1,73.13894416813494,Finance,1000+,2,1,0
B2B04919,1,99,1,17,0,51,5,2,0,93.53487486413692,Other,1000+,3,1,0
B2B04920,0,99,37,28,12,146,5,3,3,84.65735383650586,Other,1-10,2,1,0
B2B04921,0,199,1,28,0,35,5,4,2,75.48782532213109,Finance,51-200,2,1,0
B2B04922,0,499,10,19,13,405,5,4,0,71.17912501971311,Retail,1000+,2,1,0
B2B04923,0,499,22,25,10,52,50,21,1,73.79563101635893,Finance,201-1000,1,1,0
B2B04924,1,999,17,19,4,519,5,4,1,57.156120333574755,Technology,51-200,3,0,0
B2B04925,0,99,13,21,2,231,50,34,1,88.24626587477637,Retail,1-10,3,1,0
B2B04926,0,199,3,21,19,513,25,14,0,93.76339026985005,Retail,1-10,3,1,0
B2B04927,1,99,8,18,3,218,5,3,4,61.883232457835014,Retail,11-50,1,1,0
B2B04928,1,999,4,29,0,72,50,24,0,95.3246081650788,Healthcare,201-1000,1,1,0
B2B04929,1,4999,14,20,11,39,50,36,0,79.25587244829704,Retail,201-1000,3,1,0
B2B04930,0,999,4,27,4,28,5,2,1,89.66560214901085,Other,51-200,2,1,0
B2B04931,0,199,9,27,0,407,100,97,1,64.7136331066467,Retail,51-200,1,0,0
B2B04932,0,4999,14,24,4,139,10,4,4,71.0121537304582,Healthcare,11-50,6,1,1
B2B04933,0,499,6,25,5,24,5,2,3,60.52785730445227,Technology,11-50,0,1,0
B2B04934,0,1999,6,29,5,6776,10,8,0,82.50742370802608,Technology,11-50,2,1,0
B2B04935,1,99,16,17,0,15,5,3,3,74.72365090423273,Technology,1-10,2,1,0
B2B04936,0,99,33,20,17,78,10,4,1,92.13990989374675,Other,11-50,3,1,0
B2B04937,0,499,7,22,0,76,10,7,0,84.08180587682492,Healthcare,201-1000,2,0,0
B2B04938,0,999,8,22,12,2132,10,6,0,85.58841922939037,Finance,11-50,1,1,0
B2B04939,0,99,19,16,3,4,10,5,1,93.82254655728495,Technology,11-50,4,1,0
B2B04940,0,99,18,11,3,250,10,5,0,82.61290632060876,Healthcare,201-1000,1,1,0
B2B04941,1,99,11,19,7,73,25,11,4,84.25118209953071,Retail,1-10,1,0,0
B2B04942,0,99,11,25,1,704,250,223,1,82.07141040805107,Technology,201-1000,3,0,0
B2B04943,0,999,14,21,5,78,10,4,0,69.62827600220636,Other,11-50,1,1,0
B2B04944,0,999,13,21,3,90,5,4,2,61.598221297107294,Healthcare,1000+,1,1,0
B2B04945,0,499,17,24,1,103,5,2,2,82.82558973482517,Other,51-200,0,1,0
B2B04946,0,199,13,29,10,2,5,4,1,83.91619049818377,Healthcare,1000+,5,1,0
B2B04947,1,99,4,28,9,7519,10,6,1,71.58800870286572,Other,11-50,1,1,0
B2B04948,0,99,2,23,10,791,5,4,3,55.62600974037133,Healthcare,1000+,6,1,0
B2B04949,1,199,12,27,2,2,25,10,1,91.23444696102968,Technology,201-1000,4,1,0
B2B04950,0,99,13,31,4,20,250,173,3,89.66013959354174,Other,11-50,2,1,0
B2B04951,0,199,7,22,5,689,25,18,0,74.28852386522159,Other,11-50,2,0,0
B2B04952,0,999,24,26,26,1997,5,4,1,70.98931476019027,Retail,1-10,4,0,0
B2B04953,0,199,11,18,6,244,5,2,0,64.9139304649028,Healthcare,51-200,2,1,0
B2B04954,0,99,4,20,3,63,50,22,2,65.84216793141543,Other,1-10,2,1,1
B2B04955,1,499,15,34,24,58,10,7,0,82.56928168384886,Other,11-50,1,1,0
B2B04956,0,99,23,37,5,167,50,42,1,73.46508767599413,Retail,1-10,2,1,0
B2B04957,0,99,1,23,6,922,5,2,0,76.42991657933706,Technology,11-50,3,1,0
B2B04958,0,199,16,20,4,119,25,11,4,35.92509632019367,Other,51-200,2,1,0
B2B04959,0,99,29,21,15,10,25,22,0,88.66489960075238,Finance,51-200,2,0,0
B2B04960,0,499,1,22,16,13767,5,3,1,67.06500044152908,Other,1-10,1,1,0
B2B04961,0,199,22,33,0,274,10,7,0,87.82801092380762,Technology,1000+,2,0,0
B2B04962,1,99,1,34,6,229,5,4,1,64.6755691037045,Healthcare,1-10,2,1,0
B2B04963,0,99,14,27,0,1429,10,7,0,60.28631741402219,Technology,1000+,1,0,0
B2B04964,0,199,7,26,7,128,10,9,2,85.53861498078065,Other,51-200,1,1,0
B2B04965,0,999,4,24,0,70,5,3,0,75.19961148441743,Finance,201-1000,0,1,0
B2B04966,0,499,6,27,15,201,5,2,4,93.89403301123723,Finance,51-200,1,1,0
B2B04967,1,999,9,23,0,163,5,4,2,58.1108997897426,Other,51-200,4,1,0
B2B04968,0,199,6,22,6,376,5,3,0,61.19858241930477,Finance,1-10,1,1,0
B2B04969,0,99,19,22,1,103,50,45,4,77.10664782774008,Other,51-200,2,1,0
B2B04970,0,99,27,22,5,79,25,16,5,84.0267008214166,Healthcare,201-1000,1,1,0
B2B04971,1,499,4,26,27,232,5,2,1,93.57729027229242,Healthcare,51-200,6,1,0
B2B04972,0,499,30,17,8,988,10,5,2,98.75088441767628,Finance,51-200,2,1,0
B2B04973,0,99,2,27,6,1169,10,5,2,44.540735957407776,Finance,1000+,3,1,0
B2B04974,0,999,7,30,1,8112,5,4,2,78.42270286742428,Finance,51-200,4,1,0
B2B04975,0,199,26,27,3,25,5,2,0,53.257674430381066,Retail,1000+,4,1,0
B2B04976,0,99,31,21,7,2058,50,28,0,78.53778192133274,Other,11-50,0,1,0
B2B04977,0,4999,10,27,5,1,25,23,0,74.96434395868789,Other,1000+,1,1,0
B2B04978,0,499,11,15,12,171,250,188,2,60.44967636942662,Finance,11-50,2,1,0
B2B04979,1,99,7,23,17,2086,5,4,0,92.11736731307784,Retail,11-50,1,1,0
B2B04980,1,99,5,26,5,18259,10,7,0,59.14938270386142,Healthcare,201-1000,2,1,0
B2B04981,0,999,1,26,2,261,5,3,1,84.72838407380445,Other,1-10,1,1,0
B2B04982,0,1999,23,23,3,2494,5,4,1,86.27201496866589,Retail,11-50,2,1,0
B2B04983,1,199,18,18,2,111,25,10,0,85.37684689385308,Retail,51-200,1,1,0
B2B04984,1,199,3,16,18,1497,5,4,0,82.66642682801528,Technology,11-50,2,1,0
B2B04985,0,99,9,25,7,122,5,3,2,93.56798872061506,Healthcare,11-50,2,1,0
B2B04986,0,499,6,18,2,1,10,9,1,80.45421558845746,Retail,1-10,4,1,0
B2B04987,1,999,13,26,16,142,50,21,3,95.8419515921622,Retail,51-200,2,1,0
B2B04988,0,4999,11,20,15,80,25,21,0,90.35712548507622,Finance,11-50,1,1,0
B2B04989,1,99,6,23,5,241,50,28,2,57.84219337711487,Healthcare,1000+,3,1,0
B2B04990,0,499,20,32,1,136,25,23,1,89.77021743673463,Retail,51-200,3,1,0
B2B04991,0,499,13,25,7,182,10,9,6,89.90985097024893,Technology,51-200,1,0,0
B2B04992,0,99,13,28,3,7,5,4,0,57.23086968875787,Technology,1-10,3,1,0
B2B04993,0,199,5,26,22,1640,5,2,2,74.24238570096978,Retail,1000+,3,0,0
B2B04994,0,499,11,26,0,6,25,21,1,87.6935880640361,Healthcare,11-50,2,0,0
B2B04995,0,99,23,25,3,1036,50,27,0,63.78311793533984,Retail,1-10,1,1,0
B2B04996,0,99,38,16,7,0,250,192,3,83.6736378976168,Retail,11-50,0,1,0
B2B04997,0,999,6,29,12,132,50,49,2,87.64408794063625,Other,51-200,5,1,0
B2B04998,0,999,18,22,4,572,50,36,2,89.95573458153618,Finance,11-50,5,1,0
B2B04999,0,199,2,27,9,27,25,14,0,73.09144039767595,Retail,201-1000,4,1,0
